splus-filters/uJAVA.dat,splus-filters/F0378.dat,splus-filters/F0395.dat,splus-filters/F0410.dat,splus-filters/F0430.dat,splus-filters/gSDSS.dat,splus-filters/F0515.dat,splus-filters/rSDSS.dat,splus-filters/F0660.dat,splus-filters/iSDSS.dat,splus-filters/F0861.dat,splus-filters/zSDSS.dat
2.146422802979514799e+01,2.096972630503188029e+01,2.065638059263326554e+01,2.054995598962766934e+01,2.042190703947130004e+01,2.022358195449029239e+01,2.007853566766819498e+01,1.969576212533409532e+01,1.920646898395588309e+01,1.945745514650173646e+01,1.930738304360114554e+01,1.925651383314506404e+01
1.633959110079880972e+01,1.625382571169681611e+01,1.611381235153214320e+01,1.611353737427888433e+01,1.597199611862603597e+01,1.602503186006279634e+01,1.615998178981720557e+01,1.548127264954200122e+01,1.381142377299991075e+01,1.606037186206688006e+01,1.616581901977190583e+01,1.608222128536063167e+01
1.657874615604614732e+01,1.640334089274886153e+01,1.628682578503315526e+01,1.630873658318904518e+01,1.615907083676436429e+01,1.608978839234351454e+01,1.611062460329735657e+01,1.565700813616895637e+01,1.402206755618701983e+01,1.621562047767548620e+01,1.631244867921106945e+01,1.619140642651018425e+01
1.667823887885618106e+01,1.645779565536766498e+01,1.623384823080279560e+01,1.623227807402723499e+01,1.612106738002011497e+01,1.605769404176165693e+01,1.608507837175877242e+01,1.576780693456300675e+01,1.450195458178615304e+01,1.606084228686341220e+01,1.608588235533519750e+01,1.603215506553335956e+01
1.752467209126172420e+01,1.733987735660057794e+01,1.729355667928936313e+01,1.727887904337594449e+01,1.714319150521149027e+01,1.719509027364851761e+01,1.732882701666391867e+01,1.657967330548634166e+01,1.488943229591783002e+01,1.715109761789727827e+01,1.726203185760665448e+01,1.717191132989479740e+01
1.994182327786930031e+01,1.959913427750799642e+01,1.928969817249465635e+01,1.922498096009761781e+01,1.904642675756646497e+01,1.879814207539804727e+01,1.863882925437915006e+01,1.817674573446204178e+01,1.687810965764262860e+01,1.822360245277523916e+01,1.812044215088424082e+01,1.802361322242434483e+01
2.102723114319786291e+01,2.052674746028772645e+01,2.030166336971815255e+01,2.017957786108094353e+01,1.996267336058456010e+01,1.970130668240122418e+01,1.956868392522875766e+01,1.878787213944826462e+01,1.752882751683578633e+01,1.871059567726333484e+01,1.855081531649326720e+01,1.844308462860711018e+01
1.418171422923794900e+01,1.411865174401988021e+01,1.393330045135167872e+01,1.398496968365968307e+01,1.379153514617956056e+01,1.371916349532929580e+01,1.394455957450652228e+01,1.330352562481098211e+01,1.164660319711331660e+01,1.399071456757144993e+01,1.412215251294151308e+01,1.399369662579421281e+01
2.114867588124706899e+01,2.066409530782613402e+01,2.036112040633737408e+01,2.023562154074254238e+01,2.005979384134467836e+01,1.979418772172493135e+01,1.962271462976808678e+01,1.903549968227263278e+01,1.823179979727696676e+01,1.877826624056528715e+01,1.859312072060766852e+01,1.851001637072180017e+01
1.817192273332284103e+01,1.797603379139556878e+01,1.773497264430398346e+01,1.773262020645800874e+01,1.759900430413659222e+01,1.746763048742628399e+01,1.740535859539420116e+01,1.709110701187218595e+01,1.567616454964852046e+01,1.741054242861350332e+01,1.742991405452656650e+01,1.734879772175113999e+01
1.637231102433404217e+01,1.625270784827685233e+01,1.604050892818684204e+01,1.603876752797641814e+01,1.583794797805087562e+01,1.576808646496605881e+01,1.585649484273167253e+01,1.512109968556579709e+01,1.345120346532547195e+01,1.566162324810807682e+01,1.572132743720876569e+01,1.560014117440070258e+01
1.691591495269224410e+01,1.662847369514186724e+01,1.642542326539948405e+01,1.639172860594476333e+01,1.623712559514513742e+01,1.608511688966363806e+01,1.611178389362150298e+01,1.558804807336948706e+01,1.431868805214354445e+01,1.577877095862619505e+01,1.574287021874993719e+01,1.565507729731115738e+01
1.512199711105583511e+01,1.493013063628527171e+01,1.475720568383230535e+01,1.477088628901554834e+01,1.463549778948653390e+01,1.453142657041359165e+01,1.464047206755276598e+01,1.421254467654754627e+01,1.283492938963510177e+01,1.460214420711844774e+01,1.465166510386048948e+01,1.456239460972731159e+01
1.870053399006804185e+01,1.848822992531806975e+01,1.826617729752166142e+01,1.824489099337850462e+01,1.802101974060001766e+01,1.783069460232319159e+01,1.774803974947646523e+01,1.706615768953615841e+01,1.532182764550799625e+01,1.754384724367496773e+01,1.757059627388661838e+01,1.740511887165732219e+01
1.420595387289847089e+01,1.412116443638555729e+01,1.404777786461771605e+01,1.405993361581153600e+01,1.386505684827679197e+01,1.392068844510128933e+01,1.412908499418725405e+01,1.323763340336487637e+01,1.155378157173544373e+01,1.390568783475902670e+01,1.403186538570806796e+01,1.392068777506388777e+01
1.691333558725446906e+01,1.672595384351130932e+01,1.659985531697167360e+01,1.662159472736427546e+01,1.650950594105378855e+01,1.647633485121870223e+01,1.647251548909197894e+01,1.616152309400336051e+01,1.461026544639925540e+01,1.667537530085853348e+01,1.677789724064259147e+01,1.668800444077344736e+01
1.754052115882425866e+01,1.734690534905654502e+01,1.718177718691825007e+01,1.718669000097128929e+01,1.704661635102708317e+01,1.695780486333515569e+01,1.690257414944044356e+01,1.650890763016492357e+01,1.491550407297330061e+01,1.696992971233606795e+01,1.703384172625588278e+01,1.692646497902181579e+01
1.819402413540361962e+01,1.793256711813194570e+01,1.771692465947761619e+01,1.770678855718570333e+01,1.760813315573079052e+01,1.754863865725339878e+01,1.752121621886260172e+01,1.726585968808206317e+01,1.602335213270584191e+01,1.752456388754958283e+01,1.754157614196759241e+01,1.749012304242176441e+01
1.677522659629385160e+01,1.654436916733542162e+01,1.649118461712191319e+01,1.647839615593937879e+01,1.634575420235214693e+01,1.637927694724749017e+01,1.648888330397209856e+01,1.583240631315814717e+01,1.431991379009865462e+01,1.630233477840448586e+01,1.638053368583576130e+01,1.631017603675023508e+01
1.585022729178083445e+01,1.565769996904377059e+01,1.550127280895582693e+01,1.551630670006509938e+01,1.538855583315137032e+01,1.531409100243901911e+01,1.539596206793782507e+01,1.499596482151581434e+01,1.358427639968796719e+01,1.541402092831623172e+01,1.547521273154465327e+01,1.538944121086449535e+01
2.117294798658889121e+01,2.083652985543370662e+01,2.058880179624265239e+01,2.049095267243450991e+01,2.027374766380236082e+01,2.009820180408561896e+01,2.002575747273703755e+01,1.912970551325270563e+01,1.757813511469664647e+01,1.927127580767882620e+01,1.917704198649599689e+01,1.906062830699427479e+01
2.122191540517885855e+01,2.088081234895311766e+01,2.050132696886248240e+01,2.041227467159018261e+01,2.019595842134938835e+01,1.995429403238107824e+01,1.979440332565598837e+01,1.911705314198969674e+01,1.765712919953549331e+01,1.918232057677678881e+01,1.905825003959197872e+01,1.895641134429490648e+01
1.707367638208005545e+01,1.680836744580816955e+01,1.677652109589525864e+01,1.677441007154080665e+01,1.666367143131041928e+01,1.667241189440647986e+01,1.673672890751221232e+01,1.624838986623168680e+01,1.476363292751065792e+01,1.669516373856571789e+01,1.677537337945063811e+01,1.670151957715641799e+01
1.898629835508803509e+01,1.864836342041560258e+01,1.851591166173512804e+01,1.845916596672677201e+01,1.822857029020124742e+01,1.804768259609325298e+01,1.802152231609583666e+01,1.715728535029410651e+01,1.553698203884394680e+01,1.747077029405979687e+01,1.743293065611043957e+01,1.728499769519404339e+01
2.314829710711142141e+01,2.272005645202306212e+01,2.234293450145079518e+01,2.221769458484209991e+01,2.199734351130441468e+01,2.171147177590171395e+01,2.152755602028804205e+01,2.080587961048304990e+01,1.951170043396394149e+01,2.069648463016471140e+01,2.052280661698700115e+01,2.041758201668833550e+01
1.717746464781261651e+01,1.708138453851829652e+01,1.683677818786243208e+01,1.684296613932230713e+01,1.668168736804425833e+01,1.661922711576612244e+01,1.662672357705847404e+01,1.611551259748737053e+01,1.446237943994462150e+01,1.664145987665030901e+01,1.671001194071469698e+01,1.660915605685241303e+01
1.885705484403081655e+01,1.843611369731961602e+01,1.812856275968399800e+01,1.806833533229955435e+01,1.798888882250215460e+01,1.788670844973340479e+01,1.781191886059906082e+01,1.764683620382362861e+01,1.714459751996141179e+01,1.759672401385871865e+01,1.754248987141259519e+01,1.751912104704467765e+01
1.730270927491719490e+01,1.709472156975068557e+01,1.694397994216501857e+01,1.694154314882422341e+01,1.683771829673172959e+01,1.683857341521789408e+01,1.687952044851297373e+01,1.649738484161595053e+01,1.507699425044623531e+01,1.689559297097049750e+01,1.695951321635171993e+01,1.690152882768206410e+01
1.713236466151231596e+01,1.705348527663250380e+01,1.682353230637948016e+01,1.686451400722545912e+01,1.673416972246036494e+01,1.665053343150130161e+01,1.654627855151161597e+01,1.634835035064208952e+01,1.466807091562796650e+01,1.695171801047509064e+01,1.706974019215370575e+01,1.696305242029498572e+01
1.911181340927211991e+01,1.887431213033135080e+01,1.862818644054428674e+01,1.860603098641394837e+01,1.845651319805127599e+01,1.832497028074498502e+01,1.823081792432717307e+01,1.783344994665697314e+01,1.635769818698305400e+01,1.813190407857600661e+01,1.813409001075408966e+01,1.804522961953728100e+01
1.685815829197822424e+01,1.657922664994039152e+01,1.660256616110829597e+01,1.658247687416031368e+01,1.642131873803365494e+01,1.643053666538128255e+01,1.653714993745899520e+01,1.572028356922943182e+01,1.410066806938181294e+01,1.624977045734304681e+01,1.633928910718744376e+01,1.623324176517450468e+01
1.704676264299667920e+01,1.690489600872708209e+01,1.672183538587268359e+01,1.674871879592187440e+01,1.664417777615760485e+01,1.659344476037190930e+01,1.652388457087338125e+01,1.631846581441503830e+01,1.476034023553961028e+01,1.681821131083637511e+01,1.691448629004630888e+01,1.682930687849645324e+01
1.594156517211691160e+01,1.569510813056857224e+01,1.562801022788538496e+01,1.561925392930765888e+01,1.553784942679025072e+01,1.558167875481326625e+01,1.566935150247513242e+01,1.524541623753855113e+01,1.399377088997040808e+01,1.560061330021961901e+01,1.566296465727060117e+01,1.562751209036063038e+01
1.809279394623613157e+01,1.783409306956127338e+01,1.767022402838732020e+01,1.762557835131187289e+01,1.749159716323421776e+01,1.746019195645975230e+01,1.748837247966052288e+01,1.688809581397361015e+01,1.554814393224050839e+01,1.714666361012570661e+01,1.714693579642149857e+01,1.708706987857538451e+01
2.285534454061807352e+01,2.230966021968393775e+01,2.193306581982505676e+01,2.178063701699658594e+01,2.155767335118913053e+01,2.120790862430984447e+01,2.099822590268942335e+01,2.028084258652520688e+01,1.927001887325647900e+01,1.999066834793482883e+01,1.976703939930805021e+01,1.966190060632334280e+01
1.834275608607138608e+01,1.795499592028892621e+01,1.769079716063789576e+01,1.764549637129304216e+01,1.757438244294848317e+01,1.748954888563905996e+01,1.743622558568108261e+01,1.727890560872863901e+01,1.671628909348415348e+01,1.726855415976360320e+01,1.723098342344525591e+01,1.720843503881886249e+01
1.715863942542192078e+01,1.705355194843062705e+01,1.685102482878157915e+01,1.685709840358645550e+01,1.670615093557660913e+01,1.667678817173910488e+01,1.671269865437692559e+01,1.618510380055602482e+01,1.454020454170532339e+01,1.671858484324688732e+01,1.679758853646556460e+01,1.670147947064915428e+01
1.681841608805175170e+01,1.664344666997739708e+01,1.640608429960969872e+01,1.641410009761468558e+01,1.619757335907753770e+01,1.601361198386243245e+01,1.606468657479524254e+01,1.543142674526056801e+01,1.379166173879754531e+01,1.591706524716213345e+01,1.595321369229918851e+01,1.581274102155096095e+01
1.792554117732263208e+01,1.759368840247882204e+01,1.740455268638600117e+01,1.736965917189045427e+01,1.726401469299955238e+01,1.718071967053450066e+01,1.715425435488993955e+01,1.680996471969192285e+01,1.572243185047506309e+01,1.694745310498799284e+01,1.692761054412232724e+01,1.687670559838429085e+01
1.745877479217697115e+01,1.726603328238789103e+01,1.708529331033470910e+01,1.708078232905382521e+01,1.700978295889369463e+01,1.703454402780590726e+01,1.708874937725885346e+01,1.680371815902805466e+01,1.560840020220419611e+01,1.711476971713778994e+01,1.717256884753956214e+01,1.714045476677412694e+01
1.864922501489305162e+01,1.835397800085254616e+01,1.821837952181541098e+01,1.818094097997041558e+01,1.806825958164315438e+01,1.805050629500119896e+01,1.808016790847671373e+01,1.755983886302447772e+01,1.624385856734896194e+01,1.781989043071772727e+01,1.783141720577969025e+01,1.778080410144258394e+01
1.764370648917804729e+01,1.732416476369010283e+01,1.724301265194067057e+01,1.719953941955116505e+01,1.699036997362956214e+01,1.686830858778921538e+01,1.691097396715052881e+01,1.607346351125150719e+01,1.452776372182494846e+01,1.642074153127737191e+01,1.641135237265374158e+01,1.628266336350566945e+01
1.881620216044244032e+01,1.855621676433997536e+01,1.825685557300159090e+01,1.819244707945006212e+01,1.791547394726606512e+01,1.765109841147994274e+01,1.764281256987551316e+01,1.666604035228086289e+01,1.503413183743288961e+01,1.694210610612510237e+01,1.686400790724331600e+01,1.669848435927614361e+01
1.563152260441303021e+01,1.540843618468925946e+01,1.528713834264313398e+01,1.528218518116734082e+01,1.519924305733524328e+01,1.521860028474813298e+01,1.529902959451319511e+01,1.495413795372374643e+01,1.378032869541331884e+01,1.526813805388646550e+01,1.532040663915565837e+01,1.528238934052698816e+01
1.575538965899714761e+01,1.561502610752484266e+01,1.546753952299111212e+01,1.550112454485085856e+01,1.532738055113786224e+01,1.523220683137856035e+01,1.536470019492525019e+01,1.481028258599885028e+01,1.319555948505002796e+01,1.540418649245694205e+01,1.551163452532771636e+01,1.538004209260411237e+01
2.079806473856518423e+01,2.030290127036429837e+01,2.003872196271668926e+01,1.991847380103178722e+01,1.972376647057796362e+01,1.950310627956090315e+01,1.937768368872923830e+01,1.865536875297762620e+01,1.751819888092390798e+01,1.854872485284095518e+01,1.839447604866920116e+01,1.831075724087367718e+01
1.638258384760203157e+01,1.608953817557309307e+01,1.598582355331844163e+01,1.596978347574441237e+01,1.588729892434500890e+01,1.589764913906870980e+01,1.594779211001024954e+01,1.559154518823073410e+01,1.447623153622397218e+01,1.585181333558133154e+01,1.588536669874807394e+01,1.585157957075611357e+01
1.796552947114703969e+01,1.786206901636890265e+01,1.759873491463324413e+01,1.763012301533825621e+01,1.749352667036010445e+01,1.738386819355604729e+01,1.726932821906457960e+01,1.707094254953546297e+01,1.545125702762222097e+01,1.758571850488777244e+01,1.766288841002476673e+01,1.756938947361368974e+01
1.646164770020474677e+01,1.627664408238840466e+01,1.607300793727983645e+01,1.606637756055472011e+01,1.595500936102679468e+01,1.594464649982351823e+01,1.600703716701665869e+01,1.558575066085495742e+01,1.425352270868987326e+01,1.593588362657247437e+01,1.597968065510792179e+01,1.592685574322708497e+01
1.624910414258244273e+01,1.608017911144809275e+01,1.584665519428635783e+01,1.583768232262448628e+01,1.564828214072809764e+01,1.557003994789503132e+01,1.567446081568547278e+01,1.497570115940396285e+01,1.344699207779761174e+01,1.540778714117926818e+01,1.543467559323498683e+01,1.533775030654439142e+01
1.551058353260906308e+01,1.537980137500967182e+01,1.529358184878763360e+01,1.530259532640548592e+01,1.515055272289992239e+01,1.520292913804398260e+01,1.536476140152453418e+01,1.465810706148699616e+01,1.303685683518396310e+01,1.525537207342772028e+01,1.536981028556709994e+01,1.528222699022328435e+01
1.752144088470258865e+01,1.727887576169232275e+01,1.710239146174198410e+01,1.710273051338725026e+01,1.699638463797161592e+01,1.694020454485855964e+01,1.690933870351256374e+01,1.664071844201597017e+01,1.525946558811674869e+01,1.698720733781235026e+01,1.702744917919347145e+01,1.696059797717147433e+01
1.808394525747309345e+01,1.772211064972871597e+01,1.752673632186468566e+01,1.748625688641271125e+01,1.739796969565086471e+01,1.736531621248310842e+01,1.736119467261504568e+01,1.702516511478226491e+01,1.604795540322762193e+01,1.713916031174216670e+01,1.712195651495017401e+01,1.709249834484104724e+01
1.738250999571835465e+01,1.725693045593883213e+01,1.709050422804294200e+01,1.706695678154894580e+01,1.687542913160424973e+01,1.685084272148827722e+01,1.692449583167431726e+01,1.609517818946644141e+01,1.435458098871432675e+01,1.663861458524544190e+01,1.670289684154954202e+01,1.658264416097496508e+01
1.981370567146222683e+01,1.938786478802525792e+01,1.922974808913155087e+01,1.913488020275104873e+01,1.889965531220861550e+01,1.868163553815259093e+01,1.862363664373581074e+01,1.771521962761640268e+01,1.626962117080904235e+01,1.782787746296111919e+01,1.772285412832910012e+01,1.759454294540167041e+01
1.934894438413654072e+01,1.904912968397593787e+01,1.879263855971136010e+01,1.875222041707364440e+01,1.864137691047442758e+01,1.850897163571266191e+01,1.838893381993821308e+01,1.811571228775558140e+01,1.704035442729804473e+01,1.818185926642176753e+01,1.813465508611237098e+01,1.807886582752966120e+01
1.732327998044693018e+01,1.713433956198580788e+01,1.697085976027464582e+01,1.698592150891126806e+01,1.684821557425193816e+01,1.677508874529697636e+01,1.676417152013886280e+01,1.638863233989208723e+01,1.482314884365281848e+01,1.687082510139727276e+01,1.694361003901448370e+01,1.684528574054643713e+01
1.731130996237642350e+01,1.717190405016680543e+01,1.693376587342023853e+01,1.694546342423628715e+01,1.684048490196058623e+01,1.681186953803771189e+01,1.682197218182671250e+01,1.653494529145728009e+01,1.511661342221170123e+01,1.694648238524779771e+01,1.701234678313584325e+01,1.695759327318645404e+01
1.971017952591028077e+01,1.941327038824637796e+01,1.910915438566664548e+01,1.905317688482417537e+01,1.883648347528749412e+01,1.859775280975856759e+01,1.852558382033125994e+01,1.785121184889962009e+01,1.636916810968244462e+01,1.803764199573114979e+01,1.796125325469482092e+01,1.784342409965995557e+01
1.685651987913552929e+01,1.665012084099985046e+01,1.658425643020052931e+01,1.656663642144677340e+01,1.642026003058029460e+01,1.645691386262738831e+01,1.657900870637596213e+01,1.583817977860121751e+01,1.425436915930345272e+01,1.634882462616557319e+01,1.643485723271477283e+01,1.635526414527379302e+01
1.780546330342473382e+01,1.765192467440323654e+01,1.736723266439238600e+01,1.735496833387775695e+01,1.711662574255657177e+01,1.692766753588682604e+01,1.694581844100559564e+01,1.620848575807919545e+01,1.452724523178120997e+01,1.666664138917034421e+01,1.667383303940168915e+01,1.653295601459743125e+01
1.960120139528635619e+01,1.929910070682808154e+01,1.898970741317340938e+01,1.895100168993236878e+01,1.881006543549909082e+01,1.864358701970508747e+01,1.850859451836933189e+01,1.821174082601118371e+01,1.693630515146621818e+01,1.836154145633267376e+01,1.832071641879978685e+01,1.825072853990516819e+01
1.870203581796354442e+01,1.816631522369079832e+01,1.785644192313177925e+01,1.777195427383674087e+01,1.768294586149676917e+01,1.754920491995362397e+01,1.744268220528496371e+01,1.721265900086933343e+01,1.699910523565569420e+01,1.703632916543231346e+01,1.693867040011818759e+01,1.691253692793172547e+01
1.476959797277646125e+01,1.459590958103377467e+01,1.456708440926920822e+01,1.459144621833670463e+01,1.444453404877322633e+01,1.448563179482677832e+01,1.466474309248583729e+01,1.401509963079138466e+01,1.242662043111605819e+01,1.463961408508374795e+01,1.477456910790346178e+01,1.467963956241177748e+01
1.726495221890847276e+01,1.717871654197650955e+01,1.702785208325552091e+01,1.700319353902827402e+01,1.684794560672629160e+01,1.689637422954161394e+01,1.704609675701153648e+01,1.619530643013630211e+01,1.448941136048169831e+01,1.675572738069474354e+01,1.685364664339673269e+01,1.676254158787672566e+01
2.093487299755759423e+01,2.032312174294196794e+01,1.998211940769608574e+01,1.980407436378032315e+01,1.960374528477223066e+01,1.925567124957920129e+01,1.903858031818689156e+01,1.836273253570677255e+01,1.771693807466328607e+01,1.796402739110133240e+01,1.772535758485959789e+01,1.763506810054479246e+01
1.793217290228186656e+01,1.764720168661974142e+01,1.747681337049477790e+01,1.744520220107757069e+01,1.721730333188507700e+01,1.701892255487581451e+01,1.705126473613404059e+01,1.624962882000194853e+01,1.464926999757514814e+01,1.662518204890059081e+01,1.661912485809525819e+01,1.646234572469465007e+01
2.047521635659544259e+01,2.015724735468198148e+01,1.982644557113117045e+01,1.977314529901077123e+01,1.962463822963455584e+01,1.942900193839304990e+01,1.925007932837342040e+01,1.893585058041405134e+01,1.768791061189680747e+01,1.901359742280644127e+01,1.894121181556102229e+01,1.886782102338199252e+01
1.764557603109618000e+01,1.731867558310386457e+01,1.706764502911903847e+01,1.703975229428129268e+01,1.696656832229536604e+01,1.691395608221422009e+01,1.689570543332133568e+01,1.671527425850272053e+01,1.590748928510119420e+01,1.681111873681334146e+01,1.679982544866749450e+01,1.677567898416326386e+01
2.117301558330187916e+01,2.067573317113293641e+01,2.034076672454093071e+01,2.022946767713264649e+01,2.008112576196074173e+01,1.985693708340687635e+01,1.969949271704369309e+01,1.925393763073934750e+01,1.860888344577467635e+01,1.902143338181681997e+01,1.886757268393035147e+01,1.880847861880368299e+01
1.555426356483357786e+01,1.531036587938587878e+01,1.524574509158775903e+01,1.524237591604190634e+01,1.498664126360013960e+01,1.484914051912833877e+01,1.501051512195998505e+01,1.400622765934890346e+01,1.228281717366005132e+01,1.461526186173980157e+01,1.470126784178892798e+01,1.450121750419240207e+01
2.047411021015495081e+01,2.001193334461040152e+01,1.976753644128377729e+01,1.966716354403850175e+01,1.950341936787787489e+01,1.932464141835177429e+01,1.921761638960676422e+01,1.860033373913138988e+01,1.754693576408314826e+01,1.853120076142531047e+01,1.840958090270236269e+01,1.834142099592754960e+01
1.926426282250114141e+01,1.884609413895602259e+01,1.863587191485095573e+01,1.856994213287572393e+01,1.847127171244174093e+01,1.837458301974992025e+01,1.830958102648822106e+01,1.796758426923871710e+01,1.717672501886223912e+01,1.793477214383082696e+01,1.786125041105549727e+01,1.782269458045620780e+01
1.570452829793164717e+01,1.550260658436933348e+01,1.548109824203223361e+01,1.548728365974653620e+01,1.534474521239400069e+01,1.539142012452604114e+01,1.554221086601791946e+01,1.487074314068640923e+01,1.333784850020207280e+01,1.541886497408390788e+01,1.552316074881685104e+01,1.544257526866389263e+01
1.888034351623548091e+01,1.867302770551423308e+01,1.856348700338181956e+01,1.852096190311753077e+01,1.834978500774256105e+01,1.834715545376012358e+01,1.844080142067250350e+01,1.756338484565111813e+01,1.589975943721307949e+01,1.803883421337314275e+01,1.809633695506274975e+01,1.799829671425239042e+01
1.970775884144282841e+01,1.945448854019589291e+01,1.912185912851199632e+01,1.908854775360219236e+01,1.885173807316915173e+01,1.854908221290099846e+01,1.838081068502307502e+01,1.781827143659427648e+01,1.617212131999076874e+01,1.812042752405168500e+01,1.807254009513806992e+01,1.792545862155252223e+01
1.902919751906351209e+01,1.877435527879735488e+01,1.847007011057712234e+01,1.842762100061049324e+01,1.827357520414687286e+01,1.813605056394982284e+01,1.805655120859610108e+01,1.761792988313460384e+01,1.626054392142854610e+01,1.780633493611088625e+01,1.776518122458334048e+01,1.769234137090502657e+01
1.542297006679773297e+01,1.530030311568850188e+01,1.515265086066875178e+01,1.519124418715669655e+01,1.504878617600465240e+01,1.500371240955304408e+01,1.514302893405018047e+01,1.467658452263928304e+01,1.312097209091770544e+01,1.526141380959754024e+01,1.537872329921501269e+01,1.527685527303060375e+01
1.977879392154438776e+01,1.934979608426563757e+01,1.907129617987090242e+01,1.900467665088682878e+01,1.889709018672451890e+01,1.875637817910109817e+01,1.865098332611822585e+01,1.835737909953857994e+01,1.763104838475481628e+01,1.827880523991390049e+01,1.819257265174942617e+01,1.815060511296581325e+01
1.748615340763641157e+01,1.733450609763135120e+01,1.725036501404700218e+01,1.724963576965858891e+01,1.711099366468503291e+01,1.715108538954260808e+01,1.726366703145039239e+01,1.660135674864620725e+01,1.492539788679494173e+01,1.718053104965319022e+01,1.728921135331762926e+01,1.719831707736193493e+01
1.828536746177127625e+01,1.797056035364638760e+01,1.770861226212890571e+01,1.764297009997472543e+01,1.741951642275517287e+01,1.720044839387928448e+01,1.719166836183997660e+01,1.639465035487820543e+01,1.496085736325592741e+01,1.656633795888872385e+01,1.648645858994234104e+01,1.636489283029682440e+01
1.928036971803378563e+01,1.900790162219334789e+01,1.877757851096344766e+01,1.870203159270648996e+01,1.846855006710765679e+01,1.831310136786905218e+01,1.829310846464054308e+01,1.735073688924758173e+01,1.575319154074408523e+01,1.760782212119688239e+01,1.754582105355494903e+01,1.741710281929381665e+01
1.937890820393163338e+01,1.884706649045068261e+01,1.851797206992010913e+01,1.842915533489625091e+01,1.831732824157602124e+01,1.814882255217895590e+01,1.802901918113845525e+01,1.773814179957239290e+01,1.725790339478870905e+01,1.757327879004209592e+01,1.746490777913937720e+01,1.742788530161262628e+01
1.850173989466044233e+01,1.823061449600237083e+01,1.816967777501094972e+01,1.815734216046467253e+01,1.804437892952984868e+01,1.804295936963988112e+01,1.807077423449933562e+01,1.759651761360401068e+01,1.607498194958504811e+01,1.802033427743553062e+01,1.808357741465492197e+01,1.800903253862099973e+01
1.732864714066738898e+01,1.708969512224550513e+01,1.694870117283800326e+01,1.694196177752884580e+01,1.688127798681095726e+01,1.690673424560624483e+01,1.695603170875460464e+01,1.669351981284438224e+01,1.560258579105700427e+01,1.695739290863934201e+01,1.700752337999155728e+01,1.698234897901185292e+01
1.918590701198891324e+01,1.890853160235284847e+01,1.869328616688246214e+01,1.864840772444939176e+01,1.840321937941875063e+01,1.818737780997001607e+01,1.812608722746912449e+01,1.729589895416425449e+01,1.558345099388560762e+01,1.769230264477975112e+01,1.768189952657506936e+01,1.750978702699307377e+01
1.616047342283176746e+01,1.595053057520643058e+01,1.589306470152430428e+01,1.588309483533888589e+01,1.572116089496723212e+01,1.573060520983853472e+01,1.584830197408910557e+01,1.511086245991416810e+01,1.357268076100970866e+01,1.559375704711496802e+01,1.566151928988279884e+01,1.557239725405020003e+01
1.737873595202537658e+01,1.716159819103075179e+01,1.704518893358731546e+01,1.701672871757770622e+01,1.685395625903206707e+01,1.683374110553010183e+01,1.690552782609913507e+01,1.616245169244298907e+01,1.462816084359942614e+01,1.657313167051755443e+01,1.661232317716872942e+01,1.652280030584545045e+01
1.519876948237777903e+01,1.503520351591324022e+01,1.486126556751914940e+01,1.488020275069469811e+01,1.476078185926123432e+01,1.473573514831735132e+01,1.485881299924627719e+01,1.444494507669868177e+01,1.306956648393401288e+01,1.487498482330424387e+01,1.494352241451222518e+01,1.487937377807260297e+01
1.901915576532475782e+01,1.867538912571276555e+01,1.840059806812483956e+01,1.835362441433430547e+01,1.823058333917145291e+01,1.813515120707216255e+01,1.809948067470471855e+01,1.770088442233651094e+01,1.661642100176080916e+01,1.779529893201546287e+01,1.775020502225580188e+01,1.770339685940001573e+01
1.776706486530052942e+01,1.759137159811571038e+01,1.743640265658763511e+01,1.743230556940469000e+01,1.734033395248407317e+01,1.737504218297040381e+01,1.745139042152449704e+01,1.702768061592129456e+01,1.561815855008200238e+01,1.743289746994292955e+01,1.750722298320066628e+01,1.745895210781334583e+01
1.778954618643523489e+01,1.752149555309679485e+01,1.742232231469470705e+01,1.739984580053450003e+01,1.727674285281872102e+01,1.728401188198494509e+01,1.735076867516213994e+01,1.676122032134092521e+01,1.529639858801698615e+01,1.714920599666948675e+01,1.720099178365923720e+01,1.713695792175359145e+01
1.683661829382888797e+01,1.662427629232146487e+01,1.662000278757252048e+01,1.661307836211252464e+01,1.643282348100465384e+01,1.644541490810645712e+01,1.655472379246757342e+01,1.569652861416074252e+01,1.389048440624242353e+01,1.638650824955499274e+01,1.653164231962415798e+01,1.638652760225144789e+01
1.779969138344165813e+01,1.734354930788909499e+01,1.709761003949239822e+01,1.703123354693004643e+01,1.694242840285709661e+01,1.685027859687254193e+01,1.678823165602800671e+01,1.651654417706767575e+01,1.590776687371559639e+01,1.647083287882460212e+01,1.640981442337362850e+01,1.638243940311658520e+01
2.077695925671825350e+01,2.046116565360940953e+01,2.010765885995690283e+01,2.003242317292900054e+01,1.973811549961769884e+01,1.936817510429981581e+01,1.925445560979980186e+01,1.836333839978978588e+01,1.671634944794991284e+01,1.855792636859182210e+01,1.844073167622461185e+01,1.826012883839163692e+01
1.987376649608944845e+01,1.963434820891238886e+01,1.930014940018545033e+01,1.925845005470960558e+01,1.902128601355068582e+01,1.874709890718219185e+01,1.860509382314341664e+01,1.798142790499122512e+01,1.633861266243798482e+01,1.827851998873035910e+01,1.822729469885118547e+01,1.808634716584774793e+01
1.854049045757694714e+01,1.816461034976492428e+01,1.796046120702565574e+01,1.788013107842535732e+01,1.769416980774195025e+01,1.756062226350946531e+01,1.751393307472035943e+01,1.676765564541733866e+01,1.545148857419606436e+01,1.687497864873920150e+01,1.679552622293102004e+01,1.671202367731998351e+01
1.899828929991518223e+01,1.873931720055442796e+01,1.847409080317687469e+01,1.844682513024905290e+01,1.831709525237317848e+01,1.815763800077476020e+01,1.805215321380611115e+01,1.776038730202205684e+01,1.650838159483484091e+01,1.792591051927471568e+01,1.789806421349336674e+01,1.782668294484479787e+01
1.819129284893778831e+01,1.789408282633601388e+01,1.785686372629311691e+01,1.783444434079143548e+01,1.770274959055380748e+01,1.770861123836456130e+01,1.777303649547975439e+01,1.715265846933641214e+01,1.559951632381722852e+01,1.758245872834542212e+01,1.763823668686703527e+01,1.756116119631617778e+01
2.039015793344247740e+01,1.989044635857856136e+01,1.964490743113552540e+01,1.951954575502752220e+01,1.933402385054317563e+01,1.909038701299862595e+01,1.894362164574544849e+01,1.824947017293711937e+01,1.726345490417302031e+01,1.807561915690011745e+01,1.790182296598709755e+01,1.781559765443667231e+01
1.787658106712091310e+01,1.751336234162870298e+01,1.726962124822597033e+01,1.722098201527204253e+01,1.713958367239931846e+01,1.703763895417151275e+01,1.697113485835146562e+01,1.676509386821865277e+01,1.623020439087285283e+01,1.671408798016647523e+01,1.665480881961012116e+01,1.662636784053477612e+01
1.772247747169165777e+01,1.734381368698522508e+01,1.710603341684985068e+01,1.706841330492274977e+01,1.701738011905773362e+01,1.696889985605938023e+01,1.693602015100459468e+01,1.682730126875114607e+01,1.643588588687715557e+01,1.682083777688106352e+01,1.679655154309711307e+01,1.678433765134663247e+01
1.619829259739340088e+01,1.614721735096041400e+01,1.595547935684975904e+01,1.597099735809690024e+01,1.578562356809800882e+01,1.576209674658254123e+01,1.585777182458235224e+01,1.517160513665443666e+01,1.342693501496526132e+01,1.582613506123602143e+01,1.593683809229421833e+01,1.581233925701132215e+01
1.937838025589784863e+01,1.895538503560775112e+01,1.867809201021740861e+01,1.862652466519559624e+01,1.856085616824380224e+01,1.848087110224674490e+01,1.840911387355972195e+01,1.827130157010862277e+01,1.812279773816171158e+01,1.816252892036782640e+01,1.810078169182427033e+01,1.808530376870136536e+01
1.996706472733054838e+01,1.960936800314642525e+01,1.945101203588691519e+01,1.938410377785839955e+01,1.912309423348099102e+01,1.886618062465222323e+01,1.879872589371287361e+01,1.788379664195985796e+01,1.621413521647592049e+01,1.818306214443419577e+01,1.812717242355777714e+01,1.794380085487135545e+01
1.862036155959607342e+01,1.818916030073166823e+01,1.792230228913485846e+01,1.785162947142308809e+01,1.775154749157317724e+01,1.762832329752473015e+01,1.754354136053281721e+01,1.725502082001287718e+01,1.661347682284821659e+01,1.717696946971937422e+01,1.709778562318329520e+01,1.706101967029698585e+01
1.753110809079788268e+01,1.734019588799887757e+01,1.715481440770480148e+01,1.716950166117296561e+01,1.704215287648852239e+01,1.696167441576740487e+01,1.691213456351303890e+01,1.661428183929900726e+01,1.507787571136833016e+01,1.706567473328513529e+01,1.713264840253797772e+01,1.704123839198094004e+01
1.960957573214575334e+01,1.927017333550808686e+01,1.905860802977255375e+01,1.900096184283361112e+01,1.881743794181684848e+01,1.864164554571416943e+01,1.853996164039742567e+01,1.793451437370662305e+01,1.645341405133410362e+01,1.812818924451741509e+01,1.806983136004259549e+01,1.796237366094352694e+01
1.966916242352739985e+01,1.935554248475640904e+01,1.917596111816055426e+01,1.910994029497691571e+01,1.888695998466705817e+01,1.871799034617360036e+01,1.866325085939135775e+01,1.780283040747948675e+01,1.615959459002501930e+01,1.810106021104802210e+01,1.806055185553562481e+01,1.792038475700829991e+01
1.751785534203868266e+01,1.721734359752236898e+01,1.713048211844495583e+01,1.710588443800849490e+01,1.699792314869624477e+01,1.697695393681998155e+01,1.700883303616060616e+01,1.654868661633744509e+01,1.525417654945902690e+01,1.682736330455139040e+01,1.684611128993604368e+01,1.678943155044144930e+01
1.811954718944982190e+01,1.768649847162447131e+01,1.746490509934018220e+01,1.738212946144982141e+01,1.725594077704433005e+01,1.712273437432850898e+01,1.703922230476448973e+01,1.657749896813069412e+01,1.572772451749975353e+01,1.651889790015420800e+01,1.642221793710976030e+01,1.637331553442660947e+01
2.215176939349414553e+01,2.168487487319636742e+01,2.138319054882473225e+01,2.126190204755717872e+01,2.103977261512693531e+01,2.072362913112664984e+01,2.052304085828324176e+01,1.978845735399157846e+01,1.848916511104842542e+01,1.966879448368894145e+01,1.949003254726796897e+01,1.936534363300152961e+01
1.813593348823705398e+01,1.775908881966390496e+01,1.755692701539996747e+01,1.746984456513968809e+01,1.726304499931166703e+01,1.710207549404011473e+01,1.705349325078852374e+01,1.624033827458713475e+01,1.489772808167063012e+01,1.633921646111523529e+01,1.624239979091276709e+01,1.614520349680732636e+01
1.546750174360641417e+01,1.531393312094918890e+01,1.525053941536102009e+01,1.528479313582761812e+01,1.513539622893639880e+01,1.513993104995247130e+01,1.530652712099144885e+01,1.472080061242172810e+01,1.310977319400252306e+01,1.536260742714860861e+01,1.550167749054073063e+01,1.539411622550558967e+01
2.112377742175003092e+01,2.066869198519122719e+01,2.043560547672496241e+01,2.033226687668433641e+01,2.017149138667112140e+01,1.999463279247122216e+01,1.988732475013636147e+01,1.927648696360869351e+01,1.818091684060360436e+01,1.920468990241409557e+01,1.907813016437505738e+01,1.900726970515260206e+01
2.135198528755082137e+01,2.079359217069303511e+01,2.045039552371879310e+01,2.032459842027618890e+01,2.018183743588642187e+01,1.992400335962442171e+01,1.973711421319413617e+01,1.931929275578032801e+01,1.914398007803089641e+01,1.894642627706369353e+01,1.875244739121353987e+01,1.869479527494387128e+01
1.778899168115089324e+01,1.763212325293362781e+01,1.736832774681988312e+01,1.738000421733090661e+01,1.721823319116135309e+01,1.707165133352555841e+01,1.701561947422928611e+01,1.666724330443657109e+01,1.510632005593189042e+01,1.710300316357091788e+01,1.714811244829078518e+01,1.704846021448059901e+01
1.764249167592454981e+01,1.744183148776615511e+01,1.723074837865077669e+01,1.723265984005465157e+01,1.709793288835174252e+01,1.698859478240675003e+01,1.697962167094106789e+01,1.663857700032829356e+01,1.521127677618750518e+01,1.700447707505202999e+01,1.704226592757829550e+01,1.695580454394722381e+01
1.913434993187546596e+01,1.891302394615560800e+01,1.860604493810100379e+01,1.858149513054201662e+01,1.841201763575030981e+01,1.824403672903915208e+01,1.809999848965708580e+01,1.768829482741369574e+01,1.613973315064837166e+01,1.799473136151799224e+01,1.798312376993728279e+01,1.788744401474320966e+01
2.049446252072380403e+01,2.013864068330341084e+01,1.988921510862878606e+01,1.980679892321101931e+01,1.967144009579156716e+01,1.951712899325735862e+01,1.941505324073081695e+01,1.893620457200336560e+01,1.799013113477632331e+01,1.886989348734743288e+01,1.876955898612993323e+01,1.870685054935309921e+01
1.657376854133383048e+01,1.627060165350681942e+01,1.624761544620506371e+01,1.620712293190224784e+01,1.599648648642344106e+01,1.594589110775735286e+01,1.601879284952019944e+01,1.505788369289223461e+01,1.347249961236642157e+01,1.549879307460157030e+01,1.552923429716232029e+01,1.540752591431103546e+01
1.812088529780089985e+01,1.791097715831992687e+01,1.760358220704604904e+01,1.756463560561637394e+01,1.726293008690339548e+01,1.699234224013764560e+01,1.705561792624361672e+01,1.603397312981450185e+01,1.433912800423566303e+01,1.642032539463700402e+01,1.637076745235416197e+01,1.619419524236679564e+01
1.942176420383367130e+01,1.899696796357833151e+01,1.870017622834334148e+01,1.863789375765984602e+01,1.853291764614751713e+01,1.840206261487305284e+01,1.830394422813507660e+01,1.803416567865388132e+01,1.737377893242453197e+01,1.795844771212631485e+01,1.787502773709255521e+01,1.783951592624750049e+01
1.917441066759304746e+01,1.893148441562355444e+01,1.876177852018274805e+01,1.872974579337320478e+01,1.851799969831358794e+01,1.835856405488866727e+01,1.828276899875175943e+01,1.756653641649770137e+01,1.583048371262269605e+01,1.802474688248103973e+01,1.805051147033474379e+01,1.789050743231950946e+01
1.899676694680218603e+01,1.861078308914242641e+01,1.856107193509657449e+01,1.847250631763563433e+01,1.821482904807793801e+01,1.807618297214313685e+01,1.807943794263921333e+01,1.692057118820700978e+01,1.532531246037002326e+01,1.723057224603600446e+01,1.717640503364342308e+01,1.703192530286346340e+01
1.590290757258262211e+01,1.581318123692454414e+01,1.562107985333278926e+01,1.567834769916321669e+01,1.550288424316729241e+01,1.537419313381066921e+01,1.550252363242825204e+01,1.505428089696113325e+01,1.341242255618487356e+01,1.570161789858220480e+01,1.582738722139497334e+01,1.569350947380111982e+01
1.723524351630721796e+01,1.697179115199728372e+01,1.682342187886909457e+01,1.680004059533397509e+01,1.663633657115846631e+01,1.652507766627321928e+01,1.655111394741704700e+01,1.596178661611426186e+01,1.450673239399482561e+01,1.629086160444017395e+01,1.629989316174792791e+01,1.619742240112562115e+01
1.642749169395441200e+01,1.632212987330537501e+01,1.622582362094364683e+01,1.622338022122166734e+01,1.609353175230291555e+01,1.617139567017287050e+01,1.633916330011300388e+01,1.561486908357299974e+01,1.397952366097663379e+01,1.620663156434471830e+01,1.633315906145032059e+01,1.625737940983709251e+01
1.829489036610463515e+01,1.800830192430085575e+01,1.775484438813497334e+01,1.771928286395221619e+01,1.748979049355104110e+01,1.722789231153642220e+01,1.720549984846240577e+01,1.650889507478371243e+01,1.496039800919570872e+01,1.678620529910023862e+01,1.673939628199977037e+01,1.659373704782701964e+01
1.797718953999507718e+01,1.755543318653338858e+01,1.738644526976267102e+01,1.731921158377763703e+01,1.719783086804034156e+01,1.711594970679978189e+01,1.708192843171267228e+01,1.661238576668647582e+01,1.558172090299371781e+01,1.667589580438688301e+01,1.661228060973871479e+01,1.656530146695477157e+01
1.840858173812378951e+01,1.796135605197899920e+01,1.768379967414912457e+01,1.760869801755095665e+01,1.751783811247798184e+01,1.737383757092257497e+01,1.727083826750354589e+01,1.702794449970322077e+01,1.671460903121876740e+01,1.685746670849116668e+01,1.675542046758164005e+01,1.672314439806257269e+01
1.682228199901610211e+01,1.659749310304835390e+01,1.634949246018862468e+01,1.634802388443639387e+01,1.617925632984732687e+01,1.600498632476907801e+01,1.603123539796228059e+01,1.558299490518092689e+01,1.415254910463740323e+01,1.591019155754881176e+01,1.591372099281906749e+01,1.581740431180241835e+01
1.952182776952932741e+01,1.922333055486937425e+01,1.900348258588774897e+01,1.894048249969719677e+01,1.877086861187392230e+01,1.862716327280398332e+01,1.856682198678663909e+01,1.793683879855808172e+01,1.654752620572517330e+01,1.809362420817627282e+01,1.803446431841163999e+01,1.794176439850749460e+01
1.827047535972159764e+01,1.809921029422687511e+01,1.781427411274053796e+01,1.779075407516038609e+01,1.756201622823980557e+01,1.736738591769203310e+01,1.734337942391134035e+01,1.662829356535802461e+01,1.495948401204925382e+01,1.704503979432058713e+01,1.704113181511094055e+01,1.690087495830341169e+01
1.549269530484430568e+01,1.543632166879249645e+01,1.523580709531136712e+01,1.527469051616761497e+01,1.510891590485684866e+01,1.505882211594234654e+01,1.512417576735629332e+01,1.463406105106763455e+01,1.292417530568293138e+01,1.530724137786397954e+01,1.543877030383088744e+01,1.531790745283088562e+01
1.818501305738287854e+01,1.778036817673372028e+01,1.752797112201279006e+01,1.743910266352997951e+01,1.726918818671607170e+01,1.710326971218825776e+01,1.702442014844544715e+01,1.639874062664371834e+01,1.530206535034095516e+01,1.637441022981237637e+01,1.626470150966699535e+01,1.619368424329015710e+01
1.906974054721676382e+01,1.866503661843794148e+01,1.840690356379178994e+01,1.834132084730308776e+01,1.825881936123563776e+01,1.817323177028878689e+01,1.810607746842331878e+01,1.787870998119764820e+01,1.727135186285084600e+01,1.784047192662023207e+01,1.779017104905087976e+01,1.776272235702580105e+01
2.174923165952410997e+01,2.134210510945404948e+01,2.106052091626639466e+01,2.095741577307261139e+01,2.079307695308389015e+01,2.060695528615742944e+01,2.048683182653153168e+01,1.990000174070242522e+01,1.878000607549339307e+01,1.982363604807682833e+01,1.969608038257602445e+01,1.962198311711356524e+01
1.758138711070631999e+01,1.724300348415768624e+01,1.698626484950483118e+01,1.695044006525783686e+01,1.686521746267584376e+01,1.677234527658418983e+01,1.673970254496460441e+01,1.653546993333280923e+01,1.574680511051995957e+01,1.659109630316544326e+01,1.656406361396539850e+01,1.653379365617084318e+01
1.732504101678970088e+01,1.713094197869469681e+01,1.703275419982702132e+01,1.704207652402934769e+01,1.685266342718156807e+01,1.677184431929121899e+01,1.683606080484186762e+01,1.615719560641985098e+01,1.445164249082294283e+01,1.675830020675879695e+01,1.685963211170016152e+01,1.671087981652856058e+01
2.093582607344008650e+01,2.033147401917777941e+01,1.994478534074422882e+01,1.978850042333504433e+01,1.961326439584661330e+01,1.928548416806035704e+01,1.907890688903884424e+01,1.854758211975104487e+01,1.812961050408656760e+01,1.813969133132246014e+01,1.791038113931588427e+01,1.783381751418548333e+01
1.566303262172198352e+01,1.560877326177190305e+01,1.538612813624485831e+01,1.541401108614613058e+01,1.520517256019964059e+01,1.513635661919716391e+01,1.530732672776772496e+01,1.459094640494139306e+01,1.291359151247361758e+01,1.522320270504322615e+01,1.531706303550832793e+01,1.519394868823488842e+01
1.499934038934170566e+01,1.491482885953741722e+01,1.479636141649254633e+01,1.481675364225723790e+01,1.462609524125587335e+01,1.463646854176748313e+01,1.482567035978112990e+01,1.403178131223228498e+01,1.234426005551411443e+01,1.469826704091182812e+01,1.482084544521499403e+01,1.470018920054527278e+01
1.939920377824974551e+01,1.922828052357857942e+01,1.895975157985187920e+01,1.894132254210226307e+01,1.874619826149832846e+01,1.857738758405666601e+01,1.844479269051927517e+01,1.791615346044642720e+01,1.620335888869012209e+01,1.835967297593950320e+01,1.837946191713254862e+01,1.824337358808649867e+01
1.429266611321044600e+01,1.414020295993363341e+01,1.420590047923919919e+01,1.423023213316485247e+01,1.407986973873354763e+01,1.419003396782808402e+01,1.442601672706438798e+01,1.360082935798911485e+01,1.190429214498567667e+01,1.437097806684811552e+01,1.457125837194018381e+01,1.446461651219682487e+01
1.756238285847916458e+01,1.729870820999440539e+01,1.723766321694619208e+01,1.720596071096647961e+01,1.698506770234208574e+01,1.691856991782259456e+01,1.700338413397140513e+01,1.605205484800239546e+01,1.437293086576696233e+01,1.655316464419887268e+01,1.660113221530951577e+01,1.646060068227666306e+01
1.763615116304734798e+01,1.747243918345229829e+01,1.725333864656147043e+01,1.726264691898965253e+01,1.709376843941158342e+01,1.697053783590047260e+01,1.695214105269460347e+01,1.649568398405351033e+01,1.488278296626911334e+01,1.698055948661805559e+01,1.703904000032255439e+01,1.692279237225567101e+01
2.083063859420274255e+01,2.050175531282980401e+01,2.036077948683915295e+01,2.026258334475125622e+01,2.001583377707330413e+01,1.988327759467544098e+01,1.988489933128933629e+01,1.872542390290975689e+01,1.697189451365088431e+01,1.906212504149809916e+01,1.902378951235196425e+01,1.887330265839435839e+01
1.635472722227797604e+01,1.620068947408258353e+01,1.604737846997786122e+01,1.603746992286380646e+01,1.586258270551924987e+01,1.584354905238578759e+01,1.595194582807931205e+01,1.522430011387068483e+01,1.364043642118301314e+01,1.571543793707493641e+01,1.577516695174538519e+01,1.567775537273068487e+01
1.900653002199443975e+01,1.875020194904391602e+01,1.853761995727361622e+01,1.851041021493745831e+01,1.835379673953936930e+01,1.823543888435499127e+01,1.816663135356450809e+01,1.767444076761596605e+01,1.615702027901967952e+01,1.799376468775905380e+01,1.799619207101082097e+01,1.789937806913400209e+01
1.637746998615100935e+01,1.612744193814973315e+01,1.591086045308503039e+01,1.589933417782736846e+01,1.582010078259450658e+01,1.577910564964198947e+01,1.579699995596639361e+01,1.556350681076801301e+01,1.457232498477356764e+01,1.574659488648594241e+01,1.575856037182995273e+01,1.572736992985267612e+01
1.808407078174138505e+01,1.795517924014523814e+01,1.773374533843761114e+01,1.774913525476853238e+01,1.758781001632913643e+01,1.746642243024477636e+01,1.735706119112819223e+01,1.698901723093571903e+01,1.527956322726596206e+01,1.753974259031190996e+01,1.762252153715562386e+01,1.749257042512510907e+01
2.030306994116302022e+01,1.986480787546303262e+01,1.955412018572204502e+01,1.947827860419485546e+01,1.936844152975124445e+01,1.920937614088848733e+01,1.907676967475139307e+01,1.880006863388938498e+01,1.822805948462827175e+01,1.865400473199895259e+01,1.854876965163873237e+01,1.850800199766050014e+01
1.900563648382327742e+01,1.864657661718658588e+01,1.853698609119032525e+01,1.847557542973216016e+01,1.827812465817449095e+01,1.816557844021699708e+01,1.815451216998874528e+01,1.732975611827150786e+01,1.577690146566553331e+01,1.761329066194342374e+01,1.758315563473335530e+01,1.747244059638531866e+01
1.835297758502066401e+01,1.788344597981970807e+01,1.759323541349833775e+01,1.750253992642110035e+01,1.741252120574753803e+01,1.727219175588996336e+01,1.716204816717231196e+01,1.691536537857113487e+01,1.668925360159886750e+01,1.673058735278279840e+01,1.662807518269888973e+01,1.659765392741454093e+01
1.853388051767842981e+01,1.818559823021750432e+01,1.789194187481697540e+01,1.785325162713766645e+01,1.776835477609821368e+01,1.767819627193225784e+01,1.760720656497946734e+01,1.744715601802951355e+01,1.663402285694844451e+01,1.750300192870142979e+01,1.747874342103472500e+01,1.745065350277067040e+01
1.665358663855169752e+01,1.649145790238145892e+01,1.641966039875422823e+01,1.642406618539771301e+01,1.628263973652491359e+01,1.631753081916330217e+01,1.641762830292776343e+01,1.576057712026985946e+01,1.403980583726741038e+01,1.638945188554480126e+01,1.651916770230505094e+01,1.641543824377959737e+01
2.027801215941828517e+01,1.985226296602963814e+01,1.963918479228589220e+01,1.955686336573712225e+01,1.942059877733674966e+01,1.929786622962313203e+01,1.922836056946008298e+01,1.870046818238893493e+01,1.763174393801507378e+01,1.869980076603201979e+01,1.860836337516733963e+01,1.855249526334272048e+01
2.137476647426807475e+01,2.090664536931300077e+01,2.058369121917680999e+01,2.047551049730468264e+01,2.034305527752650988e+01,2.012028946723643941e+01,1.995372526597614993e+01,1.957550624387600990e+01,1.923009118405802909e+01,1.928181960901489589e+01,1.912064189130483882e+01,1.906685188412100729e+01
1.837868448682011646e+01,1.793300488502212531e+01,1.771789019185137093e+01,1.762130189276419401e+01,1.746709989892722348e+01,1.728194007438376900e+01,1.718716167131858796e+01,1.663549778946036994e+01,1.567747995934989724e+01,1.655106795686878485e+01,1.642663600860744921e+01,1.635513213254330367e+01
1.807235123290177015e+01,1.775094163371644029e+01,1.772505465963746829e+01,1.769573582439874571e+01,1.757699907287515373e+01,1.757354994425178063e+01,1.762362281440868017e+01,1.703514847449695324e+01,1.556030060529312387e+01,1.740285237690419962e+01,1.744516034550163042e+01,1.737390333761771188e+01
1.634890305387935783e+01,1.629132198569275047e+01,1.606865496930808845e+01,1.612581696659145081e+01,1.597872886812146298e+01,1.586281466607839086e+01,1.580310139986161211e+01,1.557947379438529545e+01,1.388047473560596679e+01,1.623958769979046934e+01,1.637625396538373579e+01,1.625142172405241325e+01
1.839861305614505582e+01,1.815830019706332976e+01,1.795555668976518504e+01,1.795068874040367746e+01,1.786617667341352700e+01,1.782070020937663912e+01,1.778505945371649588e+01,1.758747309427893768e+01,1.636219992045808524e+01,1.785947810506222311e+01,1.789495277126453132e+01,1.784729822269828503e+01
1.403288449123364678e+01,1.383018711236191400e+01,1.390003872292937537e+01,1.392077284686106076e+01,1.377289145607358556e+01,1.385453303061971120e+01,1.405315133174865316e+01,1.329785244690369872e+01,1.170231705902446073e+01,1.397322786119366889e+01,1.413444576186835100e+01,1.403831824921240745e+01
1.532385699443470095e+01,1.515864103721048117e+01,1.502427380768991760e+01,1.504260291276865580e+01,1.489309110462632724e+01,1.486865766055698934e+01,1.500050728769925890e+01,1.444053231334258136e+01,1.290393171846988629e+01,1.497322090616429868e+01,1.506595094628937126e+01,1.497204904466149422e+01
1.930832905513827669e+01,1.895165894269080198e+01,1.895118560798661278e+01,1.889640037698304553e+01,1.868906655339493028e+01,1.860823827315529400e+01,1.862794169872880801e+01,1.767204062041427548e+01,1.593307837413682115e+01,1.813644394302763629e+01,1.816983146948318151e+01,1.802145210900174277e+01
1.755413943610152572e+01,1.734645019610895744e+01,1.708359503446246563e+01,1.706755783844585039e+01,1.688035424358044878e+01,1.672763808865677504e+01,1.675859170385504981e+01,1.617600719195987224e+01,1.468578028117231504e+01,1.651828390855934003e+01,1.651452156581187936e+01,1.641440627641493677e+01
1.848471754835757608e+01,1.814163294124236003e+01,1.804734006208708408e+01,1.798161730193056940e+01,1.772769282252877332e+01,1.758054451316593969e+01,1.760847220618747500e+01,1.656008491633682311e+01,1.494309442719245062e+01,1.689595911126001226e+01,1.686034514009118013e+01,1.671142049240042127e+01
1.913430050024793516e+01,1.875101677322219373e+01,1.844596354086812440e+01,1.840409619775745398e+01,1.832048861568964782e+01,1.822001017359112751e+01,1.812021239031311737e+01,1.797810604262923206e+01,1.723945364388874779e+01,1.798396396634021954e+01,1.793529111554548550e+01,1.790658420480431090e+01
1.575424899316456795e+01,1.569297884826482381e+01,1.557443786041241829e+01,1.561964958402637471e+01,1.547445326009071032e+01,1.547105242732646069e+01,1.552647719371594981e+01,1.505599517812618338e+01,1.328093174550984834e+01,1.582148856989389252e+01,1.600600959981267479e+01,1.587070364019609592e+01
1.956426546133816302e+01,1.933977426757529017e+01,1.907810301564659383e+01,1.906526236508304351e+01,1.895678608108863727e+01,1.885771416118236488e+01,1.874975225764593389e+01,1.854535786317835644e+01,1.723413481050989660e+01,1.879353168790366624e+01,1.880048321606396300e+01,1.874017984138989590e+01
1.960695356101912878e+01,1.918978599785916472e+01,1.894772856846882902e+01,1.883754027272133413e+01,1.861871117831342559e+01,1.841127752041865051e+01,1.831627542431232669e+01,1.745770852894839109e+01,1.616414882751706372e+01,1.744558199743267579e+01,1.730669880559582552e+01,1.720685620505287261e+01
1.677819264121877652e+01,1.641654229063857784e+01,1.627408191298210127e+01,1.623475914564546230e+01,1.614824604567131416e+01,1.613274258104484460e+01,1.615204695735664231e+01,1.580867642536616735e+01,1.482514198603011302e+01,1.596803815177412922e+01,1.595879306778437190e+01,1.592885479557015138e+01
1.404373947353806962e+01,1.395423385862812360e+01,1.392649017990358296e+01,1.394738651066900381e+01,1.380418796261763781e+01,1.390926584159543289e+01,1.412529864498837107e+01,1.337994571862354043e+01,1.176094435682749584e+01,1.405983886503429936e+01,1.421964205890103194e+01,1.413708541723435808e+01
2.030903083362492012e+01,1.980114124753654536e+01,1.953325667578598868e+01,1.941219830500323695e+01,1.924710235311968631e+01,1.900269114455191755e+01,1.884373939269162079e+01,1.827590341851188427e+01,1.750162567772612832e+01,1.803687898778256482e+01,1.786233255861008828e+01,1.778757479568749744e+01
2.008006416087077284e+01,1.969918812333818536e+01,1.943851458372126828e+01,1.937417385855587781e+01,1.925515817570101973e+01,1.914265082005499607e+01,1.906220552137641633e+01,1.867393088665584244e+01,1.765975733328521002e+01,1.868683822035769992e+01,1.861637576977405573e+01,1.856764351215112185e+01
1.869142675931009379e+01,1.827052269274530616e+01,1.806123836211761002e+01,1.799556653552010488e+01,1.790545020927942232e+01,1.783974274503793822e+01,1.780258443091299014e+01,1.749462558193193829e+01,1.668208325399138303e+01,1.752610941879287054e+01,1.748229693669152951e+01,1.745095151708957104e+01
1.903345599979403246e+01,1.866492235509125308e+01,1.840635482144562829e+01,1.835594864946180849e+01,1.829069735457568413e+01,1.822325228948776754e+01,1.816476196688673284e+01,1.801400648315166464e+01,1.769945714860356034e+01,1.795394996043724234e+01,1.791157853084163420e+01,1.789525481869094392e+01
1.989169737953995920e+01,1.948863309448757875e+01,1.941275102317927193e+01,1.932532409831914322e+01,1.908540492556335977e+01,1.892277972412984610e+01,1.889568584376458560e+01,1.785372817490187103e+01,1.623393761499220389e+01,1.812038073214636569e+01,1.806337359350422744e+01,1.791520698084421070e+01
2.010196095044818421e+01,1.968059542159471320e+01,1.958972686884723302e+01,1.950261539064236871e+01,1.928601859034275634e+01,1.913598973216350174e+01,1.909966088956749175e+01,1.818815573601409241e+01,1.667026149710111227e+01,1.838003064041259904e+01,1.830192367724003688e+01,1.818490492419466875e+01
1.698920390548581949e+01,1.659839375271038264e+01,1.634180454917689573e+01,1.630259257198154188e+01,1.624259696576798717e+01,1.618575694979332269e+01,1.615865884002968400e+01,1.601568115756478150e+01,1.550539514988469314e+01,1.602192638716404360e+01,1.599267442371182035e+01,1.597689670754165370e+01
1.753262424845089029e+01,1.731800427807319309e+01,1.718147748379531592e+01,1.718856577574071309e+01,1.706758594011109409e+01,1.702217737549440102e+01,1.699323199159434594e+01,1.663673758170014239e+01,1.508370320782825225e+01,1.709651262143231065e+01,1.716893285972326666e+01,1.708056601281666076e+01
1.595790424584066791e+01,1.589545704040857466e+01,1.564889445080171448e+01,1.567691369748495411e+01,1.549425202394023238e+01,1.540004762478932143e+01,1.547283941103443006e+01,1.494269283905542700e+01,1.328305002415292257e+01,1.553286795471425386e+01,1.561877201439116369e+01,1.550772332042114066e+01
1.677722006734245142e+01,1.663542122911579568e+01,1.650700183752772077e+01,1.650089345237772420e+01,1.637133950206067112e+01,1.642505705851813502e+01,1.655573106374098913e+01,1.591743563155809404e+01,1.439499529872025541e+01,1.639779470694808339e+01,1.648075123335452119e+01,1.641852623514482445e+01
1.490280906373256364e+01,1.476574796236931242e+01,1.468126780494218941e+01,1.469909542181948403e+01,1.454439693282870927e+01,1.456597914917685266e+01,1.472750145497021101e+01,1.406894747320256478e+01,1.247631236672137511e+01,1.465893744833851109e+01,1.477100234556822222e+01,1.467548151361103059e+01
2.255725750769108728e+01,2.213606201151240427e+01,2.183561355425207395e+01,2.170683644518330624e+01,2.147510794077482643e+01,2.121797107577275199e+01,2.108456393303172760e+01,2.017528336150562396e+01,1.878919186901552152e+01,2.010664138895131003e+01,1.993678661832030841e+01,1.981940825150600460e+01
1.809920207652976032e+01,1.789990381054705537e+01,1.768112288467080262e+01,1.767267124590046734e+01,1.759200692546645683e+01,1.756814729293113686e+01,1.756631016461895101e+01,1.732331486959443723e+01,1.614428806512146153e+01,1.758178186939101550e+01,1.761492501840538338e+01,1.757608644643673301e+01
1.640849422227524101e+01,1.617278229605340911e+01,1.612288804644478191e+01,1.611525111030498891e+01,1.603188924793349202e+01,1.607702100662596933e+01,1.616983399040250546e+01,1.572488130780713256e+01,1.441575817788190683e+01,1.610947168140739194e+01,1.618160623506487994e+01,1.613941987679154266e+01
1.870519348200452825e+01,1.845088280054155305e+01,1.813205129189216436e+01,1.807187629108936022e+01,1.778925371044980608e+01,1.751235064552911780e+01,1.753580755645527134e+01,1.656356689060262610e+01,1.496405614541999007e+01,1.682243007983451122e+01,1.673502934349746951e+01,1.657998861465606666e+01
1.966932153854245158e+01,1.936184305837953801e+01,1.921009807559087434e+01,1.914254893871159879e+01,1.894527597862694535e+01,1.883466835561031871e+01,1.882956598985345309e+01,1.801322519825703594e+01,1.650496404337225798e+01,1.827012481148026524e+01,1.823639741127026426e+01,1.813283961573866065e+01
2.093164465685233822e+01,2.049395681742807440e+01,2.021680495566969071e+01,2.009978485566144712e+01,1.984350104358671985e+01,1.952831314941519025e+01,1.940737284476816527e+01,1.849825195779432008e+01,1.708657555649940107e+01,1.847233712247300019e+01,1.830236804972671294e+01,1.815918791861233927e+01
1.810767064298029183e+01,1.801795057122608412e+01,1.772984632230556556e+01,1.771163757588310261e+01,1.753930630035233662e+01,1.746333274783275868e+01,1.741748134596266695e+01,1.683823396164571662e+01,1.513283419042615385e+01,1.731797533018555413e+01,1.735644372311659467e+01,1.725206622610902940e+01
1.458657477375201417e+01,1.431923822954891712e+01,1.443903847229683102e+01,1.444584415904632912e+01,1.428231047381829022e+01,1.433513244877961590e+01,1.451103686020479877e+01,1.369685354634691699e+01,1.210140247270625657e+01,1.432847845689531674e+01,1.445934293623929001e+01,1.435107175964919968e+01
2.204303923513237251e+01,2.157244728648810295e+01,2.125745571668479883e+01,2.112960821091448338e+01,2.092071858907112869e+01,2.068202287490984759e+01,2.054762880351398380e+01,1.975488263888826523e+01,1.854093671036105562e+01,1.964163472872131422e+01,1.947976253247427891e+01,1.938856167332734515e+01
1.733645066417374991e+01,1.710992911667468874e+01,1.687446063784288341e+01,1.687068266746017287e+01,1.670661502704596302e+01,1.654569320870142235e+01,1.652237281442547712e+01,1.609533890592710392e+01,1.461617470719626688e+01,1.644612305997156909e+01,1.646139739388445022e+01,1.635895112930749917e+01
2.013096447100540942e+01,1.980732324497794750e+01,1.954603485745231595e+01,1.948481053250741013e+01,1.927510500241794489e+01,1.902153880029579369e+01,1.887859375814590024e+01,1.825950964101614105e+01,1.673838092381415876e+01,1.843856565300391281e+01,1.836249336255179188e+01,1.822866969195048625e+01
1.897451927490128654e+01,1.863835570774687866e+01,1.849245284222682884e+01,1.843204541595125789e+01,1.830598211781748574e+01,1.823820330036159731e+01,1.822258950238917308e+01,1.766842221016861814e+01,1.644074253571251276e+01,1.781679716718658568e+01,1.777813964351144804e+01,1.772005500294851998e+01
1.817482626647097632e+01,1.781284916526861295e+01,1.781170140773937405e+01,1.776342879244150197e+01,1.754641855349510138e+01,1.744050918730951594e+01,1.747911243853365804e+01,1.654217742016354364e+01,1.491957420395574196e+01,1.694714546982412173e+01,1.695644256440127506e+01,1.681188177503701553e+01
1.958834764232963366e+01,1.930508873801388248e+01,1.907040117116941857e+01,1.901692148901835822e+01,1.875327038483158049e+01,1.850081708296638539e+01,1.845325942896959148e+01,1.755592667142102314e+01,1.586348478295131947e+01,1.790493423176357624e+01,1.786576227058149513e+01,1.768550140503337076e+01
1.861538420169211250e+01,1.824102815335441008e+01,1.794673821187845775e+01,1.789686106663062048e+01,1.778477142102056519e+01,1.765235812062479681e+01,1.759148158285674768e+01,1.730932075019324756e+01,1.640584141774576565e+01,1.733677550819038515e+01,1.727767911993528216e+01,1.723510090713462972e+01
1.774852581337374247e+01,1.752791390820212669e+01,1.729908294647945510e+01,1.729100778439818953e+01,1.721230419789765875e+01,1.718619020168452494e+01,1.716715751597841333e+01,1.694864091863881939e+01,1.577736223734589238e+01,1.718854878940785369e+01,1.721399700777874742e+01,1.717758611512540767e+01
1.722743664636776018e+01,1.696215220459788853e+01,1.672091756879946089e+01,1.669435636954291624e+01,1.658166553113144914e+01,1.648817859251784057e+01,1.648423665432619245e+01,1.614458172797310098e+01,1.503077733707991293e+01,1.630837599676524263e+01,1.629058078222565698e+01,1.623979678599881993e+01
1.635680036728357223e+01,1.616072753497137526e+01,1.593785385851963987e+01,1.593920526599536025e+01,1.578441490113710977e+01,1.568822160982386826e+01,1.576728462537373510e+01,1.527143327886423130e+01,1.384750882346462397e+01,1.564890962930245699e+01,1.567824513810431775e+01,1.559635307278345628e+01
2.104180088425363593e+01,2.061031645939212709e+01,2.029933664731246878e+01,2.019700355392004809e+01,2.001146214667097212e+01,1.974547468035494546e+01,1.958470944859265117e+01,1.900339476206256606e+01,1.789688329540917167e+01,1.887930376481431693e+01,1.872365831325171470e+01,1.863147648851925453e+01
1.788081163580890731e+01,1.762977019583061278e+01,1.737675893675714534e+01,1.736669116156866011e+01,1.726963335396059307e+01,1.721725688300675472e+01,1.720048614849281776e+01,1.695235487079217407e+01,1.575614226300039356e+01,1.719330056417058472e+01,1.720767162759949898e+01,1.716603098736990773e+01
1.858381136154372726e+01,1.814854653423295971e+01,1.787048644007222364e+01,1.781925661764505264e+01,1.776198084307385017e+01,1.769218042262889412e+01,1.762997526271275817e+01,1.751163940607503733e+01,1.736331265920860645e+01,1.741842894937891373e+01,1.736315673861501452e+01,1.735102176422001463e+01
1.800535940849028194e+01,1.788842190659668674e+01,1.761277936311081405e+01,1.763618888096381454e+01,1.746858858943848958e+01,1.729884509504037027e+01,1.714218863733684728e+01,1.686391535500814953e+01,1.516640267211983861e+01,1.739633197094256190e+01,1.746750754331217692e+01,1.734336217524228374e+01
2.008234812760785459e+01,1.980824881528039683e+01,1.957894377608396397e+01,1.949290801872578527e+01,1.924271496373093981e+01,1.907990503847203456e+01,1.905897199062394165e+01,1.802731468019841898e+01,1.639010039278409536e+01,1.827965327787604366e+01,1.820771999838761346e+01,1.807094518599083699e+01
1.772938833775927137e+01,1.729258438804458464e+01,1.704734784725370034e+01,1.697273016988350491e+01,1.684764967748532172e+01,1.671344163796548798e+01,1.665588408495930040e+01,1.624977532724580342e+01,1.535992524777106105e+01,1.623406329893802535e+01,1.615455147123092772e+01,1.610461665025751188e+01
1.942048758991832713e+01,1.907494642959153808e+01,1.877177766014528615e+01,1.872826568684250503e+01,1.862696740310390453e+01,1.850629995899051039e+01,1.840567021915250123e+01,1.820287028338710300e+01,1.727230973391836599e+01,1.824857255532130296e+01,1.820049606408929677e+01,1.816004063486754205e+01
1.649657438228005546e+01,1.638210626608596598e+01,1.618071767551853313e+01,1.620128934612427685e+01,1.605432404654138878e+01,1.600456310726098508e+01,1.607241379353756017e+01,1.560668894393598016e+01,1.403220062369686083e+01,1.613705898942116335e+01,1.622329318728494130e+01,1.612962330643891562e+01
2.225142696466743431e+01,2.189821944123188402e+01,2.162825538418479354e+01,2.153203140352334088e+01,2.125697324111017394e+01,2.094190246717941051e+01,2.077464673823778085e+01,1.985313946142464303e+01,1.816389244617569787e+01,2.004387143893760737e+01,1.993637480737464429e+01,1.974991326238051670e+01
2.003799163069561828e+01,1.956176972580975715e+01,1.923728725145096874e+01,1.914090380271401415e+01,1.898578498266881098e+01,1.876932962517433623e+01,1.863538324031781102e+01,1.816756813667056392e+01,1.735456429594669103e+01,1.801076367794887290e+01,1.786971912637016047e+01,1.780710299421913589e+01
1.605020738673768577e+01,1.595191113476131228e+01,1.573864962033786874e+01,1.573916359376527474e+01,1.556461247977145312e+01,1.553992617031080492e+01,1.564518425911959731e+01,1.496588046756417789e+01,1.334819889532745840e+01,1.549313235720020110e+01,1.556092264443464224e+01,1.546358434608385402e+01
1.655226958227990153e+01,1.627894359853398143e+01,1.610908569680737301e+01,1.609658447139794646e+01,1.598437433145324427e+01,1.595903202714420210e+01,1.601230583644391814e+01,1.560353385254865977e+01,1.434153873982896421e+01,1.590267174613431500e+01,1.593129967199809904e+01,1.588050708025579461e+01
1.959546604142269999e+01,1.921455528583881645e+01,1.891170871196891667e+01,1.884437144159654309e+01,1.868247007555527262e+01,1.847892001370517079e+01,1.837502042498563881e+01,1.789714553569097077e+01,1.676120907056668230e+01,1.789658058588428702e+01,1.779425159744192442e+01,1.772115670637481344e+01
1.882425707734807574e+01,1.852019070691781266e+01,1.824268305961666314e+01,1.820313865288975563e+01,1.808572729030659332e+01,1.793228477344276683e+01,1.782289662133094410e+01,1.756333968182493876e+01,1.649092186429519913e+01,1.763743475866584731e+01,1.758872066172687809e+01,1.753088500806951089e+01
1.906344838815813958e+01,1.869739995375356401e+01,1.845150921532249200e+01,1.837547370668488611e+01,1.823213009700352671e+01,1.803758335777471444e+01,1.795267415374759068e+01,1.747975677498481772e+01,1.651871047829164141e+01,1.742037426320052163e+01,1.731298390539519616e+01,1.723867373646559997e+01
1.928686639853607332e+01,1.895867055678367663e+01,1.864963326303453428e+01,1.859211566277480898e+01,1.836034754620963128e+01,1.804978333958999315e+01,1.799028991130166943e+01,1.732231953528556190e+01,1.587734631472854296e+01,1.746054692160347344e+01,1.736383824246731322e+01,1.723244235074012209e+01
1.946072277441328779e+01,1.911697685268338276e+01,1.889141474535783161e+01,1.882207614244819638e+01,1.858137086228512658e+01,1.833890349774832629e+01,1.828897323268403952e+01,1.744098394716106171e+01,1.589134200042812672e+01,1.765484486315033763e+01,1.758229744431656982e+01,1.743433410343994439e+01
1.711443176561465762e+01,1.674375507684130682e+01,1.647891683133370222e+01,1.643968128236124926e+01,1.635211334267373928e+01,1.627295726225156614e+01,1.625967227994748399e+01,1.603878795567468885e+01,1.518825362900033760e+01,1.612851968221345089e+01,1.610860154201343519e+01,1.607708742778120126e+01
1.699545783404625965e+01,1.673368563963280664e+01,1.664257592288533871e+01,1.663969114326070553e+01,1.653445645933767594e+01,1.654098177313451856e+01,1.660197036481529764e+01,1.616733552920556249e+01,1.476359502596879913e+01,1.656746116961274851e+01,1.663635875241755357e+01,1.657680359613345900e+01
2.396081417523283719e+01,2.337107568906407451e+01,2.293085904000330899e+01,2.275559386929175076e+01,2.254977946154828317e+01,2.218554727066943144e+01,2.194657102421026096e+01,2.132690984774129461e+01,2.077519833823587803e+01,2.088800776055954600e+01,2.064480068037229543e+01,2.055766089550091635e+01
2.129320658597639593e+01,2.092655211934948412e+01,2.055533813028233325e+01,2.046877238456235659e+01,2.025860804849582308e+01,1.996976720000526484e+01,1.978908010909332305e+01,1.922501594492705479e+01,1.788301169072252961e+01,1.922946648213945764e+01,1.909742504897101512e+01,1.899518000064648504e+01
1.799864586768331876e+01,1.756547012201116686e+01,1.733514889236227319e+01,1.725625404868468848e+01,1.713790042245032197e+01,1.699175512839357793e+01,1.690777083464393016e+01,1.651418571758925324e+01,1.576369830173500652e+01,1.642991397280955113e+01,1.633389134210404237e+01,1.628459612734883422e+01
1.783151123164659779e+01,1.759304179874051854e+01,1.735084264009694621e+01,1.734077772210147828e+01,1.723735502926428609e+01,1.716093096153225872e+01,1.711907028854043133e+01,1.686557703159943955e+01,1.562489059806735447e+01,1.711279059850358664e+01,1.712638747145401297e+01,1.707445344881879379e+01
1.996521961092154029e+01,1.954048243544208319e+01,1.920923515035291373e+01,1.912688373667518249e+01,1.900301604703110314e+01,1.884060480314225572e+01,1.873277388159767654e+01,1.839148674627259439e+01,1.764085957904140756e+01,1.829391349328846417e+01,1.819573277114568910e+01,1.815124435222748644e+01
1.749801234929280369e+01,1.718364193127602491e+01,1.694188207126591905e+01,1.689536277180881285e+01,1.678407853189121823e+01,1.665972669444671794e+01,1.662575728847757617e+01,1.628579332568678595e+01,1.538478475356124342e+01,1.632388170027009977e+01,1.627083542760246004e+01,1.622352690363226202e+01
1.720822806455740661e+01,1.687774084646857986e+01,1.681475186802707711e+01,1.677378050353100036e+01,1.664153066009160398e+01,1.660302069249195256e+01,1.663080944935977001e+01,1.604543700713697163e+01,1.474231299828555741e+01,1.630714173426898128e+01,1.630846885505426869e+01,1.624220926949916333e+01
2.066615077055901750e+01,2.023764713542193405e+01,1.995280109813844760e+01,1.985018517331103993e+01,1.964641586994799383e+01,1.939530593540943926e+01,1.927907939115198488e+01,1.856225486639955236e+01,1.734927239837957202e+01,1.850445084962281328e+01,1.835919833790124400e+01,1.825529031072990449e+01
1.923575313840205681e+01,1.908520423247636089e+01,1.875922609308678446e+01,1.875316648219366300e+01,1.851994119778630221e+01,1.823792683490093225e+01,1.797935887438251612e+01,1.752575451238324078e+01,1.570206781709657129e+01,1.803983798993662901e+01,1.806889644989319166e+01,1.788754468406401088e+01
1.779092045963223612e+01,1.752850466570066246e+01,1.727580021901421148e+01,1.723427856192053298e+01,1.701786135044039128e+01,1.684665515204004294e+01,1.687032031816513111e+01,1.611425868113571269e+01,1.460217142012602132e+01,1.640531398541981645e+01,1.636915362276289088e+01,1.625292696930770120e+01
1.701502588099012669e+01,1.680653386562358165e+01,1.655457239655575208e+01,1.654042297081426938e+01,1.640163700245977196e+01,1.632609397395282258e+01,1.639333041501755517e+01,1.594572118425095830e+01,1.465928314483933725e+01,1.623071301015400536e+01,1.623849371869419045e+01,1.618044135478544376e+01
1.977423292301338265e+01,1.951760458278818433e+01,1.929538406791370519e+01,1.924834757235920080e+01,1.903494022441299904e+01,1.886346034988231679e+01,1.884225999103856353e+01,1.807618451023848039e+01,1.649638690283942921e+01,1.838670715674785328e+01,1.835634782856943659e+01,1.822547017058359131e+01
1.650554016788705880e+01,1.632333565470594650e+01,1.627789918215973941e+01,1.630082026739911782e+01,1.617036712843389523e+01,1.616700668972200816e+01,1.622761675250616875e+01,1.573638079811886037e+01,1.407790486069344560e+01,1.635361382359854332e+01,1.648750887406974286e+01,1.637604786061961448e+01
1.742387073351752136e+01,1.714083727373589383e+01,1.699579225234812085e+01,1.696275850701832866e+01,1.685950593026799282e+01,1.681915833116112680e+01,1.682554074983573500e+01,1.640374459836524679e+01,1.524078000128979404e+01,1.659554571320512650e+01,1.659213027171157151e+01,1.654244242567646950e+01
1.947340622635196539e+01,1.917333487611038478e+01,1.894227376829972442e+01,1.889499223823410290e+01,1.874415499253844786e+01,1.862383648167493533e+01,1.854127048294467173e+01,1.803756296686951188e+01,1.661508033771453441e+01,1.824827657418546067e+01,1.821660497400330669e+01,1.813392024297986893e+01
2.066325724527309049e+01,2.032970107019587758e+01,2.017266071017191464e+01,2.009932469767357333e+01,1.983349158714397475e+01,1.961630690879670169e+01,1.954554640989479353e+01,1.854725743567942331e+01,1.679275787155084387e+01,1.891280697584144121e+01,1.888030023800655144e+01,1.869300550760702606e+01
1.633165239058701346e+01,1.622021092140553478e+01,1.608823053187458996e+01,1.612514630702457197e+01,1.598739046917464712e+01,1.595396158470520298e+01,1.601703146543626488e+01,1.559124133727827832e+01,1.394383095991718058e+01,1.622440654446559449e+01,1.636076186569654212e+01,1.624769571743761531e+01
1.863677911563318546e+01,1.833871827763319473e+01,1.806631894679305717e+01,1.799591989062071917e+01,1.778833704000813043e+01,1.761590381558167451e+01,1.758199601106865728e+01,1.681186114108054497e+01,1.537987010499539231e+01,1.698238607881341267e+01,1.690734444495008759e+01,1.680140673774899085e+01
1.782848068962218591e+01,1.763028395952079208e+01,1.745536775711550703e+01,1.745801121038689985e+01,1.734160593912856285e+01,1.727879614320929846e+01,1.725400361282500583e+01,1.693707005779992514e+01,1.548208963866542298e+01,1.732933562523044202e+01,1.738159332016300240e+01,1.730233034692378169e+01
1.636886656360887926e+01,1.610086948644956450e+01,1.587957251768020406e+01,1.586787565797588506e+01,1.575751470616473959e+01,1.566567265594919256e+01,1.570031106261896703e+01,1.538773832055970026e+01,1.423854811227811190e+01,1.560801441202715090e+01,1.560995641539681777e+01,1.555613106392571687e+01
1.740275570640836733e+01,1.724077900743990099e+01,1.706630406037706038e+01,1.708131834962821216e+01,1.692636844073462754e+01,1.683155282072473113e+01,1.680315730752985459e+01,1.637563188266662095e+01,1.473162171997670278e+01,1.690533598274413407e+01,1.698900167624156765e+01,1.686942990222949845e+01
1.618569980604094738e+01,1.603121794478488837e+01,1.589597625812657533e+01,1.588818967200650256e+01,1.575917478973022234e+01,1.580766387441098253e+01,1.592925384525855215e+01,1.531921701361263111e+01,1.385613461176819960e+01,1.577030970074961935e+01,1.584613867132126508e+01,1.578915030928077634e+01
1.703322059636557739e+01,1.689337607785064321e+01,1.671342223574611907e+01,1.672675481045926205e+01,1.659435383361655880e+01,1.655305292091467351e+01,1.660065626450397858e+01,1.617476658445051996e+01,1.464385075474577924e+01,1.666243476057657347e+01,1.674476985490647607e+01,1.665907502586686206e+01
1.778444235418384167e+01,1.767050434384527691e+01,1.743065394620476738e+01,1.743081984482603985e+01,1.727895145198575477e+01,1.722448549783253213e+01,1.726081481435043585e+01,1.674706334693888365e+01,1.518780369604692204e+01,1.720320230055082789e+01,1.725360434470577431e+01,1.716861648571556742e+01
1.729793648003061080e+01,1.693004655833170702e+01,1.676563614452907913e+01,1.673141410217222358e+01,1.665783309169512449e+01,1.663806821084686760e+01,1.664389302440365626e+01,1.638964776726552586e+01,1.545901123011387490e+01,1.653163800168037767e+01,1.653148486543859619e+01,1.650489027312133317e+01
2.153776805570570119e+01,2.102287743649769780e+01,2.065799264725893991e+01,2.051851272547560967e+01,2.031853630355207230e+01,1.997008449139114106e+01,1.979699940497299693e+01,1.918036079596409493e+01,1.833201559305615191e+01,1.888930082282092116e+01,1.868262784010613231e+01,1.858715062544946761e+01
2.154627776323163246e+01,2.103040653595691012e+01,2.067912801198646022e+01,2.057468548804457953e+01,2.045225600470252658e+01,2.024654348189353925e+01,2.008775439522858264e+01,1.976892598354196551e+01,1.951618617953478108e+01,1.949614697887891879e+01,1.934738980090934390e+01,1.930313893658133395e+01
1.589325897851386493e+01,1.561371048672614315e+01,1.544718976077477102e+01,1.542965043128702085e+01,1.538307531524490024e+01,1.537062043075891005e+01,1.538518790116386192e+01,1.524314961149039682e+01,1.458781099634620837e+01,1.535298064033626808e+01,1.536767517784961434e+01,1.535238426418339053e+01
2.066203172166837376e+01,2.021328670275032735e+01,1.995736207420277353e+01,1.985179806885270892e+01,1.967582025976768989e+01,1.944622115953447405e+01,1.931459287459247420e+01,1.870140000125931934e+01,1.764748514395784085e+01,1.858058071326154703e+01,1.843230906141586090e+01,1.834663359887087353e+01
1.814408985041535161e+01,1.796348526303885151e+01,1.771949261818720700e+01,1.772735324258879075e+01,1.758989535702027496e+01,1.746813439715549521e+01,1.737478098378971580e+01,1.710624770771386594e+01,1.558550479516866183e+01,1.751059009729106464e+01,1.755553553042473069e+01,1.746417615816120872e+01
1.501227093612537011e+01,1.489650764579900688e+01,1.482324666635666155e+01,1.482062228731189713e+01,1.463207034992116995e+01,1.468162074785401039e+01,1.485629229219986946e+01,1.396038191135797923e+01,1.230391131675810534e+01,1.456840848658834453e+01,1.467496687879626371e+01,1.457122340347267020e+01
1.822362367791987836e+01,1.795529886590444946e+01,1.769860832701990816e+01,1.767771391707208295e+01,1.751917454936762653e+01,1.734264661291761200e+01,1.727076333155950394e+01,1.687443099092854837e+01,1.547248913356751565e+01,1.712522552218677419e+01,1.710621421975409007e+01,1.701313213350444897e+01
2.147580129038238184e+01,2.106077268009407177e+01,2.073638726164913848e+01,2.062476770471069898e+01,2.041941479300493967e+01,2.016538302581592035e+01,2.002275515576701892e+01,1.930073215389368002e+01,1.807672249344614457e+01,1.921523564232148118e+01,1.905945595083219146e+01,1.895630123782493826e+01
1.686306258242506928e+01,1.680629490708052387e+01,1.655442973755058134e+01,1.661066159634198414e+01,1.647263855963038282e+01,1.636003995560025004e+01,1.624570921648139077e+01,1.609842964691547351e+01,1.440168848180984362e+01,1.673826506458686225e+01,1.686608901875784383e+01,1.675644722680751642e+01
1.802739356635324341e+01,1.778447566093674581e+01,1.752876241213003894e+01,1.752030729356217620e+01,1.740735658301538535e+01,1.731910416091621130e+01,1.728251938202525295e+01,1.701501452898368782e+01,1.574595710373947988e+01,1.727411294492341653e+01,1.728611370534302338e+01,1.723165318060534901e+01
1.965664811986546212e+01,1.929272999220748730e+01,1.902924657785165508e+01,1.894963324184487874e+01,1.872133356945145977e+01,1.844047527535042263e+01,1.835811179140064908e+01,1.759468227118890482e+01,1.616629714914877880e+01,1.768147958889098703e+01,1.756572166171273963e+01,1.742963318233094583e+01
1.783036706878057842e+01,1.753023846048349199e+01,1.749670648466274869e+01,1.747142482649082496e+01,1.736797487483612912e+01,1.738935908019927012e+01,1.746281910989234731e+01,1.695665488336242888e+01,1.559685841106213822e+01,1.731756373638017976e+01,1.736697114378683793e+01,1.731384227551262711e+01
1.916008858112539670e+01,1.892554419816933020e+01,1.860013600759159758e+01,1.854290916625671315e+01,1.831841157135288967e+01,1.813198972408702758e+01,1.808347757571414505e+01,1.732309817909116489e+01,1.575550313350391640e+01,1.758145133353743006e+01,1.751858629656002719e+01,1.740563878439940737e+01
1.867452243438244253e+01,1.846201648806095719e+01,1.815669291269908925e+01,1.813159254849222890e+01,1.799494230803337302e+01,1.790629905323368121e+01,1.783232814571549696e+01,1.744887492200621537e+01,1.601148077048226170e+01,1.773375786965628009e+01,1.773211919257683533e+01,1.766703274592472184e+01
1.682579615968181130e+01,1.655060539303197586e+01,1.633197434754905331e+01,1.631968368522034751e+01,1.624212969256428352e+01,1.617900601488724988e+01,1.619347641607049937e+01,1.600372053878863099e+01,1.503475012257541898e+01,1.617632121891554675e+01,1.618245708097264313e+01,1.614624923546036683e+01
1.629181544760994527e+01,1.604276608340385124e+01,1.587789481740333919e+01,1.587096599676927688e+01,1.575117991656771999e+01,1.569799277291389039e+01,1.577855657201518547e+01,1.537281531870005047e+01,1.409806750838598255e+01,1.569441341607258344e+01,1.572886266521779142e+01,1.566651694360520786e+01
1.774304780129356018e+01,1.748055736646762526e+01,1.742332210126155800e+01,1.740532547273077313e+01,1.721996916607071171e+01,1.716241551126998388e+01,1.721823740598736308e+01,1.645500956265985693e+01,1.478990964902595984e+01,1.696446519926522001e+01,1.703144039256427433e+01,1.690284926540098098e+01
1.841623694541735645e+01,1.819647442406605009e+01,1.808312418607334493e+01,1.803174080164584581e+01,1.783812315535124782e+01,1.780873226255178565e+01,1.788747456472545494e+01,1.692792071569829560e+01,1.524417147524079930e+01,1.738089938185456873e+01,1.741803107532448180e+01,1.730587573073417218e+01
1.582269366801668475e+01,1.566183523702059155e+01,1.553993036172308173e+01,1.556751231561542248e+01,1.535850745297248743e+01,1.523561485880656896e+01,1.536481980934342495e+01,1.466847800188553386e+01,1.296570554160396860e+01,1.531090836844087555e+01,1.542302562864393600e+01,1.525303929187442087e+01
1.689015039952944974e+01,1.665662425894070608e+01,1.639736285849590658e+01,1.636550266486604954e+01,1.617282633917350410e+01,1.599433709675375859e+01,1.603204148397047746e+01,1.538158621783506597e+01,1.395606432423100252e+01,1.564892586426620902e+01,1.561713177437402500e+01,1.551413109810743940e+01
1.654662682961496856e+01,1.636374561171251329e+01,1.621694999288604677e+01,1.623327520081021902e+01,1.610104598660928588e+01,1.604592663244029183e+01,1.608693189447395966e+01,1.567786642255882334e+01,1.415168013344684006e+01,1.616494004453439715e+01,1.624735010014564907e+01,1.615370895148194563e+01
1.884273935294656255e+01,1.853048770006557433e+01,1.823158829539630332e+01,1.814802213970099132e+01,1.788715175407072167e+01,1.761026270702329555e+01,1.758253369606250871e+01,1.663685136515748653e+01,1.513593029735673134e+01,1.677922546182685437e+01,1.666430170998296134e+01,1.651323706493420929e+01
1.668006908629765306e+01,1.654986391674426116e+01,1.633309356658623912e+01,1.635813869856710312e+01,1.618149644874974769e+01,1.606537311779850796e+01,1.610033722898841191e+01,1.561247803584453386e+01,1.397001500432481613e+01,1.616954124337042487e+01,1.625430156269382209e+01,1.613270553545678609e+01
1.853023326796826709e+01,1.819301444108915078e+01,1.804808756343468801e+01,1.798045067129273633e+01,1.772193386357115941e+01,1.753483817654905863e+01,1.754688666303557554e+01,1.652291073354566109e+01,1.491646322320082341e+01,1.681674787275406402e+01,1.676133308400819644e+01,1.660597994027194346e+01
1.546288883626772481e+01,1.533515383391792319e+01,1.511338945572939885e+01,1.514473478054182287e+01,1.496264379897112029e+01,1.484207645199196257e+01,1.497575978923749496e+01,1.444359717597368054e+01,1.288089117447573706e+01,1.496180837869912317e+01,1.502676847902044166e+01,1.492006533961782644e+01
2.173269380840601528e+01,2.117905119797893221e+01,2.085286672941988328e+01,2.071733703724280673e+01,2.053652108200674320e+01,2.025217908948432921e+01,2.006370495766009654e+01,1.946664802610400713e+01,1.875956766240414808e+01,1.915084867967023996e+01,1.894737973086308003e+01,1.886841875520131850e+01
2.041018031773498720e+01,1.986951636456884174e+01,1.952480428737203155e+01,1.937703749473849513e+01,1.921080159343797078e+01,1.892109129829857039e+01,1.873380657804468896e+01,1.820560880065955089e+01,1.769255319361723267e+01,1.786002617589314667e+01,1.765974214413605736e+01,1.758654473212018843e+01
2.072315917775746996e+01,2.035344442346776717e+01,2.001756410711766065e+01,1.994336189222354250e+01,1.977128576883269062e+01,1.953309280077669996e+01,1.934553491651903201e+01,1.890911817368334269e+01,1.766933779402380722e+01,1.891249149007278874e+01,1.880671548796777515e+01,1.872172011077761056e+01
2.143484344646808282e+01,2.114573069652661630e+01,2.077017349482507669e+01,2.068431953694599201e+01,2.042202588315608836e+01,2.011095212394283038e+01,1.990807854945706978e+01,1.911768042376950305e+01,1.744412573220416007e+01,1.930102750832021741e+01,1.918684246852874864e+01,1.903114302616495479e+01
2.260653935856484154e+01,2.204269420297612569e+01,2.170116451878468311e+01,2.155573030461446393e+01,2.136354748363195455e+01,2.107731912471978575e+01,2.089300222369660176e+01,2.023195084043803504e+01,1.937360651299926317e+01,1.993531390020571337e+01,1.972482033129248791e+01,1.964361529282648178e+01
1.886003107755805175e+01,1.856649611216258577e+01,1.848996045146706635e+01,1.842879272300377380e+01,1.817981908194434482e+01,1.808183190977204902e+01,1.812666563707105283e+01,1.700090365373081980e+01,1.521341222294095452e+01,1.749495426454492275e+01,1.752399284355795217e+01,1.735369545642231515e+01
1.697300086528621321e+01,1.674545919179949394e+01,1.668348273232747303e+01,1.666449308987837696e+01,1.654192532350533895e+01,1.657964019134283262e+01,1.668499244597808584e+01,1.606556776828286459e+01,1.460005166646064545e+01,1.650781905052089371e+01,1.657656451782351681e+01,1.651577541775925795e+01
1.845869428639560184e+01,1.821219105762778767e+01,1.797778115250070741e+01,1.794250804704734747e+01,1.767749996240278421e+01,1.743176802922197766e+01,1.745317952782172810e+01,1.655173373754158561e+01,1.486857314792421114e+01,1.695553985786668250e+01,1.693862224889597101e+01,1.675631830291327162e+01
1.766912644577130109e+01,1.750423044659689609e+01,1.730423732444108609e+01,1.729235250197243801e+01,1.712223040525646667e+01,1.705202014340903816e+01,1.706919546651884545e+01,1.646293821671226354e+01,1.484001744228620545e+01,1.692493224685369313e+01,1.697153155204268771e+01,1.686556109144423488e+01
2.002089766806372850e+01,1.971405889911011045e+01,1.944040572569246805e+01,1.936380072411473918e+01,1.909137234196884947e+01,1.883089799983426360e+01,1.877076299257832304e+01,1.781046240889524412e+01,1.616323013513355633e+01,1.805692119291774844e+01,1.797130926777355953e+01,1.780646641792765905e+01
1.822561644729332997e+01,1.806421753837223676e+01,1.786904108143410141e+01,1.786625512610228839e+01,1.770876822097159931e+01,1.763848391731505671e+01,1.760258427890592614e+01,1.710773945169003341e+01,1.544128072839429855e+01,1.761001568729226818e+01,1.767529652023588582e+01,1.756593674972490504e+01
2.018711444054524051e+01,1.976402888593809237e+01,1.949266238778436744e+01,1.941587981077154268e+01,1.928014655767267271e+01,1.915869786301986721e+01,1.908551176584570541e+01,1.858719979293715951e+01,1.754596051455873251e+01,1.858445622418339127e+01,1.850312337371397220e+01,1.845272433776590759e+01
1.706095934191132457e+01,1.688625362863202994e+01,1.679948731717116672e+01,1.679434158156911394e+01,1.665594050775901280e+01,1.667679829381833656e+01,1.675544197127327450e+01,1.610764839111648072e+01,1.441617498072497661e+01,1.667581739672279184e+01,1.678173861863923477e+01,1.668357762092605867e+01
2.092504263012954979e+01,2.055441717011433056e+01,2.020502182792743540e+01,2.010573820585118909e+01,1.986602616677162558e+01,1.957071401275226208e+01,1.947763638080956738e+01,1.869632929450476055e+01,1.733677908532985512e+01,1.870170890983780509e+01,1.855453927869863762e+01,1.843702517722052647e+01
1.777463750710120749e+01,1.758208601040404417e+01,1.737041126023577320e+01,1.738506485304471738e+01,1.726858178226580520e+01,1.718429099382118608e+01,1.717454839994666926e+01,1.691859744859716486e+01,1.551501845047621408e+01,1.730666293268335210e+01,1.736215144142186873e+01,1.728919735059903928e+01
1.510223846202133480e+01,1.495139238185840647e+01,1.475828185697821660e+01,1.478781466310602433e+01,1.468046213028111957e+01,1.464368633167928202e+01,1.476573451183813468e+01,1.444624201511644834e+01,1.310314082897915888e+01,1.488788468274283439e+01,1.496868707855682779e+01,1.491178869994701550e+01
1.880602527662466983e+01,1.859966576045950504e+01,1.849138237671047946e+01,1.844314922644063159e+01,1.825372224917831687e+01,1.823984538467464489e+01,1.833157809137276573e+01,1.737101316053571409e+01,1.561883391306013813e+01,1.787212673238966687e+01,1.792584000732025018e+01,1.780822667213581667e+01
2.164554439571194067e+01,2.124314347255797131e+01,2.102796128269043052e+01,2.092465621466301684e+01,2.068478607117957324e+01,2.041802391204133471e+01,2.028084693460837329e+01,1.940092036259857267e+01,1.785456004157999033e+01,1.949342716678379617e+01,1.937216896233290342e+01,1.922208342228478983e+01
1.965571055649878573e+01,1.931671915284809771e+01,1.899205335751560497e+01,1.892328662968928654e+01,1.867193148873460729e+01,1.834638539488675235e+01,1.828504783919038701e+01,1.751896917194040171e+01,1.604658852389804125e+01,1.763657367872880855e+01,1.752027592689205804e+01,1.738145665008779162e+01
1.920065246916966473e+01,1.877289161984255728e+01,1.854501497400365295e+01,1.846661469542615919e+01,1.835543479661996003e+01,1.823720040030682554e+01,1.816458059703766637e+01,1.778947412774175163e+01,1.698577350879902426e+01,1.774407203273130307e+01,1.766170265179365018e+01,1.761763513065098863e+01
2.273503468484983969e+01,2.229772028060517997e+01,2.196748170531577316e+01,2.184074064319183606e+01,2.162602284956867038e+01,2.136266942650348710e+01,2.120111960773452964e+01,2.043397313340579657e+01,1.913842760964996970e+01,2.032678330612998963e+01,2.015630025105449263e+01,2.005157639852842522e+01
1.705113316814594171e+01,1.697106593605936453e+01,1.673202075443457559e+01,1.672961502457300753e+01,1.659643513470792442e+01,1.660095276841421708e+01,1.664839449660214044e+01,1.614341440514531811e+01,1.454295659230106175e+01,1.662936580073270676e+01,1.669631986879516816e+01,1.662353202598214352e+01
1.843688245175011176e+01,1.810000427660657252e+01,1.801029266896731329e+01,1.792975806135182637e+01,1.765526573170922120e+01,1.752328634464198842e+01,1.754955493012112200e+01,1.631379053888163000e+01,1.463630207102512237e+01,1.670470346107097015e+01,1.668689037434549860e+01,1.651931820750149882e+01
1.946227427253996822e+01,1.902939484012129512e+01,1.872762917419825257e+01,1.866716408379301839e+01,1.859052946144792173e+01,1.849570377681788358e+01,1.841359177019951332e+01,1.825026786094104025e+01,1.795567710952825635e+01,1.815160294094730631e+01,1.809086555563699150e+01,1.807149937157449671e+01
1.680698724161569757e+01,1.659139429437853508e+01,1.633374294276213945e+01,1.632670189212511502e+01,1.619477260956721665e+01,1.609308474972521452e+01,1.612048128807678538e+01,1.576609695934087263e+01,1.446613416772248861e+01,1.606154275360781014e+01,1.607967937349722476e+01,1.601838460230070638e+01
1.726811248138595900e+01,1.699332943088915826e+01,1.695948129451996422e+01,1.695466661014265242e+01,1.685125161029350238e+01,1.687363872505220286e+01,1.695685110266272844e+01,1.647518588728486932e+01,1.508258068448080458e+01,1.688008232529743680e+01,1.694888554445715201e+01,1.689029002165982973e+01
1.592390346696925185e+01,1.584611700518670752e+01,1.568740564486290090e+01,1.571282460975453255e+01,1.554996175777189471e+01,1.552668561475160480e+01,1.558949554168919782e+01,1.502776098074896716e+01,1.329117786710479443e+01,1.569937327199185084e+01,1.583240275227316296e+01,1.570778721124885458e+01
1.752660192735361377e+01,1.731450293660934747e+01,1.709794473768667800e+01,1.709355164190791498e+01,1.690938883136240634e+01,1.675812514584615798e+01,1.677953127102084707e+01,1.623171459878272671e+01,1.468257902084602939e+01,1.664156290084613943e+01,1.666995282279518520e+01,1.655284953678278725e+01
1.945157915385767566e+01,1.908863678568713240e+01,1.887423775461963160e+01,1.880843068255893513e+01,1.858630644674550325e+01,1.834809586587883956e+01,1.831259462043678710e+01,1.753915128424497638e+01,1.608148829657673318e+01,1.770859420158198816e+01,1.762752974973001230e+01,1.749370042014074045e+01
1.855035697757368141e+01,1.824757105429704396e+01,1.797999534668580068e+01,1.795075565338871115e+01,1.785839414876968334e+01,1.781843684464132593e+01,1.780084285152443968e+01,1.751422719280582996e+01,1.644057853616005715e+01,1.767820891971705777e+01,1.767474913576546314e+01,1.764240178123957037e+01
1.829523585512833606e+01,1.782126487624590894e+01,1.755122927801286536e+01,1.748823481801331070e+01,1.741034701235927429e+01,1.731156280065559372e+01,1.723227658090784686e+01,1.703091496180489983e+01,1.671695372371899069e+01,1.691906716885457485e+01,1.684494150094732490e+01,1.682330675798627340e+01
1.674866984272902570e+01,1.649711801490718344e+01,1.650206568977737120e+01,1.647892459488620887e+01,1.628416017106510338e+01,1.628800412141185916e+01,1.641356306134231957e+01,1.545854429745030423e+01,1.377894894633884526e+01,1.603157067919597978e+01,1.612384542596248949e+01,1.599955399157884806e+01
1.926739451709319795e+01,1.894273105727868867e+01,1.864626275496699392e+01,1.859294686213137737e+01,1.840347525295540265e+01,1.815597887586169179e+01,1.808087225857609681e+01,1.755270444116228035e+01,1.622672918503247885e+01,1.765738678718327748e+01,1.756826892668699358e+01,1.746747821547255342e+01
1.822966888629861515e+01,1.796541856124980185e+01,1.784342899161216778e+01,1.781126210076845240e+01,1.760381113681204113e+01,1.748954626626247943e+01,1.750804802561922813e+01,1.670376567802635392e+01,1.504336125635468768e+01,1.714495378373775480e+01,1.717205794749959935e+01,1.703235837763922689e+01
2.113684771478865443e+01,2.076912360814377578e+01,2.055611495971220748e+01,2.047047953454696767e+01,2.020413275332071379e+01,1.991770386028839113e+01,1.976908109786979750e+01,1.886342778936834108e+01,1.715825097692195200e+01,1.911244957200538153e+01,1.903262708957691629e+01,1.884527609591945918e+01
1.553091493224450836e+01,1.536476390565266748e+01,1.530027976848408322e+01,1.532581576086365338e+01,1.517845351367870244e+01,1.518453398920729391e+01,1.532270001635476042e+01,1.472921384534603284e+01,1.310664162326232862e+01,1.535436450757609173e+01,1.548721291275428236e+01,1.538055021346442253e+01
2.203761198412623301e+01,2.162671316992168258e+01,2.143749720604001752e+01,2.131157069932850590e+01,2.105254375018733271e+01,2.083234951492396192e+01,2.074974939254120088e+01,1.963940463581491613e+01,1.799010724753899026e+01,1.976628050708799123e+01,1.964057532207894141e+01,1.949275368509627526e+01
1.810292135601355668e+01,1.780818997890649413e+01,1.763132299230573707e+01,1.758823634341553088e+01,1.744392182391558066e+01,1.739192066793142288e+01,1.740767936926821946e+01,1.681571246267843733e+01,1.545681643075645617e+01,1.706657587521232955e+01,1.705667978893004388e+01,1.699054937523280984e+01
2.084622881743593936e+01,2.045483162535915156e+01,2.011642186197002147e+01,2.003083089027099106e+01,1.985128673700104684e+01,1.958069183263037871e+01,1.940716969081715959e+01,1.892898568873842535e+01,1.778216214258138095e+01,1.885568848926617136e+01,1.871645248120445260e+01,1.862829970530415125e+01
2.181728066252266629e+01,2.122112681945803914e+01,2.086108004990328979e+01,2.071466689851439469e+01,2.054899116537374226e+01,2.025835770770896715e+01,2.005806291104304151e+01,1.954947274705388693e+01,1.915337640386081475e+01,1.917124067252395747e+01,1.896148423498398117e+01,1.889350964508943775e+01
1.819049568572803466e+01,1.794041636962145603e+01,1.770600568333543734e+01,1.766582163365387004e+01,1.750842583608547187e+01,1.743325203320001293e+01,1.744075673245958669e+01,1.684940153281280928e+01,1.544196592034387727e+01,1.711133745409130569e+01,1.709596406234601673e+01,1.702259242411795981e+01
1.881279582910650916e+01,1.845099599180894856e+01,1.833281443258277577e+01,1.827306052302695605e+01,1.812356347722879946e+01,1.805223003082710420e+01,1.804782922793571842e+01,1.739173298165809811e+01,1.604655077070981051e+01,1.759914717617385804e+01,1.756876333619386443e+01,1.749870639591940602e+01
1.823417299788184565e+01,1.795499762065287186e+01,1.777089758054298230e+01,1.771967211836795286e+01,1.756591478226327041e+01,1.751012269293644152e+01,1.752402112995912020e+01,1.687424296737812668e+01,1.550033687627365175e+01,1.711741538597753021e+01,1.710390493444164051e+01,1.703430561594930737e+01
1.461268813149759360e+01,1.441382121033785957e+01,1.446384964817498719e+01,1.448948062535348491e+01,1.431884710584467335e+01,1.435537000248063144e+01,1.455468933141740173e+01,1.377127216738053939e+01,1.209213750887855277e+01,1.448298022965533072e+01,1.464823711901610359e+01,1.451831862341194856e+01
1.699061130717442936e+01,1.691108428113298956e+01,1.666109938507684163e+01,1.666449766419282241e+01,1.651157786534806604e+01,1.648033720362543875e+01,1.652576974249139496e+01,1.600238642943188339e+01,1.439401322856797982e+01,1.650637253747970590e+01,1.657032552674681014e+01,1.648546328666004968e+01
1.889684853493796979e+01,1.852281092073090818e+01,1.825660078264375485e+01,1.821254955513038709e+01,1.815156816762274161e+01,1.808673526539450194e+01,1.803060393154274621e+01,1.790027012487206193e+01,1.751434589267135422e+01,1.785709414948858154e+01,1.781498937784463621e+01,1.779914461750176713e+01
1.820418442487872923e+01,1.785320225657071447e+01,1.761247885740823804e+01,1.757250529341560252e+01,1.753147982634359181e+01,1.750064335156068296e+01,1.747399854529374252e+01,1.739154145883478364e+01,1.713501330228655561e+01,1.737824931305755882e+01,1.736228999260324812e+01,1.735537505317905271e+01
1.593563900542605616e+01,1.579529443878731065e+01,1.556836104853869251e+01,1.557524702290920082e+01,1.539557074921676438e+01,1.528741661134475827e+01,1.541228484134387067e+01,1.480130677256311778e+01,1.328554274748643316e+01,1.525664714737334826e+01,1.530031625852125110e+01,1.520036494819459527e+01
1.937432966763114806e+01,1.903304976447258312e+01,1.888519317564308508e+01,1.884013340056278452e+01,1.874028063448668036e+01,1.871028632936629776e+01,1.871725118659836440e+01,1.828577810535876225e+01,1.711823966848524847e+01,1.847136469203294240e+01,1.846818439250295896e+01,1.842706881252084372e+01
1.586337785398480982e+01,1.574283675598638332e+01,1.550956722618444594e+01,1.552267216285267715e+01,1.535528640978099979e+01,1.526978790671715380e+01,1.537286686497201238e+01,1.483314979805600053e+01,1.330907774356825435e+01,1.530479028748162840e+01,1.535777690298894704e+01,1.526788843208436042e+01
1.775129557365341171e+01,1.758360840076523246e+01,1.730641666548917001e+01,1.731053789971583257e+01,1.717507510998591869e+01,1.706385068779964342e+01,1.702268353598948991e+01,1.674486577345124161e+01,1.531854012468124360e+01,1.710310911644621257e+01,1.713500333885765414e+01,1.706481957331109811e+01
2.115025244414478678e+01,2.084432880809933764e+01,2.050829336313782747e+01,2.040101031832244161e+01,2.013571678803497633e+01,1.986695701637422928e+01,1.975159426680115260e+01,1.877370074087655993e+01,1.716719455290574459e+01,1.889401771665220764e+01,1.876125084231934537e+01,1.860931545043266055e+01
1.916139573719980049e+01,1.882620510841108441e+01,1.880486196758222306e+01,1.875685803357104220e+01,1.859707362924542906e+01,1.855707699427031088e+01,1.859573788390163074e+01,1.782258016651649157e+01,1.625157547094141464e+01,1.819724729683018438e+01,1.822041522465210406e+01,1.812300993746922018e+01
1.792350584326637986e+01,1.770428777203137471e+01,1.763076165773048487e+01,1.759359642094099740e+01,1.740190653908767615e+01,1.739276582767260493e+01,1.749495969298929410e+01,1.655097890346970146e+01,1.487045967295695625e+01,1.705684997165394634e+01,1.711715014331747042e+01,1.700353759180847391e+01
1.837043319790930340e+01,1.827834187532664956e+01,1.797027269128692595e+01,1.794320143896002406e+01,1.772336632883368424e+01,1.760681048458246067e+01,1.758904735562189003e+01,1.684128659612528978e+01,1.510425756631505756e+01,1.731969455228241372e+01,1.733268266147377901e+01,1.720794825347827839e+01
1.833128169386699469e+01,1.809287823220275371e+01,1.783336968286682023e+01,1.779345399924743987e+01,1.761385550314248150e+01,1.747539263945532895e+01,1.744136829458844673e+01,1.683115746370856769e+01,1.534901290484421033e+01,1.709624865786644676e+01,1.706707715616447629e+01,1.697080144229289544e+01
1.654550139944840126e+01,1.611334599680481361e+01,1.587056785668880998e+01,1.583459644683163070e+01,1.579269254654761845e+01,1.575335344866569010e+01,1.571801668074352598e+01,1.565135455810001908e+01,1.551068442073071374e+01,1.561531911358181723e+01,1.558831621895079600e+01,1.558409994851186120e+01
1.712333088935836756e+01,1.690140923021916919e+01,1.678773737945433808e+01,1.678060449805169441e+01,1.658461925652770219e+01,1.648955546241775494e+01,1.653447306477012191e+01,1.580723948682572377e+01,1.412358237539506156e+01,1.633920606680469234e+01,1.640857372577758255e+01,1.626532796250138801e+01
1.875302473134415138e+01,1.858280282375850945e+01,1.830582299097060783e+01,1.831124020873703984e+01,1.813201268827038604e+01,1.794059744941116463e+01,1.782332169305636071e+01,1.745612446882743640e+01,1.583796504374733338e+01,1.787861743118154578e+01,1.790121594792010384e+01,1.778264577197054308e+01
1.929203736803333058e+01,1.893350778875839424e+01,1.871051049384375276e+01,1.863726047718500212e+01,1.837246902112834590e+01,1.808672751559674907e+01,1.805987963783608663e+01,1.712782329729715158e+01,1.556541231907680789e+01,1.732896833878540122e+01,1.723636433273754065e+01,1.706811273039207322e+01
1.751414887606299331e+01,1.703585600057349225e+01,1.676331630154832553e+01,1.669249999670234530e+01,1.662202840658486025e+01,1.652149520271026972e+01,1.644917805967746816e+01,1.626382010422370072e+01,1.598216453724119823e+01,1.615081565119304230e+01,1.607624300053972988e+01,1.605436520577558213e+01
1.550022664839299047e+01,1.536054395901756386e+01,1.512894308963053369e+01,1.514024602292989918e+01,1.497366153091940610e+01,1.491432641020669614e+01,1.503306370458535390e+01,1.446390913974593850e+01,1.295280551687977955e+01,1.493533872336099044e+01,1.498887715859278025e+01,1.490552004508145778e+01
1.664759224260322767e+01,1.648084442053551513e+01,1.645721482048328355e+01,1.644612075199422208e+01,1.628993155834280770e+01,1.635488932718291721e+01,1.652664047973763317e+01,1.564607499396261581e+01,1.388211491817119914e+01,1.631357512339081239e+01,1.645783532188198350e+01,1.634772024726294148e+01
1.866272852767025014e+01,1.833921147858223222e+01,1.811089474042455194e+01,1.806671582690791666e+01,1.798606952158747418e+01,1.792998894396153986e+01,1.789371077606472582e+01,1.762621822834450924e+01,1.687037212972975553e+01,1.766276740767699494e+01,1.763380518568867572e+01,1.760750190312262475e+01
1.671642248663568253e+01,1.639305173454213005e+01,1.619155273953670005e+01,1.615448047113049057e+01,1.605989051449897431e+01,1.596113349566496531e+01,1.595033021962797370e+01,1.565218402202776282e+01,1.474945633732279227e+01,1.572944078023924241e+01,1.569863208817550948e+01,1.565171562996245846e+01
1.860705096025505512e+01,1.832298633899590712e+01,1.811879467757652762e+01,1.807856724666849857e+01,1.790704198334597663e+01,1.779818024274415933e+01,1.778065185090241229e+01,1.715375562695430389e+01,1.566839147585468517e+01,1.744523658994427961e+01,1.743376510417511227e+01,1.733972030169964285e+01
1.770714733350539305e+01,1.750203566024326918e+01,1.743878890467773246e+01,1.741684122528720735e+01,1.726085187746291894e+01,1.728152942184701857e+01,1.737954635007962523e+01,1.659342143070611897e+01,1.486544290983816019e+01,1.714998848292072609e+01,1.724051064802676692e+01,1.713654768216444779e+01
1.808179378911431812e+01,1.783781964438412260e+01,1.755828074282225870e+01,1.754899566407970468e+01,1.743731912489590030e+01,1.735061750954871229e+01,1.732253393681464004e+01,1.708583777069772580e+01,1.585679135351838376e+01,1.733369116984648173e+01,1.734195834954263304e+01,1.729396878386752689e+01
1.840936216170289086e+01,1.808296575447785770e+01,1.804242040297923566e+01,1.798511406016620384e+01,1.769651409777093676e+01,1.755163834862695893e+01,1.761014121651336595e+01,1.636920615022794934e+01,1.456391713024692969e+01,1.690771086881512275e+01,1.694842156839134262e+01,1.672943859802840905e+01
1.825882829229516702e+01,1.778342457812228972e+01,1.748081551635102571e+01,1.740548526425821052e+01,1.730020837335153061e+01,1.714318912492563385e+01,1.705162605579610968e+01,1.677275154052003003e+01,1.619515119687703830e+01,1.665353989051027384e+01,1.655159916442639556e+01,1.651247008379650794e+01
1.615816682520970815e+01,1.601695548629092158e+01,1.585392317822839381e+01,1.586557306193449612e+01,1.574022942153362514e+01,1.575922457234496754e+01,1.586221400853025365e+01,1.536899539205738030e+01,1.384679098114730245e+01,1.587854414756094990e+01,1.597064287124201520e+01,1.590082597413247179e+01
1.699137031084832117e+01,1.671662511458758971e+01,1.667172571108428869e+01,1.664804680937229620e+01,1.652640835319252943e+01,1.655036700965140284e+01,1.663856117115908617e+01,1.603527066475499296e+01,1.462052366624404165e+01,1.643588837790936452e+01,1.648778455523173747e+01,1.642908056132196748e+01
1.694122004245567936e+01,1.663203629720296917e+01,1.653337442721554496e+01,1.650680071087190726e+01,1.640409606568195500e+01,1.636676366471400712e+01,1.638924528303813943e+01,1.598377530642327748e+01,1.478935568554583035e+01,1.621298515914144645e+01,1.621908919995281551e+01,1.616451369545385575e+01
1.977889994830502829e+01,1.945729723957785140e+01,1.919248092628563640e+01,1.913264524278075385e+01,1.896776065164124248e+01,1.882657287268656887e+01,1.874877385911645078e+01,1.819009443571532003e+01,1.681179165990907975e+01,1.834711888344139652e+01,1.829083291590981375e+01,1.820825381719573954e+01
2.012579199780268269e+01,1.982979457273413360e+01,1.952180472212414131e+01,1.946107754092150088e+01,1.929009279398663779e+01,1.911404987913255127e+01,1.897727819283359096e+01,1.845125549458346015e+01,1.702135542824798264e+01,1.860139016145719637e+01,1.853681380742360929e+01,1.844592462913931996e+01
1.854252447140117610e+01,1.822796995577054346e+01,1.825653235159194665e+01,1.821502341126287661e+01,1.799085090740990012e+01,1.793933855367860986e+01,1.801746893185472587e+01,1.696115064886675228e+01,1.516605252635135948e+01,1.754862096354814582e+01,1.763370262737243976e+01,1.746462580325581371e+01
1.788833911232496732e+01,1.760094393186851036e+01,1.734127442436917832e+01,1.732211012494675373e+01,1.722440370708731194e+01,1.717675333671353144e+01,1.716279503364105707e+01,1.687628533757504457e+01,1.574050168911966274e+01,1.708360155736163222e+01,1.708683853116092521e+01,1.705026611147606985e+01
1.880760810239302927e+01,1.842513703251353618e+01,1.814433996813472660e+01,1.809656411675601362e+01,1.799615428890160018e+01,1.791755167698707396e+01,1.786461805078117848e+01,1.756643583762719985e+01,1.663527858700301820e+01,1.761988850518047656e+01,1.757796398231117152e+01,1.754328491862717243e+01
2.117992294368425021e+01,2.061066339975872452e+01,2.028699347219156479e+01,2.013455471316216716e+01,1.992814028199267540e+01,1.960250611245174213e+01,1.941347169326689581e+01,1.871708849664690533e+01,1.784614552165100676e+01,1.840660753914642100e+01,1.818176170732103358e+01,1.808472430001810949e+01
1.808876471669035979e+01,1.780166694900696100e+01,1.754882233518344137e+01,1.752113114538202154e+01,1.740742997481186904e+01,1.731712485728144912e+01,1.727027343553583094e+01,1.694762144734951548e+01,1.576175986942593177e+01,1.711868530743757333e+01,1.710166812238146505e+01,1.704973952698237838e+01
1.915169715456269373e+01,1.885026142285900264e+01,1.858382964153224393e+01,1.853040692773539888e+01,1.831866955122128360e+01,1.807936570390236852e+01,1.804476231146646725e+01,1.736270200447632206e+01,1.591952480985549023e+01,1.754783066363550148e+01,1.747983755201850542e+01,1.735721548283689941e+01
1.816968027224790561e+01,1.805978830485151221e+01,1.776409931566695732e+01,1.776412655156932630e+01,1.760425862567291944e+01,1.748448999851068919e+01,1.735988718325508628e+01,1.699131620231667128e+01,1.533462355512958375e+01,1.744575232059462166e+01,1.748388384423732944e+01,1.738542677703210870e+01
1.780271356555609330e+01,1.750239527516034244e+01,1.724332832391267445e+01,1.721103715642802712e+01,1.701226220838876912e+01,1.678419310653872998e+01,1.678464818963174920e+01,1.619020222878515014e+01,1.476338622952412472e+01,1.642649740886592014e+01,1.638629861850525415e+01,1.627172670170291013e+01
2.377806790590323160e+01,2.318545652683718927e+01,2.288711901679068816e+01,2.272508554643692946e+01,2.249804726589003678e+01,2.218181840812709282e+01,2.199510666469977238e+01,2.115877374790327181e+01,2.002568742103356314e+01,2.090371120939594363e+01,2.067610241027105999e+01,2.057175544149077240e+01
2.227581097119344733e+01,2.171918368937501143e+01,2.131578795456143993e+01,2.118309515658760489e+01,2.100629400283272474e+01,2.070862934289076662e+01,2.049717569653168070e+01,2.001082915742049195e+01,1.930792783783372002e+01,1.970866917715156319e+01,1.951137286917909464e+01,1.943873923054873387e+01
2.155490485173645610e+01,2.115339339148068021e+01,2.083607232036336043e+01,2.073329287629864126e+01,2.050998155639751985e+01,2.024839451391321887e+01,2.009096444345394517e+01,1.932649361302269497e+01,1.788105843343091905e+01,1.934972437834120740e+01,1.921289089365000891e+01,1.909261747257556863e+01
1.989215299598434328e+01,1.963177733536287306e+01,1.936286207778127633e+01,1.929001579506915220e+01,1.909504900812254391e+01,1.896034513425329493e+01,1.891810063606196834e+01,1.816320037481574090e+01,1.666403308804081362e+01,1.836640280361834243e+01,1.830902794625430730e+01,1.821082934921339813e+01
2.158387592183547454e+01,2.122173152610043090e+01,2.086107913429001215e+01,2.076791416891071407e+01,2.052206707816792886e+01,2.016830549783806248e+01,1.998496459060729435e+01,1.928183506746237796e+01,1.783217170317693601e+01,1.929228196168193676e+01,1.913718218826899076e+01,1.899967833087380598e+01
2.137396800057150514e+01,2.108511595006120487e+01,2.090635000272147792e+01,2.079703217834759954e+01,2.053174650939123325e+01,2.039216053286258301e+01,2.040623479768605719e+01,1.913585462057865882e+01,1.733856477999228574e+01,1.948931190647473244e+01,1.944906099162816915e+01,1.928564593139838479e+01
1.834379152202657437e+01,1.817371381317598988e+01,1.791395022789246028e+01,1.790827766292940026e+01,1.781509858789738843e+01,1.779053891727819092e+01,1.776894066167566066e+01,1.750107081338770953e+01,1.617180349432453923e+01,1.781159407108241766e+01,1.784578291941094008e+01,1.780227224420073640e+01
1.907678365089892125e+01,1.860909935956848571e+01,1.833784266013885755e+01,1.829045136892312939e+01,1.823318127079834028e+01,1.818844113703177356e+01,1.815118191796814173e+01,1.801219138036461587e+01,1.762185791859042538e+01,1.799035731104788738e+01,1.795589131812048933e+01,1.794655964489530930e+01
1.855775363394645083e+01,1.830660014673548019e+01,1.814157856968452265e+01,1.812212762219854056e+01,1.799338164773180182e+01,1.791964690370845403e+01,1.788110162095199840e+01,1.745626704671769502e+01,1.600516788938228174e+01,1.777887716479443014e+01,1.780087857912418414e+01,1.772090539970295708e+01
1.924089173484950166e+01,1.892213016108764023e+01,1.869389563709414048e+01,1.864179148286650189e+01,1.850321082925940175e+01,1.838944172989237558e+01,1.833195532007956174e+01,1.784145004532667045e+01,1.659083885149540905e+01,1.796820576404044800e+01,1.792123865093709512e+01,1.785352564460320934e+01
1.752861050960046541e+01,1.716321176099625134e+01,1.690646191552637490e+01,1.684580317586053155e+01,1.675779505218000054e+01,1.664923143130840089e+01,1.658412821571835494e+01,1.633062135914213897e+01,1.576365526027967867e+01,1.626338908095222990e+01,1.619286225701121751e+01,1.616003617839673723e+01
1.890902527462295168e+01,1.854891388102655370e+01,1.824160147722538383e+01,1.817703657238116932e+01,1.800607271887525940e+01,1.781358399810855531e+01,1.774499356986726539e+01,1.721403529227661622e+01,1.602289482957544564e+01,1.726327981177115589e+01,1.717196810769476301e+01,1.709765403905292658e+01
1.707184556109547557e+01,1.681762612810596025e+01,1.674423656247926928e+01,1.673745293115508304e+01,1.661550683956895114e+01,1.663324744422643420e+01,1.671940154418235736e+01,1.617929695038412419e+01,1.471074898048768809e+01,1.661236886581660599e+01,1.668080353891309286e+01,1.661549346211413081e+01
1.901223266538325518e+01,1.861193676854311363e+01,1.831460901794764240e+01,1.824501907863990624e+01,1.811767099990958485e+01,1.798169862852613221e+01,1.790963035777670953e+01,1.752108059351362002e+01,1.658361052877252817e+01,1.751125587404192885e+01,1.743355190805523236e+01,1.738513641611767468e+01
1.747959565823367356e+01,1.729424441100211496e+01,1.706068407594006331e+01,1.706895449063807035e+01,1.695807604216579989e+01,1.685612439745919744e+01,1.679337651593227676e+01,1.658321629652641249e+01,1.521506268657047123e+01,1.691755073984744229e+01,1.695719302571987797e+01,1.688907615312787414e+01
1.822750517451545349e+01,1.787066192739140646e+01,1.763785727710933671e+01,1.759760827583269815e+01,1.751678441040342449e+01,1.747680023365979451e+01,1.745967152535604683e+01,1.720113074712386592e+01,1.633395038400347588e+01,1.729444072068591964e+01,1.728297888379841041e+01,1.725799286269009514e+01
1.830095075087883671e+01,1.805362618324987878e+01,1.775282695267094013e+01,1.770628939416417325e+01,1.745632369930883243e+01,1.721614994884513550e+01,1.722687890736984073e+01,1.640580330394098851e+01,1.483790609526267623e+01,1.668516957311283022e+01,1.662410214325143798e+01,1.648795287936770393e+01
1.618887339220117738e+01,1.602427813392015210e+01,1.597949419473321520e+01,1.600938809372377847e+01,1.586639086538251853e+01,1.585309199708312455e+01,1.589694294914084516e+01,1.539875375038323035e+01,1.367004694456221792e+01,1.608059757999274098e+01,1.623221116071686154e+01,1.610113460436628685e+01
1.984811650405950800e+01,1.943895486736627376e+01,1.927172910546756057e+01,1.919735446832586234e+01,1.904284274620064821e+01,1.891682414079010499e+01,1.885593224834625303e+01,1.827151777975772617e+01,1.700814056703593380e+01,1.836302313246147833e+01,1.829261669210765362e+01,1.821947854501908637e+01
2.137519925939190202e+01,2.093893952691221116e+01,2.070498216332537922e+01,2.060734197049370664e+01,2.043276374971976139e+01,2.023565315212987059e+01,2.010787170760259457e+01,1.947643194944460632e+01,1.823668041996311828e+01,1.944356236878979161e+01,1.932067878205483780e+01,1.923466890674837515e+01
1.892888425112986184e+01,1.864518143290777275e+01,1.840715277586714294e+01,1.832120001142803289e+01,1.802931622588190663e+01,1.782400195131386056e+01,1.782299326687149588e+01,1.665386620645045568e+01,1.498843897802218983e+01,1.693470971178065554e+01,1.685422934904812209e+01,1.668538878163354866e+01
1.767782280620311397e+01,1.739047834276884785e+01,1.727105815809783351e+01,1.720685983439390299e+01,1.698548494021427757e+01,1.690366333375524022e+01,1.693650301016159077e+01,1.593472322003032993e+01,1.436377458378700034e+01,1.629240443435172381e+01,1.628354688522610516e+01,1.616713926330441353e+01
1.794966660701050287e+01,1.751051671256465525e+01,1.724588940034466944e+01,1.720242055421704919e+01,1.714250137421664277e+01,1.708726064682122825e+01,1.704127620083549388e+01,1.690802918844659430e+01,1.655376929654290663e+01,1.687523039166006811e+01,1.684137740969644526e+01,1.682968714664983167e+01
1.659681907957729763e+01,1.642398527093881100e+01,1.619941069614458584e+01,1.622480608276276826e+01,1.611880860127656234e+01,1.603531661471759406e+01,1.602233282642042766e+01,1.584009903908402528e+01,1.445968514800137150e+01,1.624158278901016672e+01,1.630742116072199011e+01,1.624209064062454644e+01
1.908959821069112550e+01,1.883797340605743287e+01,1.854458251167435989e+01,1.851615723930671464e+01,1.827960325690032306e+01,1.798514606197827703e+01,1.792244358633455548e+01,1.728814735386130863e+01,1.569670164161876791e+01,1.758723324827564483e+01,1.753991578517065975e+01,1.738971920149500505e+01
1.771473627244691684e+01,1.745292758816544776e+01,1.743716780453422999e+01,1.741848036960936952e+01,1.730893245363549937e+01,1.734822780677222198e+01,1.745009924729408013e+01,1.686675610564413219e+01,1.542394786889713920e+01,1.729618246956320604e+01,1.736198513184874415e+01,1.730326803693621684e+01
2.031175311992842225e+01,1.995719277601483910e+01,1.968423860041857054e+01,1.960711812833486078e+01,1.937638080315680611e+01,1.908917732934629896e+01,1.896538753024737289e+01,1.823627856637076761e+01,1.673913004884342470e+01,1.835985407128327296e+01,1.825797202549150811e+01,1.811541884143375825e+01
1.541760558969686379e+01,1.528064003677379823e+01,1.517974765483266886e+01,1.520255359377694582e+01,1.506415775283101333e+01,1.509207556802791395e+01,1.525240699052147342e+01,1.468227707508578028e+01,1.314198572951041122e+01,1.524788038417377400e+01,1.535688435177542921e+01,1.527613539644954521e+01
1.660781193438267067e+01,1.634519977826229464e+01,1.640213551093767919e+01,1.639297570924262004e+01,1.625039708647674530e+01,1.630273263031012476e+01,1.644891783750961523e+01,1.566745748904924262e+01,1.404987736469274928e+01,1.625860489701715750e+01,1.637745454338184103e+01,1.628545877803543362e+01
2.138670237245131389e+01,2.099679964144469935e+01,2.084456264485197252e+01,2.074011486645387237e+01,2.050503539227502614e+01,2.033115797952665105e+01,2.028112671124641864e+01,1.923845600825984903e+01,1.762978063098562487e+01,1.942933714866343564e+01,1.934426832298495569e+01,1.920985727840302104e+01
1.574270953430958464e+01,1.557221334899146292e+01,1.537333337928748200e+01,1.539545692675556232e+01,1.526765780692607244e+01,1.519600733190509878e+01,1.528772500799531464e+01,1.493289616752625371e+01,1.352878492150131429e+01,1.536516405010610065e+01,1.543198606073760182e+01,1.535756422462026727e+01
1.856032072993484050e+01,1.821305128905182968e+01,1.810373140607103082e+01,1.804911963883532167e+01,1.779627803973781397e+01,1.758385512069900614e+01,1.758764335061621509e+01,1.664270263891405577e+01,1.499758561497476173e+01,1.699329786227092143e+01,1.696562002712237316e+01,1.678906644384835545e+01
1.808743506930594336e+01,1.786297266442974419e+01,1.756138884570295389e+01,1.752097315372947861e+01,1.731247903308182146e+01,1.714778460977179719e+01,1.717177378431573587e+01,1.648032059280653172e+01,1.501257506466635228e+01,1.675071951881174215e+01,1.670959681997829804e+01,1.661302024703847025e+01
1.822529221501390495e+01,1.795235586199224898e+01,1.776974686612995313e+01,1.772779778658062355e+01,1.758104199418810509e+01,1.749178701976689609e+01,1.747701169381865682e+01,1.690478527547463372e+01,1.552366870459730031e+01,1.714493630507559629e+01,1.713171275920133851e+01,1.705108190179690553e+01
1.670179961713193606e+01,1.656648778513060094e+01,1.644914184626476938e+01,1.646337887283359436e+01,1.635287296919955935e+01,1.637422971622591206e+01,1.644003889774738170e+01,1.600220422225489969e+01,1.441929095157666474e+01,1.654966135502876767e+01,1.666422486582426288e+01,1.658437860499848426e+01
1.371187100141941961e+01,1.363835638317795862e+01,1.349799238639897148e+01,1.356494573658627267e+01,1.338768702584568437e+01,1.330821953250180734e+01,1.351470714083674984e+01,1.297502960730454369e+01,1.129907076594377635e+01,1.371390091255022803e+01,1.388178198050349188e+01,1.373517381274385762e+01
1.906181616133818935e+01,1.876913262148049100e+01,1.848489197750820878e+01,1.843070573188166605e+01,1.828255225458332944e+01,1.817255326571415708e+01,1.812765117665173520e+01,1.762843387082639524e+01,1.634793223472273027e+01,1.778033427879520190e+01,1.773577908243244039e+01,1.767010948198238651e+01
1.731565159951096788e+01,1.720824754751534513e+01,1.707294934804034270e+01,1.706772211230891401e+01,1.690624368616229134e+01,1.690803133180629914e+01,1.696239589292270367e+01,1.626630879960011455e+01,1.448254744679077710e+01,1.689443342182990904e+01,1.700681766782122750e+01,1.688561018850368356e+01
1.789646757987295089e+01,1.756395320848077191e+01,1.728445891878874008e+01,1.724803812353460586e+01,1.709792169799585793e+01,1.692393855982049899e+01,1.688141449616142964e+01,1.647263917934231969e+01,1.527443167288253711e+01,1.659426418157542571e+01,1.653887007491475103e+01,1.647016188159057037e+01
1.901485440851439890e+01,1.875182486737968546e+01,1.844117866135568207e+01,1.840853488099374147e+01,1.819591829115231718e+01,1.792971438151678854e+01,1.781721045345495824e+01,1.728533638739279965e+01,1.575064944458941518e+01,1.753412859478140717e+01,1.748058165386668961e+01,1.735710776327621829e+01
1.521126806303510115e+01,1.511892722397321087e+01,1.493264466252461098e+01,1.499292945287138501e+01,1.483640600086261507e+01,1.472889126363139489e+01,1.484593224403480072e+01,1.447553884346891984e+01,1.286745231498142950e+01,1.511163026260470410e+01,1.524185018682575965e+01,1.512222222091272350e+01
1.996083975797936105e+01,1.965745780297384115e+01,1.949090376752137033e+01,1.941747038142391801e+01,1.924220943129658679e+01,1.915939342118934263e+01,1.916016270337206961e+01,1.834803230783230177e+01,1.684276116205866103e+01,1.859145676967338545e+01,1.855624382966700026e+01,1.846857475121805692e+01
1.908330672123573279e+01,1.872372696327292019e+01,1.848038816215046509e+01,1.839346435691227555e+01,1.820405043799263467e+01,1.805420743999549416e+01,1.799142702673420402e+01,1.723028564894971382e+01,1.592826335138539129e+01,1.730708770372478966e+01,1.721581590827820563e+01,1.712968903710351753e+01
2.268812892503965983e+01,2.207530134332088423e+01,2.164614906737030608e+01,2.148765491238733460e+01,2.132708027383275606e+01,2.103672576641774583e+01,2.083011219118636248e+01,2.038020564479301200e+01,2.020241421028193329e+01,1.998006441368781338e+01,1.977689315191474506e+01,1.971609032114839977e+01
1.828039372522626493e+01,1.792939014169420986e+01,1.766003491631321864e+01,1.762613646405691981e+01,1.756141488513403459e+01,1.748711645357837341e+01,1.741633723033886483e+01,1.730983934779478872e+01,1.673642442484359449e+01,1.731117341192659609e+01,1.727680873922153992e+01,1.725633577207884173e+01
1.874407070229869632e+01,1.849526184353115710e+01,1.834987808579308322e+01,1.829539062335496880e+01,1.809711811622677402e+01,1.804386443550194485e+01,1.809417219822101330e+01,1.719687784172336720e+01,1.560126553170603536e+01,1.756827755274031233e+01,1.757375160924023660e+01,1.747075414756757539e+01
1.908231620412509599e+01,1.886464568946174936e+01,1.867826693443842956e+01,1.863949047680620907e+01,1.851428735107955958e+01,1.850171229548641350e+01,1.854457081742092228e+01,1.795044302890292087e+01,1.649880255342526780e+01,1.825537432905969837e+01,1.827280779332961558e+01,1.821161110168406339e+01
2.116477106870465619e+01,2.072091870627695798e+01,2.065659202468104283e+01,2.055098057217466589e+01,2.029283162437668153e+01,2.009996777290053416e+01,2.004090311125543522e+01,1.891751142578285183e+01,1.719941942207379171e+01,1.918534144759961890e+01,1.911261017211723257e+01,1.894276487821473864e+01
1.707212774880562378e+01,1.673273265868863646e+01,1.662910353112772910e+01,1.656224777248576885e+01,1.637344013102668328e+01,1.628268328315505897e+01,1.628391531947662330e+01,1.546673676258559205e+01,1.406969146358660261e+01,1.570273718031291388e+01,1.566103524681277470e+01,1.557095396046980618e+01
1.704017264484867766e+01,1.677487274270066209e+01,1.679809598110930224e+01,1.677860505039127759e+01,1.660927273810968074e+01,1.663224193267292605e+01,1.675885806059593008e+01,1.592400239868912060e+01,1.431532835151597460e+01,1.646535871970912268e+01,1.655084769531347533e+01,1.645127420783099126e+01
2.002144103470333292e+01,1.966027876749864944e+01,1.961381042079394277e+01,1.955184566733063178e+01,1.937806945210952136e+01,1.931162404832685553e+01,1.932662780450578666e+01,1.850263488850280780e+01,1.690537136379490235e+01,1.883917752083028319e+01,1.883725250371860582e+01,1.873326129265282702e+01
1.729544222304901169e+01,1.703598958130234919e+01,1.702715841273734654e+01,1.703439969763560669e+01,1.693217334133247931e+01,1.696909291191349212e+01,1.704986666545046958e+01,1.658061268357665696e+01,1.503931092961578919e+01,1.709478938013869254e+01,1.720090904255171793e+01,1.712826969495105089e+01
1.916910292962468176e+01,1.869229017567181828e+01,1.839029221374967094e+01,1.830660151095096211e+01,1.821155125090626825e+01,1.806221598581267784e+01,1.794826616393467233e+01,1.770199519239509200e+01,1.744274873556690508e+01,1.751392592410430638e+01,1.740810645455210803e+01,1.737674174665946936e+01
1.542180615531484911e+01,1.527040651517974545e+01,1.510463410745888702e+01,1.513425017602050637e+01,1.493978317471445472e+01,1.479919387031758582e+01,1.491606900137136371e+01,1.431108986179957476e+01,1.266288402972089422e+01,1.490089581985078659e+01,1.499821550176297968e+01,1.484543421517609652e+01
1.773967276426913386e+01,1.730994907342899225e+01,1.705427535111086357e+01,1.700371904186797423e+01,1.694991362041652394e+01,1.690456270349856993e+01,1.686789940330475090e+01,1.674043787548300699e+01,1.637791967455917685e+01,1.672035854699742430e+01,1.669001795599453075e+01,1.667907840917514051e+01
1.653456186493436419e+01,1.640825040238642529e+01,1.616131178257043288e+01,1.617188770331734560e+01,1.601835329847960310e+01,1.596041632046559577e+01,1.605570521742385992e+01,1.557587204609801468e+01,1.409005418592195902e+01,1.603423280983875543e+01,1.609103836127247078e+01,1.601575664895360518e+01
1.919364896707860524e+01,1.884446392208335297e+01,1.857529027244673259e+01,1.852600858392497685e+01,1.844335806529877431e+01,1.834757289910156430e+01,1.826363703094674307e+01,1.807073165019921035e+01,1.737798577272630141e+01,1.805028856241527535e+01,1.799679208220521431e+01,1.796440698688924442e+01
1.793939162890475458e+01,1.764437069693174820e+01,1.764456960159631294e+01,1.763134949799279383e+01,1.750209245503948097e+01,1.751295686362625048e+01,1.757744440136022845e+01,1.696651112519397842e+01,1.536336043398402929e+01,1.745519120476073738e+01,1.753303515796816825e+01,1.744484287406920942e+01
2.096957074531570342e+01,2.054978675737368476e+01,2.024184332529936725e+01,2.013755198943707825e+01,1.997337114057075524e+01,1.970192980509804670e+01,1.953741842542389762e+01,1.904492028029777728e+01,1.819552090667125199e+01,1.883718926362681856e+01,1.867298180737094881e+01,1.858916910426476932e+01
1.757207136969899963e+01,1.741256510141704794e+01,1.728894793769010718e+01,1.728913299941677195e+01,1.713110011019134049e+01,1.709297133733593910e+01,1.709787992939024193e+01,1.650826180930554798e+01,1.477467070402166804e+01,1.709569069725036172e+01,1.719824841023791251e+01,1.707356983018983243e+01
2.150276181449413926e+01,2.114491290082378683e+01,2.081913963242190491e+01,2.073061787472077100e+01,2.047363718448831804e+01,2.012898347835441371e+01,1.992723225564551015e+01,1.917012110793845991e+01,1.758373240435063778e+01,1.927759239203078323e+01,1.915061082262598902e+01,1.898834037895596794e+01
1.778261761152736042e+01,1.745199976265932307e+01,1.721494153329534882e+01,1.717438109699748594e+01,1.706728583586825465e+01,1.696455772073119306e+01,1.692736468766843316e+01,1.662034421782396620e+01,1.559938278559158142e+01,1.671922624849678130e+01,1.668527289984931983e+01,1.663651704235888928e+01
1.683855387381452928e+01,1.656343368897392665e+01,1.635358529958500995e+01,1.632997790026328033e+01,1.619017965034905160e+01,1.611617414053302610e+01,1.615681416895862199e+01,1.566581891956136907e+01,1.436761793786782171e+01,1.593622175127007345e+01,1.594088368457057392e+01,1.587506905248250710e+01
1.862245418997612845e+01,1.836921626663096063e+01,1.817496289516189378e+01,1.816794206028961156e+01,1.813730531975910765e+01,1.814620490085388127e+01,1.815299411384580353e+01,1.811221901473502882e+01,1.765086264717317377e+01,1.820807456730224061e+01,1.823432414163891835e+01,1.823222640344364720e+01
1.979604632152092947e+01,1.949791277113322607e+01,1.923713197553949428e+01,1.917065117444663969e+01,1.901383900406329275e+01,1.885779582135537424e+01,1.878064875801164035e+01,1.822910870804778583e+01,1.698296793368016822e+01,1.831150182132375903e+01,1.823855011399997395e+01,1.815728654235370243e+01
1.894767028275161991e+01,1.853822202093686045e+01,1.835721788528283938e+01,1.827953942670519893e+01,1.810617626949682091e+01,1.792025362814338507e+01,1.785520940409874058e+01,1.722387742100399421e+01,1.600853586521343530e+01,1.726843606546477616e+01,1.717608414706314690e+01,1.708376662352922892e+01
2.023899925147642520e+01,1.980084201791403231e+01,1.949879506731294398e+01,1.938924590996082031e+01,1.917247651527315355e+01,1.885528820090328850e+01,1.874365256061362217e+01,1.803154480013960992e+01,1.684576343775092866e+01,1.792454876074452130e+01,1.775310475191046677e+01,1.763600441559886889e+01
1.851630705330924442e+01,1.820791635620822646e+01,1.795230333732343198e+01,1.789108941235235051e+01,1.763633546614162384e+01,1.737730220317722285e+01,1.736723437116731716e+01,1.647886665143943574e+01,1.491875924832192091e+01,1.671207365289966873e+01,1.663473616797281451e+01,1.648105038052305105e+01
1.852569661097966858e+01,1.814281370393696236e+01,1.790898016389450831e+01,1.784087206750022858e+01,1.776609784021924554e+01,1.768543115180541037e+01,1.762723504721740042e+01,1.739667353185766174e+01,1.687438349432579443e+01,1.734401427218500658e+01,1.728562921908584471e+01,1.725815036214979870e+01
1.961400774303789163e+01,1.935686325356828874e+01,1.905305676746836596e+01,1.901434163117269094e+01,1.875876556138898366e+01,1.844269878509524574e+01,1.832865271642828375e+01,1.762806169027826897e+01,1.595645997721432430e+01,1.795190869536199330e+01,1.790556228574932263e+01,1.773119947939096619e+01
2.280308256713260917e+01,2.217824310733982784e+01,2.177459478747499233e+01,2.161173432339303702e+01,2.141468221895989643e+01,2.104559788919706875e+01,2.081001274290436598e+01,2.021508095664075810e+01,1.975364485494219124e+01,1.975496391950734676e+01,1.949836633279130282e+01,1.941114186980025380e+01
1.688529835886875574e+01,1.668914064722832435e+01,1.646057609323315418e+01,1.646233938264942509e+01,1.632316952132596555e+01,1.624547697666064039e+01,1.627265529696253665e+01,1.586207871261906099e+01,1.443042336428221439e+01,1.623560402929747681e+01,1.626985127295148814e+01,1.619598885201173744e+01
1.822530234601092403e+01,1.792718936503658611e+01,1.774966590755331097e+01,1.770343734628725940e+01,1.751026721782807272e+01,1.734773679401800450e+01,1.734027242799620794e+01,1.662179969769158205e+01,1.514688153543537830e+01,1.688126842861063892e+01,1.684954230814382115e+01,1.672983563806401008e+01
1.665131650346525660e+01,1.654897907719078276e+01,1.634350752762092540e+01,1.638164261535717259e+01,1.620859924624239312e+01,1.608587399426760101e+01,1.604290493951558361e+01,1.564893506395714873e+01,1.391263100635469563e+01,1.629609814457960226e+01,1.641680539425493279e+01,1.627179400550463129e+01
2.176623491151594081e+01,2.135516173027670916e+01,2.105082041808602966e+01,2.094100951125646759e+01,2.067444975315471822e+01,2.031284260267208452e+01,2.014493902087417254e+01,1.927172245834427500e+01,1.776137164936374191e+01,1.928449484737726038e+01,1.911966241279260359e+01,1.895236163593401102e+01
1.825578296770953912e+01,1.808222695525099866e+01,1.791481516232832050e+01,1.787449180134211701e+01,1.769849017826854265e+01,1.766845155021471925e+01,1.771524480581315331e+01,1.690841246308621848e+01,1.520317462186079105e+01,1.736180381459016786e+01,1.739784438060616978e+01,1.729198854633241922e+01
2.170270197619018759e+01,2.112712585015794176e+01,2.072124384465548630e+01,2.055914075602887436e+01,2.035636644827503972e+01,1.999334447528109138e+01,1.978443363853718395e+01,1.917169410528329010e+01,1.845172383541845917e+01,1.880650539508152974e+01,1.857764527256017217e+01,1.848623480827460952e+01
1.665866487027814813e+01,1.645859214454298680e+01,1.623570625557631431e+01,1.624035370582275561e+01,1.598344629045476317e+01,1.573000404891231163e+01,1.585326999286002980e+01,1.504457608945560487e+01,1.337056531106123636e+01,1.554935634061921057e+01,1.558292984398569736e+01,1.539651456505692373e+01
1.773032283154700295e+01,1.728727584256126804e+01,1.702221964996558867e+01,1.695120771451068720e+01,1.688120856880826892e+01,1.678264506508698162e+01,1.670511788127007335e+01,1.652410914416057253e+01,1.628514031943604934e+01,1.640797265381375070e+01,1.633989696167254735e+01,1.631923370796707928e+01
2.126540563552012841e+01,2.073447939914411009e+01,2.053166061947736054e+01,2.039222122708596885e+01,2.015519715753450214e+01,1.987207751819282464e+01,1.973022050490964219e+01,1.882205243589732291e+01,1.755726936746847500e+01,1.870801376590553389e+01,1.852246900807474717e+01,1.840213476000672443e+01
1.720731930550731548e+01,1.691500576499644737e+01,1.685574954312980722e+01,1.683321181439320213e+01,1.670685081191469123e+01,1.671895612439469403e+01,1.679536330084140516e+01,1.618022235272320941e+01,1.473021687430547111e+01,1.657663121691903285e+01,1.663080572670369506e+01,1.656791258364295771e+01
1.698486448186308806e+01,1.681241528821496090e+01,1.678195484090407419e+01,1.676051589986095536e+01,1.657329659940344158e+01,1.661503917507599226e+01,1.678203763153698347e+01,1.578130392135726545e+01,1.401415752561178785e+01,1.643911235997747156e+01,1.656843462166876080e+01,1.644323357583131440e+01
1.675089280194869801e+01,1.654649531631482162e+01,1.634790625960436117e+01,1.632874648538985696e+01,1.617709925481792510e+01,1.612455789332246070e+01,1.618586923600202354e+01,1.560354480810627997e+01,1.420056518103636201e+01,1.592996574936775822e+01,1.594179208923159941e+01,1.586859031588380553e+01
1.887226399457226123e+01,1.849718950788018290e+01,1.822052436557858002e+01,1.815040387639729857e+01,1.801363259124090632e+01,1.783741936050009258e+01,1.774936641336453746e+01,1.733310684511902977e+01,1.642395378545218776e+01,1.728500522343783530e+01,1.718747552692186886e+01,1.712767158791817934e+01
1.830796466261155686e+01,1.788417117856795713e+01,1.762352757116524415e+01,1.756574147982750844e+01,1.749586804646255445e+01,1.741295067442653277e+01,1.734744130974904763e+01,1.716276734431269446e+01,1.680927043312746250e+01,1.707977482989830520e+01,1.702141184369246574e+01,1.700136270358898116e+01
1.529618157601271555e+01,1.510931407154086692e+01,1.509028953832696551e+01,1.508082144801632118e+01,1.488987806347171805e+01,1.493007569223839504e+01,1.509012227409095352e+01,1.415307743626072501e+01,1.250981877730663605e+01,1.476947432195777132e+01,1.488327240312605149e+01,1.477477493293505084e+01
1.971490835149904441e+01,1.935401173117275064e+01,1.912683622332915334e+01,1.907519154953448037e+01,1.896680197490658060e+01,1.891388496105732031e+01,1.889662866718643741e+01,1.846998425965426449e+01,1.736954080796678923e+01,1.859185349103513119e+01,1.856832364344259290e+01,1.853059190026635861e+01
2.026378277266363526e+01,1.995567337929495366e+01,1.968945047462478826e+01,1.962244035772267381e+01,1.932777753586174896e+01,1.898629817965726119e+01,1.884856432006327864e+01,1.792308790835173582e+01,1.615670567801229041e+01,1.825733280399110470e+01,1.819711599436233840e+01,1.797093757125635705e+01
1.893601603917848664e+01,1.870629849776463161e+01,1.841640299869002817e+01,1.836908442988018919e+01,1.820802165835508646e+01,1.808403529153434874e+01,1.803987465399045576e+01,1.749878851620567488e+01,1.611856287646876851e+01,1.770080128248832096e+01,1.765972229228422563e+01,1.758298418222067738e+01
1.861415696237045481e+01,1.842089181041474788e+01,1.814869835807054343e+01,1.811663442914063182e+01,1.797710603005140229e+01,1.790927699287779262e+01,1.787309998813175227e+01,1.737701167284920345e+01,1.589283888950038381e+01,1.768171083669768961e+01,1.768472041911870107e+01,1.761226451282198013e+01
1.638921971321387971e+01,1.598845990301890119e+01,1.577444887649814298e+01,1.573604877252547674e+01,1.568061525920478338e+01,1.564513664825920891e+01,1.562028668429747036e+01,1.546996510275757153e+01,1.499661022401842736e+01,1.549114273403337982e+01,1.547180040032683657e+01,1.546090181356308868e+01
1.926616348886028263e+01,1.898562262098206688e+01,1.870749783710023095e+01,1.867926620641623003e+01,1.856693471905369108e+01,1.845263373707687293e+01,1.833580585056487777e+01,1.810139702698532815e+01,1.688812124679443727e+01,1.826040263732982538e+01,1.823718080225156157e+01,1.818210635218764537e+01
1.772263366831863962e+01,1.739696641301356195e+01,1.714772374295052160e+01,1.711504552840636251e+01,1.706936750619653509e+01,1.702500228974400898e+01,1.699690203368937702e+01,1.692472278263557328e+01,1.647551659478581243e+01,1.694675627424118147e+01,1.693046404913202352e+01,1.691712542784357964e+01
1.865180415905176048e+01,1.839611834887383068e+01,1.832305118789443910e+01,1.828557287947482024e+01,1.810986449082712113e+01,1.809488628415475375e+01,1.817116481071443346e+01,1.731490681397804465e+01,1.562370100229785841e+01,1.779745877772742091e+01,1.785310844114469475e+01,1.774508016235316887e+01
1.802804573474653083e+01,1.791829825402986032e+01,1.768120372373608618e+01,1.771488649247267944e+01,1.757903986319968936e+01,1.745449597047165469e+01,1.729329616802607816e+01,1.712404579446108599e+01,1.545519393023285382e+01,1.767099559108043394e+01,1.776335795612600421e+01,1.764901729871560576e+01
1.649663073468911634e+01,1.626376699241505364e+01,1.604237171646565585e+01,1.604950514865069522e+01,1.595770962204537646e+01,1.588610976895669147e+01,1.591450710799817791e+01,1.570692417503397742e+01,1.455249778490918722e+01,1.597851286669710014e+01,1.600926204547151244e+01,1.596508598326954420e+01
2.015369689227745553e+01,1.988352674572680812e+01,1.960192544035990991e+01,1.955166275889560978e+01,1.936303424202134948e+01,1.917439667905411227e+01,1.906913010321304469e+01,1.848469039557234694e+01,1.698026340613151675e+01,1.870295766177574137e+01,1.864913985750612468e+01,1.854121285711467237e+01
1.730660909030573080e+01,1.702616111214107875e+01,1.681545213267542138e+01,1.679775308041589454e+01,1.673217936942132411e+01,1.669388379534962041e+01,1.669525000613131382e+01,1.652370489995024982e+01,1.565009145884934760e+01,1.666572496718206509e+01,1.667282663828568090e+01,1.664591876782979796e+01
2.039219756641801595e+01,1.998432661119942466e+01,1.963735068003112261e+01,1.956168838423315748e+01,1.941972346530114635e+01,1.921320036505584028e+01,1.905313797991668068e+01,1.872561168586617342e+01,1.776719236592157714e+01,1.865952442485377105e+01,1.855530885228169424e+01,1.849708490625270940e+01
2.007117533530506748e+01,1.967009434676075941e+01,1.934450152381681320e+01,1.926176876243734171e+01,1.909552194540606251e+01,1.891471890398140232e+01,1.881088077954114013e+01,1.828102027243749106e+01,1.712955718091859936e+01,1.827421305600009305e+01,1.817147870008242094e+01,1.810200491632771502e+01
1.721833829306796204e+01,1.713229918861409473e+01,1.692028013145059973e+01,1.693560542411564995e+01,1.683111062837060956e+01,1.682451978347096144e+01,1.681872038572980799e+01,1.649989392816067735e+01,1.493486348315625101e+01,1.699881404071258828e+01,1.708918670376053583e+01,1.701808164130669354e+01
1.785791226994384928e+01,1.745822820260072561e+01,1.720508208073281153e+01,1.715867617622267716e+01,1.706775352201961482e+01,1.698868271876041547e+01,1.695277049685838833e+01,1.668194190898514151e+01,1.589555842092846838e+01,1.671353776862004992e+01,1.667387330521217947e+01,1.664365795362915890e+01
1.906847894553957801e+01,1.873881314081375038e+01,1.855190963524162484e+01,1.849588621693649060e+01,1.827999508355517122e+01,1.809120725921570738e+01,1.805967353315375945e+01,1.729205149348960546e+01,1.575901810050744878e+01,1.754657137981059378e+01,1.749797627933731903e+01,1.736906607258033119e+01
1.706469747447902918e+01,1.696987307626933372e+01,1.671261759366985089e+01,1.671836950596826910e+01,1.656614186359290386e+01,1.650631558597128645e+01,1.649043205033381199e+01,1.602443128522470417e+01,1.437577908025716944e+01,1.654210928842999095e+01,1.661186579520772355e+01,1.651749955334587838e+01
1.631659985254692558e+01,1.601537128076287431e+01,1.580039918453904768e+01,1.577911780940313768e+01,1.570339733211060995e+01,1.563969306925630853e+01,1.565595131654346694e+01,1.544241071765675777e+01,1.459455927339516457e+01,1.555803993713163003e+01,1.554935330591040987e+01,1.551859147151492202e+01
1.941956425717971868e+01,1.919502235097860776e+01,1.888170318405756021e+01,1.885708190129534501e+01,1.866150282335571120e+01,1.841053838193742109e+01,1.819976116531043786e+01,1.780169070986486091e+01,1.618873148677417717e+01,1.811379860677304521e+01,1.809139006841787634e+01,1.796333942755134672e+01
1.788753596069915730e+01,1.774970382973019767e+01,1.747329693268654083e+01,1.745444665592720668e+01,1.729285162631560979e+01,1.720646804074598180e+01,1.716960492495018897e+01,1.663951936281762656e+01,1.504307787851170453e+01,1.704127394141827523e+01,1.706206399710353949e+01,1.697092649046602020e+01
1.833046593943321412e+01,1.802096903864834943e+01,1.789690063068519166e+01,1.783192651048698707e+01,1.763101360950129504e+01,1.753909333514788926e+01,1.754992195226245499e+01,1.668034343531233432e+01,1.521612403096310295e+01,1.694208325245819680e+01,1.690492633963840419e+01,1.680633164780248023e+01
1.682362795847032899e+01,1.668654550098396427e+01,1.647239982237281097e+01,1.646762702403149348e+01,1.630017953828731692e+01,1.624686880959304602e+01,1.630389180945428862e+01,1.569206056750756950e+01,1.409308770941637512e+01,1.617513649851537849e+01,1.623093560142729430e+01,1.613213817571789122e+01
1.750476006528716155e+01,1.726889464869301705e+01,1.701773046174780646e+01,1.700286716820345845e+01,1.674110910491889115e+01,1.645515678053742192e+01,1.654010155152451134e+01,1.571731840975220429e+01,1.408354217907339212e+01,1.612032222855205532e+01,1.610897405473459187e+01,1.593090533487005267e+01
1.784558240815391983e+01,1.753268545932974476e+01,1.730018517945799417e+01,1.727232913790548707e+01,1.720127830434513072e+01,1.716253426280911043e+01,1.715203546880573882e+01,1.694143798295926118e+01,1.614672964224713425e+01,1.703324522788113171e+01,1.702510311923547803e+01,1.700270154698998937e+01
2.050686661804528299e+01,2.013146497423419490e+01,1.982213180431692834e+01,1.973798513315336578e+01,1.948927191955693417e+01,1.916759621970940941e+01,1.905346840546713238e+01,1.828189328785364509e+01,1.680505101625501752e+01,1.836212665851785886e+01,1.823420494375937650e+01,1.809120399136864421e+01
2.010487865939807151e+01,1.977840895416429490e+01,1.953784165207963142e+01,1.947294052100443196e+01,1.920894098855860932e+01,1.891824055480491751e+01,1.886371754730580008e+01,1.798520817438801700e+01,1.636924717827342945e+01,1.823305599175623115e+01,1.815638116818250936e+01,1.798237838676789124e+01
1.593062439002440733e+01,1.572912913448127803e+01,1.565887286026979019e+01,1.567238036308689253e+01,1.554008735153866461e+01,1.550095373437122781e+01,1.557357709457427042e+01,1.507880887228545141e+01,1.354092267191098564e+01,1.558622183268056283e+01,1.568085556227457467e+01,1.557633878725336096e+01
2.068308868179382287e+01,2.024876151201083374e+01,1.997503373282007644e+01,1.988354865526460458e+01,1.974738276985002017e+01,1.957587430526868388e+01,1.945813901266560109e+01,1.900439094386212346e+01,1.820077023111564429e+01,1.887148150287259085e+01,1.875074592152590824e+01,1.869493229407814283e+01
1.517230079315779712e+01,1.503481579884710762e+01,1.482548540629820799e+01,1.486597440848061602e+01,1.470700590322912227e+01,1.457889550093587694e+01,1.471871585757280521e+01,1.430453853841986422e+01,1.279988531436696242e+01,1.481857960540020791e+01,1.490289885805491998e+01,1.480230098449538012e+01
1.860424541314076308e+01,1.848520834056153817e+01,1.820489440201374620e+01,1.820195222916947841e+01,1.803072199899205685e+01,1.791337525219860538e+01,1.781777179787239973e+01,1.736802338571809301e+01,1.568833298507963470e+01,1.783988208216830174e+01,1.787958285961817850e+01,1.777096666404347047e+01
1.772392302484503190e+01,1.749212712349727283e+01,1.723890106663184341e+01,1.724570154332170802e+01,1.715079157703969059e+01,1.705948689794084316e+01,1.696742835767659230e+01,1.684817723074081997e+01,1.557811063810402352e+01,1.712675071042483665e+01,1.715097788476933616e+01,1.709805177012479049e+01
1.945276676814917849e+01,1.911962422489260049e+01,1.884678951775248024e+01,1.878617727925465886e+01,1.861649637591073514e+01,1.847307423849435537e+01,1.840022780049143236e+01,1.780903007068625854e+01,1.642819721509378539e+01,1.796143394334366405e+01,1.790075015556915972e+01,1.781797170261470598e+01
1.682215894737981543e+01,1.663333308360413199e+01,1.646163730678901160e+01,1.647780649574328038e+01,1.632029601295000276e+01,1.621168968537386235e+01,1.628711891163558434e+01,1.582272723799084879e+01,1.431545073071034757e+01,1.627721633941852275e+01,1.633320893750646619e+01,1.622754709871810519e+01
1.680796713036026446e+01,1.666142870533573372e+01,1.638005206678893799e+01,1.635982476365808935e+01,1.609049128992943167e+01,1.590240149248995571e+01,1.599462280731299479e+01,1.506318152813735800e+01,1.336969953923559196e+01,1.553236084065275513e+01,1.552860946409784226e+01,1.537373669090957939e+01
1.627939705896601552e+01,1.612060729432503692e+01,1.591560230471962889e+01,1.593738622479111733e+01,1.577843476430481040e+01,1.567278565262990320e+01,1.573492813621592923e+01,1.530202798205064774e+01,1.376354924944951996e+01,1.579292537451526890e+01,1.586615918169133188e+01,1.576397089094488813e+01
1.777394903394713666e+01,1.740262353307833010e+01,1.726524717790237773e+01,1.722443847262719885e+01,1.713937360989919512e+01,1.710965603445301042e+01,1.711290330957866601e+01,1.678416068581617893e+01,1.580284573540081006e+01,1.692007204824793831e+01,1.690763231405320610e+01,1.687415205481991620e+01
1.782808719165631928e+01,1.765652101658163886e+01,1.743421946820959434e+01,1.743795900382768593e+01,1.727404966255778618e+01,1.716382405233406416e+01,1.716696643322988436e+01,1.669399633045730624e+01,1.513021974301766370e+01,1.713920741121515334e+01,1.718627940727861514e+01,1.708274062017437700e+01
1.801423022104701133e+01,1.781322554611137932e+01,1.755805354455801037e+01,1.753449307728852347e+01,1.740787118917869947e+01,1.734967993399538955e+01,1.734554007316358692e+01,1.690893436362877722e+01,1.554878158934838162e+01,1.719094864148413393e+01,1.719845266649558013e+01,1.713816517779886084e+01
1.718288660053320527e+01,1.700662868922420401e+01,1.692409074907527256e+01,1.693825034675951713e+01,1.679328990206165173e+01,1.676440934011266393e+01,1.678134027375209669e+01,1.626777765456604286e+01,1.456247502212258560e+01,1.688029647585008064e+01,1.700365876772511697e+01,1.688098849557498937e+01
1.787498812053673092e+01,1.768719077799298489e+01,1.744825007178938492e+01,1.744974686035718037e+01,1.729126081332015730e+01,1.714229493428622675e+01,1.710034666369817913e+01,1.671748399236350124e+01,1.520591942303802035e+01,1.710028283204881205e+01,1.712741940254234763e+01,1.702560315926470480e+01
1.706403371531596846e+01,1.673336629722200186e+01,1.667890073006480733e+01,1.663721228908206484e+01,1.645164092178342941e+01,1.639984553434535286e+01,1.644935073961616823e+01,1.563379569267214642e+01,1.415051271212122153e+01,1.599257767546536080e+01,1.600495255635914660e+01,1.590951924590829769e+01
1.823917385375360212e+01,1.774400090808888208e+01,1.742313936081533043e+01,1.732745421509335415e+01,1.719912424069220691e+01,1.700307649013401345e+01,1.690701028186447630e+01,1.653683135239114321e+01,1.589204940672533617e+01,1.639066598461781865e+01,1.627330611074579636e+01,1.622396425249619512e+01
1.710773610778732134e+01,1.703787484118644002e+01,1.682346311232544522e+01,1.682561742353966139e+01,1.668719402730669543e+01,1.670371719220090512e+01,1.676590382512911148e+01,1.621221729884093676e+01,1.453900938003568122e+01,1.677217898767120374e+01,1.686523602500749419e+01,1.677991919405324950e+01
1.996155201657311196e+01,1.949971078765864618e+01,1.915710168618818798e+01,1.904369364192921665e+01,1.880571266077784998e+01,1.844393466886125310e+01,1.834504431101953870e+01,1.758590430114947267e+01,1.637987812471134319e+01,1.746166003157722457e+01,1.727458722429782867e+01,1.715196244785112611e+01
1.610390297854422315e+01,1.595427484853338207e+01,1.592065439818967754e+01,1.593878397316052364e+01,1.580334546363225989e+01,1.585567875526404258e+01,1.600289193525035003e+01,1.537574560643693822e+01,1.372419780825594593e+01,1.600942309256284801e+01,1.614497918232773443e+01,1.605031281979242408e+01
1.982898014895353711e+01,1.949678817674058351e+01,1.938306679796174237e+01,1.932127104487683766e+01,1.912732983262549169e+01,1.900662447152739531e+01,1.896666313518408131e+01,1.814610197890282350e+01,1.650188678915898421e+01,1.847748943576057457e+01,1.846690834466415154e+01,1.833866493719332880e+01
1.759535058466272162e+01,1.738350817329331122e+01,1.714081485304824426e+01,1.712681015153788877e+01,1.686794493671289530e+01,1.662519067188765121e+01,1.665051949600838910e+01,1.582960250403839986e+01,1.411242627952727879e+01,1.631641008441710738e+01,1.633813204944697972e+01,1.615089399063176501e+01
1.932969359179093871e+01,1.901993708050855858e+01,1.873241202224157220e+01,1.865973762516642864e+01,1.842827217105461557e+01,1.822698574381872305e+01,1.819117688569579983e+01,1.735550033093381117e+01,1.586918319446952275e+01,1.752714369501970992e+01,1.743915307600036257e+01,1.732299558835551068e+01
2.059039575964704127e+01,2.013506933075785454e+01,1.980768394082737771e+01,1.972163839775240746e+01,1.960924413039356295e+01,1.943941750686567360e+01,1.930107717981109872e+01,1.901434601821416592e+01,1.852992647312196439e+01,1.882894157979148986e+01,1.870700644404994861e+01,1.866466137077572540e+01
1.672755986926322791e+01,1.645528653072959102e+01,1.626369845259601377e+01,1.624368033254766885e+01,1.613302281547496619e+01,1.604201265037490032e+01,1.606321370581198593e+01,1.571092248905413591e+01,1.456270664852012153e+01,1.590884224216744336e+01,1.590151600752580840e+01,1.584164619665856399e+01
1.706834648287629719e+01,1.690785781309839209e+01,1.685590970692445367e+01,1.685306126763100565e+01,1.672152070417957503e+01,1.679192747981685585e+01,1.694840922333210997e+01,1.622737267488989588e+01,1.455752322150554257e+01,1.682526254397188836e+01,1.694968809465450121e+01,1.686615013631123361e+01
1.712800649267733277e+01,1.691449706215574977e+01,1.667475793606107359e+01,1.667559126800536262e+01,1.659850078974129417e+01,1.657961300940710458e+01,1.660424355240732908e+01,1.641094790016207483e+01,1.529202098701090229e+01,1.668103669647489795e+01,1.671595321626848474e+01,1.668682460150836988e+01
1.728836498323810744e+01,1.697872646292157484e+01,1.680564757570076395e+01,1.677869422523748710e+01,1.663998616760728311e+01,1.654351411057135124e+01,1.657496918600864078e+01,1.608881561928971493e+01,1.481568907059898699e+01,1.632943754175870765e+01,1.632160668173360918e+01,1.624866975537551639e+01
1.744369370284217879e+01,1.726572506911162819e+01,1.724905463685168527e+01,1.724203908333863922e+01,1.711597983451506622e+01,1.719997696941871368e+01,1.737514222842819933e+01,1.661512582059315335e+01,1.492991309249630838e+01,1.724425337376894873e+01,1.738031835430594541e+01,1.729882498346988484e+01
1.956331756286958878e+01,1.929968572713434227e+01,1.900872466922295345e+01,1.896583880305902881e+01,1.881046314624199312e+01,1.866980901629796818e+01,1.857975199859420812e+01,1.813309895350203860e+01,1.674506738087535851e+01,1.833287545854523870e+01,1.829543085345701670e+01,1.821666376718480507e+01
1.638889176589562524e+01,1.607160955108029654e+01,1.582656686641466770e+01,1.578975616722256881e+01,1.570378607249491942e+01,1.562333416293379962e+01,1.563176119443073908e+01,1.540210009188878537e+01,1.452512979867806031e+01,1.551620101737296942e+01,1.550825729429846866e+01,1.547260910630365593e+01
1.725954075376542463e+01,1.707921783706175134e+01,1.685059663502817173e+01,1.686051689605077542e+01,1.673773153546000003e+01,1.666932998164963919e+01,1.667082416557883207e+01,1.635024848901982253e+01,1.491484376029144876e+01,1.675108868844384347e+01,1.680572457376653617e+01,1.673584501009018055e+01
1.745253344494902947e+01,1.716864799211704806e+01,1.692469136626813153e+01,1.690311640387535164e+01,1.679895794313122792e+01,1.670217624015603519e+01,1.667315893722973286e+01,1.640975250114096085e+01,1.530963741342572781e+01,1.657362444682689073e+01,1.656214421330311026e+01,1.651387149255609188e+01
1.400064785610768503e+01,1.376285790622167049e+01,1.387303080972110259e+01,1.388425576393266248e+01,1.371830496267975086e+01,1.378850520262077417e+01,1.398290231799519923e+01,1.313422665360613628e+01,1.151675688379894247e+01,1.381463037549334949e+01,1.396643504468765862e+01,1.385838937999628762e+01
1.707285691538463723e+01,1.683379459764946162e+01,1.680940274964481418e+01,1.679879833738069550e+01,1.670760434260404281e+01,1.675326680305573035e+01,1.685360268615447765e+01,1.633717446064587975e+01,1.494959657687474852e+01,1.675973416806616711e+01,1.683848529648330938e+01,1.678713770819548756e+01
1.940784713155936814e+01,1.908766441335386688e+01,1.889702295439355240e+01,1.881267862102748012e+01,1.853968559219063650e+01,1.833998982976934400e+01,1.831878130767488599e+01,1.722039698693459897e+01,1.555189351007679655e+01,1.749955728880607353e+01,1.742798461683592492e+01,1.726317853754814280e+01
1.655371442521025571e+01,1.636221136902079465e+01,1.632577239655445211e+01,1.634503518831138535e+01,1.624005555800972189e+01,1.627883521609656725e+01,1.634262094177188018e+01,1.589358046615982012e+01,1.424853319527186990e+01,1.649337139867442659e+01,1.662917349529253741e+01,1.654146473192342626e+01
2.150450428292177563e+01,2.111043119823081682e+01,2.074361436266459791e+01,2.062997378660330838e+01,2.036118286580337156e+01,2.002029360423163951e+01,1.987671543724105661e+01,1.898991805413048084e+01,1.753541685591289578e+01,1.896186149297550116e+01,1.878171679210092648e+01,1.864351771589428353e+01
1.813064335107182856e+01,1.786932115007132538e+01,1.769581219320226140e+01,1.763024984264490058e+01,1.742477036959535752e+01,1.733785217409365487e+01,1.735453982782391691e+01,1.647543024661196753e+01,1.498923429114575789e+01,1.674166993675046200e+01,1.670731992135653954e+01,1.661034762207269466e+01
1.563034290954025529e+01,1.541711448917625127e+01,1.523252627122830383e+01,1.524007401766324499e+01,1.508684244618362236e+01,1.498226495152773730e+01,1.509749505098685241e+01,1.458424013842931721e+01,1.317091153859267116e+01,1.497898309686974549e+01,1.502009851770971416e+01,1.492850666306335761e+01
1.658713772000254139e+01,1.621324103748863976e+01,1.605265655180540918e+01,1.601736379484025008e+01,1.592435952975610114e+01,1.587923873220304749e+01,1.589305194017789979e+01,1.556850388852975620e+01,1.458183605277989336e+01,1.571505976367259017e+01,1.570383725823369225e+01,1.566666287701732152e+01
2.085232253401688141e+01,2.045838341848844166e+01,2.019152822342918441e+01,2.009683890040504650e+01,1.992243003269295798e+01,1.973604278732186401e+01,1.962740473525648000e+01,1.898914050855451663e+01,1.777671360104125498e+01,1.896945748627940276e+01,1.885573547434292507e+01,1.877244970848617811e+01
1.560612497046904146e+01,1.539478741396803407e+01,1.522663133565490945e+01,1.524065283505252033e+01,1.509070770008232465e+01,1.499671333928923467e+01,1.511959615148467329e+01,1.464031881997252249e+01,1.321109097195869175e+01,1.506834695818913694e+01,1.512738144904550985e+01,1.503527595896298230e+01
2.009161722824934415e+01,1.963996975201277095e+01,1.931934985087587719e+01,1.920727078452993197e+01,1.902311160735215623e+01,1.873676518559415882e+01,1.858963107184869656e+01,1.800694067987419444e+01,1.708721010644216065e+01,1.780721751964579624e+01,1.763289204188101067e+01,1.754244425292019827e+01
1.777232263047768512e+01,1.747602693977232136e+01,1.725675546372274383e+01,1.720077498100766178e+01,1.697512860590187245e+01,1.681183218591454676e+01,1.683564720434296547e+01,1.598211202626522898e+01,1.448635240320682449e+01,1.623907480394210978e+01,1.618666742303703288e+01,1.606754784230708566e+01
1.718799857831939804e+01,1.706473077825841855e+01,1.682551199224445426e+01,1.685871617503999431e+01,1.674320098881833019e+01,1.664588956282300813e+01,1.655430446591327964e+01,1.641060617518854414e+01,1.488266162208938148e+01,1.688609640086731645e+01,1.696742312343601711e+01,1.688588323712631478e+01
1.906121581824772093e+01,1.872596215433346245e+01,1.849601087864666127e+01,1.843454184651246663e+01,1.827169870000381025e+01,1.816884364408178243e+01,1.813717943142916411e+01,1.749185705982606365e+01,1.612919031942257320e+01,1.766273896783398101e+01,1.761428517547509287e+01,1.753920041597545776e+01
1.990464404654290220e+01,1.951678151641101877e+01,1.928303263059587991e+01,1.921931834914752102e+01,1.912297968304802964e+01,1.902870198794857970e+01,1.896323680267976997e+01,1.863088355775183302e+01,1.786064608347290417e+01,1.859455629601502835e+01,1.852501145658493087e+01,1.849001218510595379e+01
2.099396754783536423e+01,2.058529485254725344e+01,2.037182185752781649e+01,2.027064180722898357e+01,2.004349670647299320e+01,1.984233578747298310e+01,1.975708812224994304e+01,1.885113289153902727e+01,1.734056735294570117e+01,1.895838641397707391e+01,1.884787401975195920e+01,1.872732459379212600e+01
1.747326780117311174e+01,1.725525527135056691e+01,1.700791210553839861e+01,1.701227531655303693e+01,1.692061556980922177e+01,1.683834941097609317e+01,1.676627370568807507e+01,1.662546458502528779e+01,1.539229849779572312e+01,1.689105099261672649e+01,1.691672956941753725e+01,1.686900224783543933e+01
2.254912888904813784e+01,2.194101408300884870e+01,2.148836715541856890e+01,2.133671217428815936e+01,2.117866281777304494e+01,2.090352339670548076e+01,2.070078751208935941e+01,2.029123877540891030e+01,2.009530134416010938e+01,1.992267450514045635e+01,1.973486782816523188e+01,1.967811499781116424e+01
1.636743190769465528e+01,1.620784998172815605e+01,1.612410794663976432e+01,1.615420141504517915e+01,1.599098729835043109e+01,1.593232376757040747e+01,1.599811724384091072e+01,1.546340698984698925e+01,1.376750166739841497e+01,1.611565219515352254e+01,1.625085883494230998e+01,1.610781809910362483e+01
1.793557569313484024e+01,1.777809011543777373e+01,1.752792383998384551e+01,1.753580419640929478e+01,1.733764285095498536e+01,1.713923555217015604e+01,1.703190350517164475e+01,1.657130383741930402e+01,1.485912643803805544e+01,1.708388424274337325e+01,1.713812615817976237e+01,1.698612732174789386e+01
1.522348114719346235e+01,1.507807272529274378e+01,1.487430252157643373e+01,1.491404364639734403e+01,1.478211598014477168e+01,1.469605332401994779e+01,1.482249977367272642e+01,1.448504329129417023e+01,1.305321970094625250e+01,1.496774966652843197e+01,1.505202978046931328e+01,1.497512488603386593e+01
2.138598734726168615e+01,2.088798826338552672e+01,2.052936630986358679e+01,2.041376301907306612e+01,2.025196703606287230e+01,1.998749264708470008e+01,1.980081434583150113e+01,1.934324497614535332e+01,1.861062345547730601e+01,1.909036265406735566e+01,1.891408941626569984e+01,1.884434110535774209e+01
1.875614941127752999e+01,1.845068370827761228e+01,1.818379810358536375e+01,1.815303567592044942e+01,1.806030642846408796e+01,1.797948046626977003e+01,1.790408703562677672e+01,1.767853464719508239e+01,1.665282515721819223e+01,1.778407093742401202e+01,1.776116365690438315e+01,1.772263180627371781e+01
1.941268345043895138e+01,1.906142004162554926e+01,1.882371075653830772e+01,1.875459170884836624e+01,1.863577406184226248e+01,1.852629193360751003e+01,1.845875604059405717e+01,1.803058894570001414e+01,1.707428267950136913e+01,1.802638564980073710e+01,1.795471294896782055e+01,1.790551488431560756e+01
1.704215047935661076e+01,1.688977045112204323e+01,1.668710259684997865e+01,1.670847438852291589e+01,1.658223088729464223e+01,1.651654858320637942e+01,1.648403205202781763e+01,1.617652415254314846e+01,1.461357215347102745e+01,1.666727208873997057e+01,1.674918591759533015e+01,1.666044213154620479e+01
2.119176477257100899e+01,2.056682620500800951e+01,2.020448901339918635e+01,2.006848569989663389e+01,1.989533986553112044e+01,1.959121022560501757e+01,1.938440070919653024e+01,1.887590448538082555e+01,1.849624834202454693e+01,1.848747350287816005e+01,1.827221922496158513e+01,1.820165025125641023e+01
1.738130622245397561e+01,1.705242363936325845e+01,1.681319088955366325e+01,1.679372546894018825e+01,1.672510870136268579e+01,1.665498864220480613e+01,1.661366827507542254e+01,1.648659948282261567e+01,1.570885573666852686e+01,1.657256301785146491e+01,1.656531239646312414e+01,1.654089926221159601e+01
2.067624400011044017e+01,2.015820935404827097e+01,1.982786563502711985e+01,1.970798027192254409e+01,1.956989812979634280e+01,1.932772620834528965e+01,1.915154797908356343e+01,1.876173445239107096e+01,1.853658035607556442e+01,1.843170008105343527e+01,1.825774097645917138e+01,1.820167469751019240e+01
1.822106445258554785e+01,1.797163523047555955e+01,1.771109976632824967e+01,1.767324907692991331e+01,1.751962262713545471e+01,1.739804381643287456e+01,1.737445049208045944e+01,1.688146014449327836e+01,1.553608277784273817e+01,1.710040739213818739e+01,1.707313355852725678e+01,1.699641143074772742e+01
1.929895291106940292e+01,1.911408048816353400e+01,1.880392064658382267e+01,1.879013603108017350e+01,1.853814526808318419e+01,1.823820933704557490e+01,1.805113551331738009e+01,1.747225711953982241e+01,1.568045243706243674e+01,1.794916499001157462e+01,1.795854185853428575e+01,1.776780388075898287e+01
1.828477816324746996e+01,1.810808142459518066e+01,1.785576737925852697e+01,1.785873573480620280e+01,1.772637146846163603e+01,1.760524834634705371e+01,1.747788510287461961e+01,1.721446355083189061e+01,1.568600810828383096e+01,1.759785350518502867e+01,1.763559287035316814e+01,1.754732418924392334e+01
1.820411071566314476e+01,1.779339739640585449e+01,1.754051592466298715e+01,1.746626991791286088e+01,1.730505327647667002e+01,1.713448361349468740e+01,1.707654734034124644e+01,1.652463316387288828e+01,1.541875334148362420e+01,1.654775478373443320e+01,1.645708571325964087e+01,1.638474968620689509e+01
1.851171342159276989e+01,1.823151118367749390e+01,1.810619340006588729e+01,1.807790834801696889e+01,1.791127501395533272e+01,1.778991573030354800e+01,1.772947744014321714e+01,1.714994079253689918e+01,1.555770971117086710e+01,1.752289588445976420e+01,1.754342705593689900e+01,1.742125543364461038e+01
2.083836136554601026e+01,2.043252684928564733e+01,2.012421329798203473e+01,2.003810536593243086e+01,1.990223507146222914e+01,1.971587516946343044e+01,1.957357580494704408e+01,1.917504447269819323e+01,1.833059476130917531e+01,1.904380378660037820e+01,1.892028706657159276e+01,1.886173721247864421e+01
1.997540993246850505e+01,1.966803057767915774e+01,1.942866277017216348e+01,1.939548199199209222e+01,1.932483579382891747e+01,1.925991150370099803e+01,1.920967017679203437e+01,1.904688084084093092e+01,1.839514255499182482e+01,1.907553849871968055e+01,1.904973707278078265e+01,1.902714478708756474e+01
1.910294723727022514e+01,1.879381533145679484e+01,1.855841203854732058e+01,1.850779562617004359e+01,1.832160801379722415e+01,1.812046518724985589e+01,1.805062645476629868e+01,1.746719362913868778e+01,1.604243152780875548e+01,1.765408090278347686e+01,1.759676396485657435e+01,1.748583054545530757e+01
2.090801623784713215e+01,2.039524063399236198e+01,2.007716331478424010e+01,1.997364606800224607e+01,1.983396316164897399e+01,1.963610894227776527e+01,1.949035223759946334e+01,1.907205570576197218e+01,1.837306072762802600e+01,1.887928570848498566e+01,1.873961621167403635e+01,1.868585425575323455e+01
1.594222529951240297e+01,1.569833811348578401e+01,1.567677563948292807e+01,1.566929665426598994e+01,1.554745426581484757e+01,1.558293416639082629e+01,1.569130660423967960e+01,1.508705698898048730e+01,1.364019823621453931e+01,1.553556961698428118e+01,1.560866017585920140e+01,1.554351904006320062e+01
1.604793761538828178e+01,1.584858558473154666e+01,1.588226176581532378e+01,1.590571662648009799e+01,1.578483048902905317e+01,1.583334572116720373e+01,1.594632382963193784e+01,1.537952676116329975e+01,1.368669401648885930e+01,1.605677357066010558e+01,1.622207506022890655e+01,1.611288668533722301e+01
1.808095653949654391e+01,1.779209205138898042e+01,1.779539362444549866e+01,1.777420074903236014e+01,1.763419116287474964e+01,1.764595377781409979e+01,1.771621102340298748e+01,1.703757252037464909e+01,1.538291581185145596e+01,1.754893952906838450e+01,1.763376345448435600e+01,1.753836290725087110e+01
1.683602221218067641e+01,1.664582463295311143e+01,1.658852629402231216e+01,1.660364550215350476e+01,1.650032811588458515e+01,1.651585941472122698e+01,1.655440277603453225e+01,1.613835755523661319e+01,1.454000679663094964e+01,1.668674921982835002e+01,1.680722710099864159e+01,1.672019211544545669e+01
1.844532717930192334e+01,1.803854182160761255e+01,1.779301847837359318e+01,1.772419728083227142e+01,1.763775555097118541e+01,1.752625402308765956e+01,1.744033870430401478e+01,1.717740783305996288e+01,1.674696659603052140e+01,1.705759005794110550e+01,1.697362050826475510e+01,1.694369990726700337e+01
1.719826053976044378e+01,1.687842826212966330e+01,1.669654603927688541e+01,1.667082381279004011e+01,1.659706505004469790e+01,1.656444699590381475e+01,1.656928329395780608e+01,1.633343980167459719e+01,1.540101282350708978e+01,1.648228349063674614e+01,1.648613191496354702e+01,1.645618425651639427e+01
1.798421834999203739e+01,1.781285287429312447e+01,1.771505428020378403e+01,1.768075578779563273e+01,1.750960125693033120e+01,1.753330533640750843e+01,1.765873092501582775e+01,1.674758502540871419e+01,1.498760899691861859e+01,1.730860974502244432e+01,1.739508830787194071e+01,1.728643265968506881e+01
1.758941328074122978e+01,1.745329815531455964e+01,1.718160242339303423e+01,1.716452063812696593e+01,1.693750143990437351e+01,1.678786568069469354e+01,1.681959871931653439e+01,1.605550494039031051e+01,1.437918598731811137e+01,1.652050745807243715e+01,1.653441159141942407e+01,1.640037148176416082e+01
1.921727254811884578e+01,1.896734934891575719e+01,1.865591481746733038e+01,1.860460118532551377e+01,1.837091568406699338e+01,1.814924477651155854e+01,1.813651687229436860e+01,1.737901846714868626e+01,1.585200705714772518e+01,1.762863867597481260e+01,1.756732718293649853e+01,1.744706109066652289e+01
1.742143889698436610e+01,1.716406974109633055e+01,1.693681585328905115e+01,1.692523330741173027e+01,1.681183618127254675e+01,1.672442144928673713e+01,1.671850584814239582e+01,1.643293868232558097e+01,1.518547120693509278e+01,1.669371194545282577e+01,1.670517578283854121e+01,1.664515514304132182e+01
2.211476435426503784e+01,2.165109737668879930e+01,2.133344852336244557e+01,2.122200719139399894e+01,2.108473295600190056e+01,2.085309563401644084e+01,2.068335823736011392e+01,2.027376711877020554e+01,1.997189880892304004e+01,1.995065741667990977e+01,1.977539430536320353e+01,1.971822638111864734e+01
1.745591218425871105e+01,1.723457781792879828e+01,1.703347455865786841e+01,1.703268558641035213e+01,1.696691651799239509e+01,1.694396928533402047e+01,1.694691082993979947e+01,1.677872432986108819e+01,1.572758936239157812e+01,1.700911671699026328e+01,1.704420432546924857e+01,1.701321965764497435e+01
1.723277441184369607e+01,1.688644563252590913e+01,1.673446820895237508e+01,1.669305779777279497e+01,1.657847994625927157e+01,1.650944543675161214e+01,1.651181757633911573e+01,1.608663373525799400e+01,1.498594176734660444e+01,1.623977470011536894e+01,1.622100838438168680e+01,1.616952001025018859e+01
1.652626601138938511e+01,1.627164940143989114e+01,1.634302671722214129e+01,1.635134025092386167e+01,1.623611818207510993e+01,1.629857173441946827e+01,1.641859402126738487e+01,1.580589193978440399e+01,1.412493256149207532e+01,1.643683133969949495e+01,1.657891197948110218e+01,1.648285146518620792e+01
1.533692375545648368e+01,1.516974734877678976e+01,1.512997323734543365e+01,1.516634287673243442e+01,1.501732232428315506e+01,1.500868896601975955e+01,1.513547568764123419e+01,1.458396038046085330e+01,1.292087308983886551e+01,1.525936009360833445e+01,1.541408501643403106e+01,1.528990459468750451e+01
1.628578636108028732e+01,1.597361053396550012e+01,1.573275656206954842e+01,1.570865639473669795e+01,1.559462798646705117e+01,1.551929177669383897e+01,1.554715598092522022e+01,1.518154374292967823e+01,1.410140876933138721e+01,1.536039316789741171e+01,1.534911229692285595e+01,1.530566367603954880e+01
1.594611493209527175e+01,1.580163751068774936e+01,1.566653441950445291e+01,1.566744692136208350e+01,1.551125121794902917e+01,1.552077625436913699e+01,1.564495415662391942e+01,1.499608801202020381e+01,1.343101742592223680e+01,1.550880307545049952e+01,1.558500975162745483e+01,1.549984657972618685e+01
1.537773039420641830e+01,1.517744977709793552e+01,1.525032710771351141e+01,1.526078587415060461e+01,1.509844218659191561e+01,1.518348086341309333e+01,1.539218837940836870e+01,1.451239694842483097e+01,1.280668849158912259e+01,1.524893886532457365e+01,1.542910952786329126e+01,1.531466664749195949e+01
1.587160318133912007e+01,1.576053281859290145e+01,1.569437352027884636e+01,1.570483798994923141e+01,1.554874510714221536e+01,1.560241211490602886e+01,1.575533069537304165e+01,1.501649850879601367e+01,1.327784424779942363e+01,1.569666471705623501e+01,1.583996492212873086e+01,1.573020306456758810e+01
1.802010140871957233e+01,1.773569305032156151e+01,1.750702382702490567e+01,1.745973765732141914e+01,1.730545561427399548e+01,1.718014022345806779e+01,1.715563630652091476e+01,1.661171787653524845e+01,1.531268278345984335e+01,1.677956577162355245e+01,1.673413238364503641e+01,1.665570972833174324e+01
1.992996225074881878e+01,1.959832182580430882e+01,1.940011020492228866e+01,1.934139582559242143e+01,1.915775886684408391e+01,1.900241790154644406e+01,1.892041687644054448e+01,1.827179987468031541e+01,1.676149893464517859e+01,1.849839943597235958e+01,1.845715938461976791e+01,1.834991181265872484e+01
2.183819077055954594e+01,2.147855942626839365e+01,2.128093340539826883e+01,2.118968961300851817e+01,2.093165153046071936e+01,2.066915662333254033e+01,2.050581947735467381e+01,1.959107272624986607e+01,1.785179851200922130e+01,1.985132219522987640e+01,1.977696144519653032e+01,1.959284672701535612e+01
1.847775798603785447e+01,1.812893593219595445e+01,1.791562945556018249e+01,1.785852880487445304e+01,1.770284213483751046e+01,1.754479792511268954e+01,1.750817920269627237e+01,1.697752200187116145e+01,1.575935329170416033e+01,1.708636758724311733e+01,1.702400313797339138e+01,1.694197254188144797e+01
1.890785058424760123e+01,1.849688993499324496e+01,1.822027632372528316e+01,1.817863085086308672e+01,1.812014495249361090e+01,1.805990618031578521e+01,1.800539548978018090e+01,1.790242114705553078e+01,1.759713146978197429e+01,1.786170852183243341e+01,1.782521853821665658e+01,1.781385758415075315e+01
1.565059450629647309e+01,1.553139800507749335e+01,1.528587969262933122e+01,1.529219089501073192e+01,1.512070965262190292e+01,1.506679871555222228e+01,1.518208839854310277e+01,1.459518984521693774e+01,1.307659088271084791e+01,1.505882347632011964e+01,1.510574881784384083e+01,1.502449115325658191e+01
1.901194073949661245e+01,1.859937782741303991e+01,1.854165714423996647e+01,1.846163463593367737e+01,1.822344248263563316e+01,1.804997040386985674e+01,1.803140349049627744e+01,1.703384313854132515e+01,1.548278043820732286e+01,1.727573509212523817e+01,1.721060213969972708e+01,1.706494051850388871e+01
1.869885594383049821e+01,1.855584675976448850e+01,1.831527607261515200e+01,1.829582366965084361e+01,1.813233921699406181e+01,1.805144943610809349e+01,1.799514352532037620e+01,1.744710985171890982e+01,1.577133859195476084e+01,1.790368492113794474e+01,1.794638544221335152e+01,1.783876212205697698e+01
1.834643790708890876e+01,1.803932565727947335e+01,1.773912702285675991e+01,1.767892449776009300e+01,1.748621672727352205e+01,1.729966974594388063e+01,1.727112427965802866e+01,1.663252658774783654e+01,1.529873090312625727e+01,1.676852467286515491e+01,1.669163739041880845e+01,1.660218774046963119e+01
1.664078214204819872e+01,1.653069553880923692e+01,1.632451795075919776e+01,1.632631544572641502e+01,1.613622930716057624e+01,1.606957423834950305e+01,1.614023299808992462e+01,1.545407786712208953e+01,1.377465993189338356e+01,1.600755411182061749e+01,1.607782046093948836e+01,1.595638633739301149e+01
1.756402538895465071e+01,1.733968833186418479e+01,1.723431096592447531e+01,1.723526042639838352e+01,1.712599995765123140e+01,1.710326784672183464e+01,1.712244501611698055e+01,1.673101669337220088e+01,1.526652604542832314e+01,1.714665641045062472e+01,1.721412950958300669e+01,1.713923305955261611e+01
1.872637855163065623e+01,1.836390456744694788e+01,1.811755702010104940e+01,1.802707525998872740e+01,1.781825082167573271e+01,1.763163852312259650e+01,1.756920599542732120e+01,1.676792797815095426e+01,1.544130642840293355e+01,1.683253810494053937e+01,1.672377804418985292e+01,1.662176430843693709e+01
1.775434016155642425e+01,1.751320079373473604e+01,1.751201062171095302e+01,1.749325662299302309e+01,1.734989479159444414e+01,1.739602818049466038e+01,1.752729619734502720e+01,1.672635180255897680e+01,1.500447502402276889e+01,1.732667601910608113e+01,1.744709375271152751e+01,1.734671278170634423e+01
1.998485851160758742e+01,1.955222309969248684e+01,1.932151122093437934e+01,1.923008827782629027e+01,1.901881165188456180e+01,1.879038061101949353e+01,1.870287112268391994e+01,1.794838848342580562e+01,1.661071725042436853e+01,1.798544160573476347e+01,1.786461411879993122e+01,1.775632467978692830e+01
1.963379757279796323e+01,1.923776119171577292e+01,1.892878977567366050e+01,1.885716884818699413e+01,1.868951703815051957e+01,1.847336911650737079e+01,1.837375268328523603e+01,1.788916623646051463e+01,1.674664162573407467e+01,1.789360903155812110e+01,1.779164918028840603e+01,1.771480601988453429e+01
1.759047118151691436e+01,1.722260411911350886e+01,1.697058491360870747e+01,1.694626811049730009e+01,1.689072412453298710e+01,1.684478694202201154e+01,1.681631396039505333e+01,1.672694802477848341e+01,1.608520106967279517e+01,1.680200298984944851e+01,1.680175118159811731e+01,1.678695156453469650e+01
1.655998876811734632e+01,1.628348491038023482e+01,1.608755533442861108e+01,1.607224619708036073e+01,1.600569112008290062e+01,1.596296478893472504e+01,1.596990958920751247e+01,1.579102404383304936e+01,1.488445380900268056e+01,1.594107700804221928e+01,1.594420364262863110e+01,1.591202142166344480e+01
1.888064529977852501e+01,1.855931411163178879e+01,1.835437843719928352e+01,1.831190214985204534e+01,1.815227520193648303e+01,1.800581633487350075e+01,1.795410372739213400e+01,1.743758671900852519e+01,1.606605512522480339e+01,1.764196294331193116e+01,1.760846902141992487e+01,1.751786644399639670e+01
1.645851058421588320e+01,1.634151462807420430e+01,1.614601704763764545e+01,1.618523749074113027e+01,1.608702052059658882e+01,1.602684930798410790e+01,1.599511994234409862e+01,1.583939382918406302e+01,1.435168848234062899e+01,1.633428413133869839e+01,1.643574879479803386e+01,1.635914570150191594e+01
1.866003788703752875e+01,1.836630222439272231e+01,1.823170905465532954e+01,1.818266616657327006e+01,1.805487520577227656e+01,1.803972197519383514e+01,1.808038240617688430e+01,1.748315162765801389e+01,1.608058717779539748e+01,1.778015919247773269e+01,1.779515109120328376e+01,1.773776745184494530e+01
1.503000519493839882e+01,1.492565614421138243e+01,1.470553715429631048e+01,1.472614960449155852e+01,1.457866454001920253e+01,1.453632581678016145e+01,1.467117691505089461e+01,1.417950026797057639e+01,1.269901674018557181e+01,1.466913086256774612e+01,1.473958962876745638e+01,1.466480641707560117e+01
1.688075797187378058e+01,1.657962150891076547e+01,1.634073946229412044e+01,1.631289795143040067e+01,1.622533824639387490e+01,1.612952496344119879e+01,1.611710143032604847e+01,1.589485009892641365e+01,1.501570863149532364e+01,1.598487187506903773e+01,1.596194180320285660e+01,1.592497317483066688e+01
1.831804270722183858e+01,1.806463436392424526e+01,1.785590985935439434e+01,1.783185188013683131e+01,1.767861229016632763e+01,1.755689905541179030e+01,1.749016166787022186e+01,1.700832218734492685e+01,1.550378463809559015e+01,1.733138607297321698e+01,1.734106229092117601e+01,1.724257717456418959e+01
2.101888487181814824e+01,2.056907473208041282e+01,2.038698156644223403e+01,2.026977718119916716e+01,2.005576206380671067e+01,1.982866276606015532e+01,1.971567486620721965e+01,1.884658537028832015e+01,1.750102956155186362e+01,1.882728665501907273e+01,1.868454922866350287e+01,1.856921741962290184e+01
1.962265747446020114e+01,1.937758237553208929e+01,1.914023527573198535e+01,1.905297125783929602e+01,1.881480282439826368e+01,1.869814354004764567e+01,1.870773004049526733e+01,1.763469081656088022e+01,1.599299106417128691e+01,1.792591241802693247e+01,1.788172894975787486e+01,1.775830321079519791e+01
1.950004592093011624e+01,1.902976810579560762e+01,1.876331056155460075e+01,1.865512747411148098e+01,1.848435577600483271e+01,1.825704140628981520e+01,1.812891571873835161e+01,1.753964944549362670e+01,1.659937838168962898e+01,1.738989306545683178e+01,1.723947912160470608e+01,1.716121067114215748e+01
2.106129472530234281e+01,2.083062269297018432e+01,2.046024214477199266e+01,2.037691169753106379e+01,2.012907159363360421e+01,1.989236434019991151e+01,1.976079794133908862e+01,1.893755712648863110e+01,1.728444596390736265e+01,1.914838003432514313e+01,1.905009237652592091e+01,1.891787799361382838e+01
1.580115731272524648e+01,1.552733545917011959e+01,1.531615472777094489e+01,1.529327503549948908e+01,1.521426762415349110e+01,1.518544927469848282e+01,1.521048213935371685e+01,1.494186686248609597e+01,1.402009150921540659e+01,1.509680306461043209e+01,1.510056844413942123e+01,1.507179045865659184e+01
2.088897444805821024e+01,2.062382833730970688e+01,2.026854641729497430e+01,2.020335710582503452e+01,1.998460205757284314e+01,1.973600061193365462e+01,1.955616867145700510e+01,1.895145095523839629e+01,1.737842782581344281e+01,1.913530495221782246e+01,1.904820924635479784e+01,1.892970736839579615e+01
1.838929868270625079e+01,1.815123762568360988e+01,1.791425895883966390e+01,1.790145374894623131e+01,1.776691712917214971e+01,1.763549386634631588e+01,1.757295178124452306e+01,1.723471441368220169e+01,1.586174636547642258e+01,1.750675328747766457e+01,1.750827012538941219e+01,1.742839524740543311e+01
1.932215204080151594e+01,1.899594041132771238e+01,1.876933375933569792e+01,1.872389146496240642e+01,1.860781447415050138e+01,1.854542374086697976e+01,1.851244087083141565e+01,1.808830093010896078e+01,1.685280462205575347e+01,1.825144998617721370e+01,1.823045830654075061e+01,1.818020801127231323e+01
1.990893529924146677e+01,1.945610843945580015e+01,1.923055954584875238e+01,1.910910578525233205e+01,1.886484511974042277e+01,1.856701445029848685e+01,1.845789643221707976e+01,1.754301074318685139e+01,1.621937610607738733e+01,1.748815260877324818e+01,1.732092983524637120e+01,1.718051623726790922e+01
1.607793346893805975e+01,1.592918573104671687e+01,1.571708406334179564e+01,1.573065671831711931e+01,1.551753463286086365e+01,1.539020770206665922e+01,1.553222670843149622e+01,1.480817847585991309e+01,1.318034809193607693e+01,1.534650419908213159e+01,1.540715310844531594e+01,1.527421816751737360e+01
1.724679241122126072e+01,1.697863248617384002e+01,1.674962970208212809e+01,1.672571924097921681e+01,1.660806019316123638e+01,1.646768637959300463e+01,1.644179476446348431e+01,1.612072716092466962e+01,1.500336146008985061e+01,1.626370612092147638e+01,1.623848805042620214e+01,1.617574156107244221e+01
1.705201225192344694e+01,1.683292221158724900e+01,1.664551275260258834e+01,1.664219890783599709e+01,1.650561141572421064e+01,1.639619774058876089e+01,1.640116272148130250e+01,1.599057766656550861e+01,1.457724196852344711e+01,1.633350079770566765e+01,1.636248223966820703e+01,1.627261227635661101e+01
2.058266818829656941e+01,2.035073006412009633e+01,2.004997745616573113e+01,1.999554437385856431e+01,1.976113177165438373e+01,1.953347627110353812e+01,1.939436075600642440e+01,1.868465733283003871e+01,1.698524046451909086e+01,1.901460905839810067e+01,1.897596020855463550e+01,1.882684119048199278e+01
2.212800475431730618e+01,2.169836939747782978e+01,2.135549695174603002e+01,2.124265394424755726e+01,2.104383921853526829e+01,2.078345376295071389e+01,2.061767463683979784e+01,1.995793220954064751e+01,1.876300285150923131e+01,1.983930818620324033e+01,1.967642083507684347e+01,1.958220784317424545e+01
1.558447112203256957e+01,1.532501605286902624e+01,1.514322479102794183e+01,1.514365175172817679e+01,1.502553991443916281e+01,1.494784161745884710e+01,1.502217540133998064e+01,1.466124384534143310e+01,1.340545035210611680e+01,1.496665804818101542e+01,1.499318155191421376e+01,1.492885191601463468e+01
1.563358881388240640e+01,1.553264934985581824e+01,1.533003573273531295e+01,1.537213304169889305e+01,1.519588190957769136e+01,1.508570198603469770e+01,1.517258338473370749e+01,1.469440095922246492e+01,1.304289241933466492e+01,1.531353485457434083e+01,1.542475402164931531e+01,1.529763237147529331e+01
2.092070833135851515e+01,2.067330838791058412e+01,2.034570439339188042e+01,2.025434647482786232e+01,1.994136558816460791e+01,1.965063865574282431e+01,1.953872016593765082e+01,1.843432767933159155e+01,1.662439127036571662e+01,1.875640344440012797e+01,1.867032128663495527e+01,1.846345446315111616e+01
1.834972670568948772e+01,1.809402952106431073e+01,1.806813487939392004e+01,1.802521088200826682e+01,1.784743303734681064e+01,1.785071960809058567e+01,1.796121211357763414e+01,1.699138943578102001e+01,1.525429776586820374e+01,1.755159598458688208e+01,1.764149152547203059e+01,1.752293505483805802e+01
1.586381107047675876e+01,1.569422847409764366e+01,1.552906533693364999e+01,1.554817100987719236e+01,1.540911660223063073e+01,1.534309954821399025e+01,1.543831905630013246e+01,1.499169113284063748e+01,1.351271537988516691e+01,1.546584069914071158e+01,1.554288367773092183e+01,1.545189665491143494e+01
1.559966556258948067e+01,1.533399803904330305e+01,1.537480418730266685e+01,1.537095321537856840e+01,1.518213675956397957e+01,1.519011875562012470e+01,1.533899608180750995e+01,1.446226878166801022e+01,1.281833369578109405e+01,1.506471826953297999e+01,1.517467122965486404e+01,1.505044201145471128e+01
1.510490753987110146e+01,1.490450357087924438e+01,1.489841151169878408e+01,1.492103250040592677e+01,1.480756615015052624e+01,1.485373688930330438e+01,1.500430021721091300e+01,1.448262138228465723e+01,1.297843561941328439e+01,1.504907468196652864e+01,1.517902945523552383e+01,1.510133325018755635e+01
1.681154321411117181e+01,1.660058561010851363e+01,1.640332991051760914e+01,1.637725621010288535e+01,1.620393788986403649e+01,1.612959656371347705e+01,1.617958415286513585e+01,1.549947809976146296e+01,1.400129425251775395e+01,1.586443958489094364e+01,1.587831008611510875e+01,1.578371642242884398e+01
2.126584517204239333e+01,2.083542321449941781e+01,2.046445043079377157e+01,2.036739260871647161e+01,2.021352559261982407e+01,2.001292231246991804e+01,1.987341901616217754e+01,1.943710550830563832e+01,1.851289064787914285e+01,1.932728319002968220e+01,1.920812490673050021e+01,1.915076150002661137e+01
1.815962150826551280e+01,1.794919676684732579e+01,1.782746254123637542e+01,1.778761799246266406e+01,1.762224533257383285e+01,1.761383525006354489e+01,1.769449278892815514e+01,1.687380336074446419e+01,1.525279743754085082e+01,1.731436753640398507e+01,1.736030283578578448e+01,1.726774444508023976e+01
1.593954115712458197e+01,1.581843906146856860e+01,1.575555151082788008e+01,1.575092727189245601e+01,1.557218260923068520e+01,1.563016845845347369e+01,1.580797154035251317e+01,1.493158440364482864e+01,1.324993255877215326e+01,1.555165395496899627e+01,1.566576517181111861e+01,1.556392701385735045e+01
1.933683309822407992e+01,1.889546812092933337e+01,1.857512177338530179e+01,1.847279308372379347e+01,1.828875329556715457e+01,1.805639935235601712e+01,1.795417266023963876e+01,1.733278129144288826e+01,1.630565989179147479e+01,1.722078640516844672e+01,1.707037747306817366e+01,1.699132742508948724e+01
1.491305219137228200e+01,1.479396778093741638e+01,1.456510556959965363e+01,1.457075664970667184e+01,1.437510694624991991e+01,1.431930832160793976e+01,1.447043693276307330e+01,1.374676729991561963e+01,1.217627455474532816e+01,1.425341820327327547e+01,1.430408396741098365e+01,1.420554554454927931e+01
1.719374444732240548e+01,1.668862941808395206e+01,1.641139814483110015e+01,1.633224045078864606e+01,1.626376949065853239e+01,1.616071943827616053e+01,1.607756549790174816e+01,1.589776184218310995e+01,1.572764994493978641e+01,1.576151808269523791e+01,1.568393339900782912e+01,1.566408733583501167e+01
1.655929878801275734e+01,1.644646746825160832e+01,1.616069048531671726e+01,1.615209340297805340e+01,1.593479345410854187e+01,1.582532770620604445e+01,1.589640873439963009e+01,1.516168428667948298e+01,1.351616374577649005e+01,1.564357784445558330e+01,1.566447720293023771e+01,1.555388981477238808e+01
2.096708940015411216e+01,2.060230505728934602e+01,2.032354237484262782e+01,2.020968547509742308e+01,1.992441809441898215e+01,1.967154527234841055e+01,1.960063537751515028e+01,1.848149776465452376e+01,1.689943490685421423e+01,1.860277002550155601e+01,1.846792967470190305e+01,1.831131368376784962e+01
1.532345618481793004e+01,1.522595861134699113e+01,1.500544717762347524e+01,1.502785345633519931e+01,1.481165844355976979e+01,1.469740429196008868e+01,1.485097341186682662e+01,1.412592385257664951e+01,1.245918691154688140e+01,1.471885597613361618e+01,1.479659216060935911e+01,1.466125420633544074e+01
1.971940224612050585e+01,1.937878220818462793e+01,1.907553951145850490e+01,1.901559744454089440e+01,1.889832462188519457e+01,1.878448294031662869e+01,1.870722433201820323e+01,1.835982310442214427e+01,1.738895659496430923e+01,1.838108209854392072e+01,1.831923051494531407e+01,1.827417569858378954e+01
1.735432007966654666e+01,1.708501914351637296e+01,1.686036866230303488e+01,1.685119371499006036e+01,1.677441952452473117e+01,1.674583573466433251e+01,1.673757975689160915e+01,1.652748646680024436e+01,1.544637110173455063e+01,1.674174743968167434e+01,1.676136229126639066e+01,1.672960034108733396e+01
1.948665030388650976e+01,1.908242198849002946e+01,1.903963642366884201e+01,1.896067285889264298e+01,1.873714243134190127e+01,1.858441815473834424e+01,1.856285253527812884e+01,1.759475526027212666e+01,1.602633194937512329e+01,1.785746906517935884e+01,1.780933840883507813e+01,1.766851624822179190e+01
1.894152604656226302e+01,1.858003203436938477e+01,1.832040367831695349e+01,1.828597866224299651e+01,1.819454587669917345e+01,1.811462218184958317e+01,1.806016016847103955e+01,1.783827900842792147e+01,1.687968027465978693e+01,1.793944987214683096e+01,1.791994522356944586e+01,1.788500485256822969e+01
1.813613049503720376e+01,1.785282814696340736e+01,1.779582567809271509e+01,1.777700218473486160e+01,1.766459500486243428e+01,1.764640816372796195e+01,1.766041599390914385e+01,1.717752789736775654e+01,1.569997078037741467e+01,1.754919458703204782e+01,1.759691348319309512e+01,1.752170175926713114e+01
1.822351931240750034e+01,1.794064362185057249e+01,1.779824348637987086e+01,1.778237020618605868e+01,1.767310691480469842e+01,1.763377540395566712e+01,1.762259850125577643e+01,1.724719645442971583e+01,1.587532377673667305e+01,1.755726741738183705e+01,1.758595888691803921e+01,1.752381921988636293e+01
1.834455588130490256e+01,1.797731779403672547e+01,1.770740153525990124e+01,1.764472532767828028e+01,1.745100995304115798e+01,1.725255733529104418e+01,1.722546830547129204e+01,1.657165061914684756e+01,1.526949114929560558e+01,1.668238813254740904e+01,1.660012592548314458e+01,1.650683312883788290e+01
1.445705448339094268e+01,1.434560889916761717e+01,1.418955978371275428e+01,1.424399053315284469e+01,1.407236733064730139e+01,1.397461709855990186e+01,1.417444130075245745e+01,1.365574119724883850e+01,1.205720834011622777e+01,1.429030373882560490e+01,1.441572373760687675e+01,1.428863159471624122e+01
1.756403836175340771e+01,1.723630744164155359e+01,1.706787268290446136e+01,1.703199871536759247e+01,1.691494932250976291e+01,1.686052001236020459e+01,1.686695616801682363e+01,1.643218752519632986e+01,1.524611386844521554e+01,1.661941372158198504e+01,1.660498793243705151e+01,1.655375479934546235e+01
1.749205994233773609e+01,1.722142938678810609e+01,1.714031174869044705e+01,1.711132346196190923e+01,1.701216928648609183e+01,1.703783510435859228e+01,1.711200113314139415e+01,1.662097744930049359e+01,1.530229339116876197e+01,1.696517896851829477e+01,1.701243010056967009e+01,1.696813384986342754e+01
1.719567379416195152e+01,1.707688425276668553e+01,1.686599192923001667e+01,1.687676998271726347e+01,1.675736532354986963e+01,1.674692350266951024e+01,1.678039836120744255e+01,1.639633669791893666e+01,1.486019776154863514e+01,1.688303039209165490e+01,1.696409831538291613e+01,1.689255899002870365e+01
2.025525180446109275e+01,1.992637751142018843e+01,1.974272153726694157e+01,1.963990005335432443e+01,1.936920479807923812e+01,1.920418372621109171e+01,1.919007648331026061e+01,1.798897700425692037e+01,1.631971494071698814e+01,1.825999968702497256e+01,1.819069632070032227e+01,1.803848354063158155e+01
2.150353895290745143e+01,2.112374208777971418e+01,2.093620952419678005e+01,2.083775203416236366e+01,2.061306137593583543e+01,2.044059345965966656e+01,2.037665280048487304e+01,1.943020028600009041e+01,1.784108039198319418e+01,1.959757442775026703e+01,1.950617479098426443e+01,1.938396358022849597e+01
1.714574369255626252e+01,1.683714064348029993e+01,1.675994902371793316e+01,1.672902030943176044e+01,1.650747278828553277e+01,1.636386721358431373e+01,1.642104840453316328e+01,1.556254504640175362e+01,1.395127090046310236e+01,1.597718498066166681e+01,1.598952782257436844e+01,1.583765851656252543e+01
1.966605289564423842e+01,1.932624114145133731e+01,1.913222710670683213e+01,1.907014448555271713e+01,1.882472375523748553e+01,1.856748202829972172e+01,1.852322605957987989e+01,1.767228446604386605e+01,1.608466762222439073e+01,1.792399401026884220e+01,1.785882321422244345e+01,1.769240433363517440e+01
1.695848242700844466e+01,1.669791352571951748e+01,1.645822376275917165e+01,1.643691434948969743e+01,1.628284534740185308e+01,1.617176286681679187e+01,1.621281602582245185e+01,1.569855341430853635e+01,1.437305779977995179e+01,1.596448562772642354e+01,1.595676111320727308e+01,1.588304366739008877e+01
1.600108666918948686e+01,1.583361935230385065e+01,1.558331187939996632e+01,1.559699726451932200e+01,1.536349840572655090e+01,1.515384456216591325e+01,1.528714331222159650e+01,1.456841055046544575e+01,1.293833542114214374e+01,1.507270185135059926e+01,1.511360211089028560e+01,1.496750811482190890e+01
1.609951586422927150e+01,1.603071951093742697e+01,1.583873314791827802e+01,1.584978833832131606e+01,1.569900918139099666e+01,1.570597733192944467e+01,1.581355180974724028e+01,1.521747042414722451e+01,1.358663260404358830e+01,1.579000256073226005e+01,1.588765928309063646e+01,1.579685184656629637e+01
2.042991746280704390e+01,2.002035490772336246e+01,1.976764521215281789e+01,1.967386650379185653e+01,1.945759900486909544e+01,1.918662757291731680e+01,1.908608091095559089e+01,1.835015169068651986e+01,1.701427039170567568e+01,1.836716434166147138e+01,1.823875394001414563e+01,1.811640148856502464e+01
2.036618343845124812e+01,1.996056473438263268e+01,1.984618416639635186e+01,1.975906834758998087e+01,1.957273524641108509e+01,1.944200013138559768e+01,1.939962460506226094e+01,1.857451911896255936e+01,1.710302555379398015e+01,1.874707154473860271e+01,1.868103467975224063e+01,1.858107971360890076e+01
2.067063993573450986e+01,2.033866925299038897e+01,1.999739207784370265e+01,1.991387840244208718e+01,1.971883894626819256e+01,1.952269082048395887e+01,1.940614615061630488e+01,1.876141167153422984e+01,1.736996230117925322e+01,1.883562041534954545e+01,1.873318087230297024e+01,1.864235131978342963e+01
1.642677485314768049e+01,1.630437849424063401e+01,1.618794980625143509e+01,1.621968210700863011e+01,1.607815785823228083e+01,1.603172200117388257e+01,1.600827393378885333e+01,1.559595936668944383e+01,1.384889426613552565e+01,1.627425901642424577e+01,1.642680815300913011e+01,1.628822414300621801e+01
1.834565799723158719e+01,1.806854184851342282e+01,1.778349286258320561e+01,1.773425104858078072e+01,1.754479639645208522e+01,1.739027244828739072e+01,1.736979702156459027e+01,1.672027270945980248e+01,1.530802881827024642e+01,1.692383285213708888e+01,1.686715202219528820e+01,1.677697995894729388e+01
2.094732597913634109e+01,2.056504966694852143e+01,2.025318565372101531e+01,2.015945842567554536e+01,1.998987539904371147e+01,1.980205057895884835e+01,1.968233652946423362e+01,1.908995025754955677e+01,1.791364375489349570e+01,1.904711645065127357e+01,1.892953148068220415e+01,1.885318348832586821e+01
1.838405314292355897e+01,1.805985312055235070e+01,1.778647418146550407e+01,1.773738849775870108e+01,1.759131624290450446e+01,1.744742204050652390e+01,1.740565511349842964e+01,1.694457459463760429e+01,1.577537418904593558e+01,1.705138365356011576e+01,1.699547892140931182e+01,1.693031094820073434e+01
1.727424804652040891e+01,1.698326244840258781e+01,1.673171969123157155e+01,1.670887476584008624e+01,1.659860176720318492e+01,1.649280510357908724e+01,1.649077692330278566e+01,1.620258919719971757e+01,1.511410534652459070e+01,1.636774835906324910e+01,1.635250170834619254e+01,1.630323882848298922e+01
2.031871480396848639e+01,1.973878367854939953e+01,1.936751933319692753e+01,1.922123492385819787e+01,1.907827116468661899e+01,1.880603424860605344e+01,1.861612113406225788e+01,1.819469428028329006e+01,1.801745560156625814e+01,1.781645263754252539e+01,1.761988508886369331e+01,1.756096421848849332e+01
2.095704066454394265e+01,2.061947935213158800e+01,2.028558915341565339e+01,2.020637391873666644e+01,1.992611719534649239e+01,1.955358419557414607e+01,1.943290271568794836e+01,1.861087168710158934e+01,1.702474563995042800e+01,1.875437490362124038e+01,1.862934712477700927e+01,1.845778818278260047e+01
2.003562088041273981e+01,1.956687639894724029e+01,1.924642282031929241e+01,1.916722834778422424e+01,1.908033070381272722e+01,1.895095857462435873e+01,1.884421962866194988e+01,1.864057644494714694e+01,1.844260305464655048e+01,1.847015010892599918e+01,1.837347927746590059e+01,1.834691883879570895e+01
2.220383549749101704e+01,2.185208377663522228e+01,2.154272069390817634e+01,2.143049400989504960e+01,2.116065181199125078e+01,2.085665464360101851e+01,2.069646648848906878e+01,1.973813499795222626e+01,1.810085340541384724e+01,1.985060213373182592e+01,1.971483200342026620e+01,1.954469949224937864e+01
2.041498427687720962e+01,2.016052821824409236e+01,1.983752572800561964e+01,1.977082646178312331e+01,1.951174594372563575e+01,1.923495955356694509e+01,1.910930527999176221e+01,1.828925744304742906e+01,1.660642840261555264e+01,1.856238667487574645e+01,1.848733614993127716e+01,1.832427461335176133e+01
1.822195963255198947e+01,1.791395442382412639e+01,1.770713361080162329e+01,1.765806080754423846e+01,1.752294153140280741e+01,1.744903722312693617e+01,1.743363392376205567e+01,1.689706326406622239e+01,1.565756191155464627e+01,1.706662178879005864e+01,1.703946112807157576e+01,1.697918128669017790e+01
1.937735731201674483e+01,1.916723834294227302e+01,1.906452063256773144e+01,1.901208345202360306e+01,1.882379301025310525e+01,1.881375801027096628e+01,1.891522116712648582e+01,1.792304262401629344e+01,1.619777015472643811e+01,1.842683343000861385e+01,1.848588832534041515e+01,1.837344685770273145e+01
1.965569240724550681e+01,1.938172132632469769e+01,1.908234321663259792e+01,1.903959294186327611e+01,1.891109445433223613e+01,1.882451919064318702e+01,1.876292278893711440e+01,1.835012449037814619e+01,1.705722434983328739e+01,1.852131715163084635e+01,1.848785437635008222e+01,1.843206899528783538e+01
1.766770829552835309e+01,1.743540768953952025e+01,1.715876031600985741e+01,1.715521654386985517e+01,1.702942355966810339e+01,1.690932304403072806e+01,1.686601578679423241e+01,1.661882806080616248e+01,1.531298171830138166e+01,1.689177140848034497e+01,1.689750439632837598e+01,1.683646260912537684e+01
1.742274379259344741e+01,1.727300236178350801e+01,1.710429782995547399e+01,1.713009171117494844e+01,1.700564403498839994e+01,1.693787182538809333e+01,1.684835436967469846e+01,1.658467617903973590e+01,1.493400087818662492e+01,1.713486430977392416e+01,1.723555663433671370e+01,1.712813331739897649e+01
1.717999942099062949e+01,1.679643370475035979e+01,1.653659118970820785e+01,1.650456262410063601e+01,1.645033123470135905e+01,1.639496552766585324e+01,1.636253609458788461e+01,1.627245128216363312e+01,1.576901773394132711e+01,1.629847993916106219e+01,1.628021171129248401e+01,1.626662199924142982e+01
2.123959380935834318e+01,2.084682440654085767e+01,2.062134396892922084e+01,2.051332636293532374e+01,2.030858281862717263e+01,2.013029336622401644e+01,2.005086288647920512e+01,1.920655123289502697e+01,1.779590029352045022e+01,1.925839655485167867e+01,1.914228105956754078e+01,1.904327250476781330e+01
1.840261386306690028e+01,1.821623649660073241e+01,1.795950507494945114e+01,1.794811549391453553e+01,1.777032929907580439e+01,1.761846234919865140e+01,1.751896387991950732e+01,1.703994065156714655e+01,1.540127062009142556e+01,1.745956162062492467e+01,1.748572717976633228e+01,1.736683551487855226e+01
1.867995244718416714e+01,1.834206510412071012e+01,1.821031315574699860e+01,1.815386185223946569e+01,1.803459058523639413e+01,1.799028543144447667e+01,1.799487070990081250e+01,1.746444579577837786e+01,1.622188216811397510e+01,1.765663170928981174e+01,1.763917158369484284e+01,1.758693423412930912e+01
2.210404889467440981e+01,2.158140818569551200e+01,2.128121379187737361e+01,2.113463495670920622e+01,2.091007174360347420e+01,2.059100107017768977e+01,2.040743107314729698e+01,1.965224824662625380e+01,1.849444663458158900e+01,1.945453384235002403e+01,1.925644113058301699e+01,1.914752062712345548e+01
1.588969914441688225e+01,1.547990899115442609e+01,1.525416859790555613e+01,1.521473864044469870e+01,1.515802978114215271e+01,1.511205534557335106e+01,1.508559657902296358e+01,1.493338031947339495e+01,1.447408595414251131e+01,1.493501169011254426e+01,1.490900117999339791e+01,1.489519042398043602e+01
2.012666934437004684e+01,1.961839487230507828e+01,1.928134439316432136e+01,1.920450589057166013e+01,1.911374962087860041e+01,1.898424688101165003e+01,1.887442850400272576e+01,1.866500799733769256e+01,1.845668269849823773e+01,1.849307944580328211e+01,1.839885716800722193e+01,1.837350701409928888e+01
2.166231686726350958e+01,2.126484934601845467e+01,2.090776752357158230e+01,2.079182704021856409e+01,2.057812245278901031e+01,2.031733079265778485e+01,2.016521980898052036e+01,1.943546712501496287e+01,1.814841021674570598e+01,1.936020853193731028e+01,1.920125040379990011e+01,1.909838970116777546e+01
1.790495096894921190e+01,1.762049954104550764e+01,1.736620016576523184e+01,1.733243030960789355e+01,1.716048773932728722e+01,1.698424288863529341e+01,1.698840226632477979e+01,1.647002209637168946e+01,1.513173383173152509e+01,1.667928782425313727e+01,1.664086862876043327e+01,1.655065114397291381e+01
1.717514629068790200e+01,1.698387012453607170e+01,1.681163082676428999e+01,1.678283812185234325e+01,1.658035434688549969e+01,1.651674551464666507e+01,1.658483011077786173e+01,1.575026918802580589e+01,1.411112041093534408e+01,1.620604741897579260e+01,1.623644974198466784e+01,1.611933539810543436e+01
1.497904933188338994e+01,1.488791596480197832e+01,1.470872451589808527e+01,1.473743353678029955e+01,1.456253007953042378e+01,1.452288070385870178e+01,1.468342397021554468e+01,1.406706571353418589e+01,1.245565033188284509e+01,1.466227187714277669e+01,1.476126600554126078e+01,1.465447507112946646e+01
1.714853344582144601e+01,1.689494653520121759e+01,1.677002918893862571e+01,1.676310741663724713e+01,1.667427821524315590e+01,1.669548685113880993e+01,1.675786779524419146e+01,1.638077733687473270e+01,1.507754917525352489e+01,1.672877765512811976e+01,1.678762811302659586e+01,1.674513696512604355e+01
1.579504450050537123e+01,1.557036411856906888e+01,1.557772858859206799e+01,1.557896669249949717e+01,1.546168936287064177e+01,1.553490335417824575e+01,1.568564022772446442e+01,1.506142143467478611e+01,1.355883896480369977e+01,1.560812651809975016e+01,1.572229252500914676e+01,1.565961535437036467e+01
2.149391929156805858e+01,2.109748770895557257e+01,2.076177281350756587e+01,2.065865599288654408e+01,2.045118963221195685e+01,2.020433881835629109e+01,2.005468815617157574e+01,1.934788379528304247e+01,1.801899542807787569e+01,1.931092006454879595e+01,1.916658349245785686e+01,1.906594472207279267e+01
2.124212797209733239e+01,2.097702027438817041e+01,2.058148897617605755e+01,2.048831160027786780e+01,2.021029724471878808e+01,1.991080543642536327e+01,1.974332728177671825e+01,1.885309604405700057e+01,1.715902786619094300e+01,1.904461289121415035e+01,1.892054496808758657e+01,1.876666644874177337e+01
1.743713225886738982e+01,1.701651304418617983e+01,1.678485253170589786e+01,1.673481353176084951e+01,1.665771349896193243e+01,1.658650714875525267e+01,1.654468589121252009e+01,1.632071586364230953e+01,1.569321468331676250e+01,1.631972310790415293e+01,1.628072003079468644e+01,1.625684544438602330e+01
1.732069551774572247e+01,1.704361728670881249e+01,1.705842530519593581e+01,1.705491779871027092e+01,1.695705204517849296e+01,1.699786568172668666e+01,1.709252410821843071e+01,1.658096267630493870e+01,1.510712034902521061e+01,1.703889999398450072e+01,1.712687648851287392e+01,1.706199482833971359e+01
1.592022248575841026e+01,1.574879149067625583e+01,1.571489253881866155e+01,1.572963807762677213e+01,1.558554266908183727e+01,1.562454975826358172e+01,1.578277353770944025e+01,1.514311426888125744e+01,1.356062292861584417e+01,1.572983042933051756e+01,1.584562446852933171e+01,1.575566632179451965e+01
1.734015144466465941e+01,1.691530374597062192e+01,1.669261428015026993e+01,1.665363772039046353e+01,1.659069009145129314e+01,1.654906617111569034e+01,1.652630494643122105e+01,1.635242477493168067e+01,1.574209347228631550e+01,1.639081541150867594e+01,1.637301457637327573e+01,1.635769921705003327e+01
1.716407428345621966e+01,1.697279966750606306e+01,1.682267702819669708e+01,1.683182266485138001e+01,1.671111030582707002e+01,1.668213720773704978e+01,1.670986040868410427e+01,1.632089483222876325e+01,1.481364545248817599e+01,1.678319379542972456e+01,1.686162721348040705e+01,1.678243266120645671e+01
1.814375345700259956e+01,1.771037193568113466e+01,1.740299156593351526e+01,1.734915939969322807e+01,1.727822520803957929e+01,1.719425793375504696e+01,1.713564229850922871e+01,1.699349883393056970e+01,1.649073295057711519e+01,1.696471850327443320e+01,1.691720426978988812e+01,1.689792327530019378e+01
1.857573049983500724e+01,1.820982261503257504e+01,1.804738240379888836e+01,1.800766967414813280e+01,1.792547798430498318e+01,1.788693308713094865e+01,1.787410983341810677e+01,1.758222875547017949e+01,1.661221815162169335e+01,1.770361597326589020e+01,1.769227596469489683e+01,1.765881244101483105e+01
1.961709763457588096e+01,1.929333031829797918e+01,1.900763671715951020e+01,1.894231872303871711e+01,1.877905705331502872e+01,1.861322098111299539e+01,1.852791784795038765e+01,1.798436455286303115e+01,1.671776641894135551e+01,1.807347113897964164e+01,1.799744835969955759e+01,1.791714754986690394e+01
1.734600137361575278e+01,1.704246950531371496e+01,1.680049550690176474e+01,1.676541400250600589e+01,1.667008950214494689e+01,1.659212745275551981e+01,1.657260424816225353e+01,1.628865375765397872e+01,1.538224028852462233e+01,1.638177114717550609e+01,1.635622984115222422e+01,1.632107966733065751e+01
1.622262585577299276e+01,1.593693472703425051e+01,1.568351682328520447e+01,1.566556106997347619e+01,1.551272693008181669e+01,1.535763778327405582e+01,1.541380373436525453e+01,1.497496663606105649e+01,1.372261374161182523e+01,1.519332049183054600e+01,1.516730788781581118e+01,1.509390920369869882e+01
1.964658951296823020e+01,1.918098669638979104e+01,1.893367243367282171e+01,1.880741135992164459e+01,1.860565826897569508e+01,1.834885092295765219e+01,1.819925436877073466e+01,1.742940503933746399e+01,1.636090715126060857e+01,1.727644977598176013e+01,1.710239579040385038e+01,1.700042325227926909e+01
1.696345969668593412e+01,1.663078932828809897e+01,1.644213627561383007e+01,1.640158439390317113e+01,1.631496511492390766e+01,1.629195470927356126e+01,1.629803909076243329e+01,1.596062882426041973e+01,1.499279432009643109e+01,1.610318298671732151e+01,1.609587903953321941e+01,1.606716589830050168e+01
1.727385228422521735e+01,1.695394053920937338e+01,1.668196986074880428e+01,1.664595505861800717e+01,1.652772708747220776e+01,1.643548576331993871e+01,1.643065232038430779e+01,1.606999980439119113e+01,1.501982524325441126e+01,1.619258894767344970e+01,1.616117942539725405e+01,1.611891742608272438e+01
1.531424934669670002e+01,1.517869875252596934e+01,1.505766568524392035e+01,1.509310249887471933e+01,1.495005045866127169e+01,1.492426464840383993e+01,1.506401843777126892e+01,1.456687983618282267e+01,1.299747803859816919e+01,1.515697203923865111e+01,1.527449264671133911e+01,1.517366669685578096e+01
2.012916825153338962e+01,1.969250217029070527e+01,1.939187842055423161e+01,1.930167984094088496e+01,1.918381596289635382e+01,1.898887257889599312e+01,1.884019907271027350e+01,1.851939541687445612e+01,1.817431955717989567e+01,1.827193336700018023e+01,1.813064035823728304e+01,1.808371783579120518e+01
1.863069933232305075e+01,1.839702479676514102e+01,1.808895155841737434e+01,1.806906562621202994e+01,1.784940298394825220e+01,1.757782936685766373e+01,1.749325267177727383e+01,1.697116976038821790e+01,1.539866203712716874e+01,1.728358918412359202e+01,1.725085001127932216e+01,1.711862630287139098e+01
1.848210527627567856e+01,1.807177047342776532e+01,1.789028229264124192e+01,1.781733749275646517e+01,1.769930851804026162e+01,1.760266144898380958e+01,1.755278124032247788e+01,1.710703330828920699e+01,1.614038693310896022e+01,1.713814028296241077e+01,1.707636012805695103e+01,1.702963926485820423e+01
1.860013456363227036e+01,1.844780815671024854e+01,1.818685890141207651e+01,1.815856737555122180e+01,1.798643274790297397e+01,1.792070820379343132e+01,1.793129053077955959e+01,1.729743613508955846e+01,1.570861145099884659e+01,1.768884482890970844e+01,1.770258162812981695e+01,1.761190083891574432e+01
1.823078288811374748e+01,1.784939514784729298e+01,1.758749125365980248e+01,1.755668172003735350e+01,1.750294527127206123e+01,1.745547788804775280e+01,1.741734266212391802e+01,1.732807686202987796e+01,1.682041462038229795e+01,1.735391574886489963e+01,1.733816763085598822e+01,1.732614901840938870e+01
1.626089117186378630e+01,1.612411185412790715e+01,1.589463493335987643e+01,1.590673266041522815e+01,1.577071264423114449e+01,1.571717571949549175e+01,1.578368267106845657e+01,1.535921484983183127e+01,1.389502477322932528e+01,1.580127936375241937e+01,1.586002062944850088e+01,1.578828536119231352e+01
1.874719726270567932e+01,1.832069658936481815e+01,1.808562751711480487e+01,1.801844782552580426e+01,1.791540802981501912e+01,1.780546444527259808e+01,1.773252096150779167e+01,1.739358556104669518e+01,1.665388015979018732e+01,1.733810959589811773e+01,1.726009275737812843e+01,1.722202289918636353e+01
1.817959308543131058e+01,1.785182385564744934e+01,1.767352707702300663e+01,1.764264391488735839e+01,1.757334432433707860e+01,1.756741897817504139e+01,1.758153798605840379e+01,1.730996220468259494e+01,1.634631651579284650e+01,1.746444935500647944e+01,1.747220218539495207e+01,1.744970090559419873e+01
1.873646820089621556e+01,1.849561391939348098e+01,1.832095734505795903e+01,1.829216210277745347e+01,1.813068630496578493e+01,1.804437805201670386e+01,1.801295695346331271e+01,1.744881679096568305e+01,1.587345107899760599e+01,1.782881200849335102e+01,1.785348357440302536e+01,1.775295873922421919e+01
1.899697798803449089e+01,1.874889347759052427e+01,1.854130311204654546e+01,1.848241351493219753e+01,1.825834490709615210e+01,1.813775745400903361e+01,1.813944673447202049e+01,1.723861167166333885e+01,1.558290650730926252e+01,1.759274078405718456e+01,1.757239260989112140e+01,1.744488341597523373e+01
1.523296963709412388e+01,1.497862072066766537e+01,1.485741543416414778e+01,1.485330032948982470e+01,1.473261830712336540e+01,1.472474927436429759e+01,1.481997456826840143e+01,1.434167939695130123e+01,1.303001641616681816e+01,1.470227606681144827e+01,1.474973145402170793e+01,1.469262797547604116e+01
1.725488224890660760e+01,1.718074878393829508e+01,1.692321678055378342e+01,1.694208782051047280e+01,1.678565083359550414e+01,1.671758452961810093e+01,1.671626338031015635e+01,1.629162715682000950e+01,1.464841184980227418e+01,1.683361695646603096e+01,1.691027651607460669e+01,1.681557712735913412e+01
1.753530968933142375e+01,1.733351018282899147e+01,1.711538582036892464e+01,1.711731285772595612e+01,1.705874390714298983e+01,1.702681861497399041e+01,1.698532472206642652e+01,1.690069877882238458e+01,1.588082348021640122e+01,1.711353908279775027e+01,1.714729839797607625e+01,1.711926741313236278e+01
1.946953940777317271e+01,1.912184228500009553e+01,1.893842448854101335e+01,1.886383094789365344e+01,1.865231708961891854e+01,1.849268120446470931e+01,1.846241476189561226e+01,1.763086620519097991e+01,1.616162962236569811e+01,1.782048252325585480e+01,1.775135097851293509e+01,1.763835455561240195e+01
1.893592613595232521e+01,1.873181547108285727e+01,1.848138056764515724e+01,1.841547108251040044e+01,1.814693857696109802e+01,1.798321210406496817e+01,1.798746721557652606e+01,1.692711518956831540e+01,1.518746613408137769e+01,1.731652347774563339e+01,1.728222610852037988e+01,1.712038749198757870e+01
2.111894718307662444e+01,2.068988175479657698e+01,2.039047319282044768e+01,2.027962814276466474e+01,2.010529648807894887e+01,1.991650295030086681e+01,1.980559893617389733e+01,1.914912862958900419e+01,1.803402310316406343e+01,1.906123379576607135e+01,1.892428683393426425e+01,1.885215077207330125e+01
1.770972713415357802e+01,1.750105200631837121e+01,1.727684928226841166e+01,1.728149720329822969e+01,1.714885200748267380e+01,1.704824308304605296e+01,1.699069667514048021e+01,1.668387800589376369e+01,1.520910874205802266e+01,1.705549201236784995e+01,1.708518311129962441e+01,1.700238271368078813e+01
2.128344146905799406e+01,2.085042598837055650e+01,2.071132364314260954e+01,2.059560355604151738e+01,2.034945176173285120e+01,2.015302187121810107e+01,2.008880586328159623e+01,1.899841730956863373e+01,1.738074463370056222e+01,1.916739566110727822e+01,1.906567285817724056e+01,1.892298881520471809e+01
1.930651746906592692e+01,1.898438491677835671e+01,1.877052167535274307e+01,1.871003278598435315e+01,1.854519415137276184e+01,1.837479066677499873e+01,1.829913297186081067e+01,1.772713926037309662e+01,1.640434480272708484e+01,1.784957604267087561e+01,1.778579720675254450e+01,1.769033034809218208e+01
1.969275033991244683e+01,1.945397877178474388e+01,1.917868596376031221e+01,1.915079877096624017e+01,1.893534928273216167e+01,1.868837206418276509e+01,1.852911189675696235e+01,1.799009894093306983e+01,1.632300285847101051e+01,1.834886728110944176e+01,1.833345487408830010e+01,1.818262923335272774e+01
1.605339093858995980e+01,1.596571967774181822e+01,1.585935651781353961e+01,1.590014782416491634e+01,1.577220673590917777e+01,1.577488475377689348e+01,1.579256123051185945e+01,1.538514523505626563e+01,1.361868639965096328e+01,1.612712574401626853e+01,1.631208887139530006e+01,1.618431795070993928e+01
1.707169719687958676e+01,1.686500190940505561e+01,1.665446841859005289e+01,1.665957927112881265e+01,1.655560499849411116e+01,1.651748903413249536e+01,1.654550821156815843e+01,1.624678585554136490e+01,1.492475668218397722e+01,1.659500926486995098e+01,1.664120812581623809e+01,1.658718468819105141e+01
1.677205513203505305e+01,1.667245971370624957e+01,1.649306834421544821e+01,1.649977219380807014e+01,1.630833153307098371e+01,1.624788623810241717e+01,1.628347915792044276e+01,1.560677173295375475e+01,1.383600293738708054e+01,1.624161702907828442e+01,1.634411195615708934e+01,1.620248370386920556e+01
1.769336907605650211e+01,1.749491953576172776e+01,1.727639007442219210e+01,1.727397877864607523e+01,1.708231536112312909e+01,1.690843743935509025e+01,1.687384803434665415e+01,1.633297260110981952e+01,1.470354568895669622e+01,1.678021876201713525e+01,1.681509998424690977e+01,1.667736371401060325e+01
1.836894414736184800e+01,1.819312968116485152e+01,1.790829594946309911e+01,1.790966127559239851e+01,1.772737998741272492e+01,1.752883170050571238e+01,1.742123824855077530e+01,1.704955939112350549e+01,1.545699441533519014e+01,1.744845179709021465e+01,1.746429215815330238e+01,1.734849073133005959e+01
1.584145652524791537e+01,1.557578259316663072e+01,1.543945738614112351e+01,1.543055209217464174e+01,1.532149454937052546e+01,1.529725607291697820e+01,1.537334361993758058e+01,1.498241787807419634e+01,1.373426757539817267e+01,1.530125776843190799e+01,1.534093966359567141e+01,1.528811516687971128e+01
1.706104820827150448e+01,1.681894251722507150e+01,1.658272400912299460e+01,1.658180716617530237e+01,1.647174183918123447e+01,1.638391542545991797e+01,1.642377449671039713e+01,1.614097922512279482e+01,1.495482142817542304e+01,1.640368516372072349e+01,1.642372139496389494e+01,1.637466304548171081e+01
2.126929479986564431e+01,2.083869522261516849e+01,2.058685366998306066e+01,2.047873872606943024e+01,2.027744640842748680e+01,2.007655687467601524e+01,1.997410480874167504e+01,1.921060070714490209e+01,1.790360727397920826e+01,1.920192293004539863e+01,1.907235207910440877e+01,1.897922239984955439e+01
1.707167274061726303e+01,1.692874163501167217e+01,1.669705741858843950e+01,1.670482831485832520e+01,1.655333625607936909e+01,1.645343164695938754e+01,1.643542845876592295e+01,1.601513740169749056e+01,1.444321187358140612e+01,1.647775575494478062e+01,1.653660150130310669e+01,1.643780157443575263e+01
1.882606885276178943e+01,1.843295646629103501e+01,1.824254090642125803e+01,1.815991468154368960e+01,1.800016061378588716e+01,1.786920904089406292e+01,1.780879749104670040e+01,1.717358844888694946e+01,1.599921969526632104e+01,1.722576105228732501e+01,1.714278955770821611e+01,1.707318003434313880e+01
1.902095418059567677e+01,1.867020154298294798e+01,1.860912122089507292e+01,1.855091811339330832e+01,1.833099399329589119e+01,1.820891144386280303e+01,1.821338369115003175e+01,1.727777214384792970e+01,1.562501985775647917e+01,1.765030998155561548e+01,1.764354336414337965e+01,1.750061717457052168e+01
1.655559697835071020e+01,1.649103456808853352e+01,1.634381854182634086e+01,1.635639601319912373e+01,1.621477845467676104e+01,1.626206784454520005e+01,1.638228245712329922e+01,1.575579170750737212e+01,1.404307009903269154e+01,1.640005090274777189e+01,1.652949943924644671e+01,1.643516014599546082e+01
1.766844158766492612e+01,1.736537280000961303e+01,1.708912537732356540e+01,1.703863422614413992e+01,1.682037237170558086e+01,1.655993603147117454e+01,1.657675940701856732e+01,1.587118329056698407e+01,1.447531097943426381e+01,1.603243702709365692e+01,1.595290561915179417e+01,1.583269704903588426e+01
1.881410020015119855e+01,1.851408401451356056e+01,1.848616876309869284e+01,1.844824029915660191e+01,1.830939151065039994e+01,1.831094708335062649e+01,1.838334759849001543e+01,1.765117183934665590e+01,1.605857817384256592e+01,1.808085125876564092e+01,1.812901063004315816e+01,1.804534543986219575e+01
1.925778577475775322e+01,1.881669037743165163e+01,1.855648721836916692e+01,1.848824702617772431e+01,1.839683719136238693e+01,1.828244149011362651e+01,1.819875543293150244e+01,1.793612848618408506e+01,1.738678451741683162e+01,1.784330113302686271e+01,1.776341047067283441e+01,1.773159048235608282e+01
1.903004758547123387e+01,1.866219943419032390e+01,1.843864210212567301e+01,1.838204433240738211e+01,1.831290785607500737e+01,1.823215072401134051e+01,1.817048978444629270e+01,1.796861201133084407e+01,1.753987728964360926e+01,1.789857981854130031e+01,1.784324786694274323e+01,1.781887611813490935e+01
1.816657949560963559e+01,1.792403035820881385e+01,1.773073837889448257e+01,1.770820841183867600e+01,1.756681286504905160e+01,1.748820791585231404e+01,1.749225808021009598e+01,1.700611357306842919e+01,1.559199601986208883e+01,1.731909492152013286e+01,1.733227323377569107e+01,1.725342525332661126e+01
1.912229869411206451e+01,1.892190708008434186e+01,1.873222141772148674e+01,1.870875574361636495e+01,1.850458427237644088e+01,1.836401665816438111e+01,1.825583167268638718e+01,1.760096528487436629e+01,1.580258935294458134e+01,1.813076895679044043e+01,1.818693757839816882e+01,1.802472238795185433e+01
1.796965251143846487e+01,1.783099445915812353e+01,1.758427026430399920e+01,1.759106472326694615e+01,1.739475027222657388e+01,1.723026176249001651e+01,1.714309320729909913e+01,1.664624512634551579e+01,1.491398374563113016e+01,1.718926832073224631e+01,1.725543662619827145e+01,1.710867951633805006e+01
1.619367934523896579e+01,1.599329022597797412e+01,1.579705782117154378e+01,1.580832056199618130e+01,1.569282244174396190e+01,1.563705474152177821e+01,1.571230971023902079e+01,1.536111324868294226e+01,1.403551023271276854e+01,1.573163280076620474e+01,1.578419458815101883e+01,1.572221902102730517e+01
1.754138820547846578e+01,1.739281891951683789e+01,1.719098581171859408e+01,1.715888786858505455e+01,1.691843588106348761e+01,1.683252551362934923e+01,1.691153078409044141e+01,1.594196156835821832e+01,1.421610780327906021e+01,1.644539597755264282e+01,1.647251397303116605e+01,1.633022056468882255e+01
1.535320286578952143e+01,1.514960929101903453e+01,1.515195267655797728e+01,1.515202211001637345e+01,1.498940250796370144e+01,1.503147690342053089e+01,1.518493381469050441e+01,1.439171851336669228e+01,1.278467093277579814e+01,1.497329922423792503e+01,1.508242162885560056e+01,1.498384070795040479e+01
1.652411868408855256e+01,1.637240530091261448e+01,1.619448459532814510e+01,1.622368076518016977e+01,1.607372697723414490e+01,1.598027361313163475e+01,1.601964182243537849e+01,1.562637475421219513e+01,1.405284806801137343e+01,1.615106155914627806e+01,1.623490683826057435e+01,1.612605369078177375e+01
2.030566172391522528e+01,1.979558212713837051e+01,1.955049809418940399e+01,1.942771795384332734e+01,1.923296535194039336e+01,1.898799746626252016e+01,1.884986078121838560e+01,1.814015796102970413e+01,1.707771427639906747e+01,1.798534192972215351e+01,1.781342285302028117e+01,1.772475673105945759e+01
1.610561801932046322e+01,1.597240955487388625e+01,1.579323555961778602e+01,1.581350613421009932e+01,1.561062510360220124e+01,1.551402461948041456e+01,1.566472333020210961e+01,1.495817174677977057e+01,1.331440548304787974e+01,1.553929370083631589e+01,1.562277313016754654e+01,1.548889633756551198e+01
2.216314444709825082e+01,2.165304160403015388e+01,2.128826171480509899e+01,2.117980565483112088e+01,2.100297817599047079e+01,2.073852859464030729e+01,2.055036274915223871e+01,2.004267972134192988e+01,1.915619524261048312e+01,1.983627858186001447e+01,1.966498762049081606e+01,1.959131360723058890e+01
1.943328980821546637e+01,1.895850308356239466e+01,1.865428373810733476e+01,1.858244913911067187e+01,1.849888001005969329e+01,1.838383472399018359e+01,1.828795920054619373e+01,1.807741908521358098e+01,1.785063475475718420e+01,1.792276072238001916e+01,1.783635037636252108e+01,1.781258302241042202e+01
1.653942708948174456e+01,1.640146897132941817e+01,1.637019706390364249e+01,1.637149228387535516e+01,1.624488837633109739e+01,1.634025052282079571e+01,1.653233916176157337e+01,1.576837138561897156e+01,1.406518187265207764e+01,1.643798720231585975e+01,1.659667929823055843e+01,1.651161096426492492e+01
1.868804606869091245e+01,1.838389149058894034e+01,1.817852839408118015e+01,1.814877168171083355e+01,1.806577415340273518e+01,1.799679180842618109e+01,1.794632581363236667e+01,1.771524702747037239e+01,1.673167263713668618e+01,1.782349310006912191e+01,1.780546094055015161e+01,1.776436334860771638e+01
1.967760760368773632e+01,1.927953796446933055e+01,1.902488587686035615e+01,1.896368172059991508e+01,1.885232045990693450e+01,1.873298650806888332e+01,1.865601807000920687e+01,1.830949323376696825e+01,1.748020123448676699e+01,1.828400882170966923e+01,1.820989687872119234e+01,1.816715594951806168e+01
1.637191092924713942e+01,1.614721659987901248e+01,1.600506308731405980e+01,1.597758615333026277e+01,1.583500018815944621e+01,1.582686663347140232e+01,1.589032948937858869e+01,1.525712677099252979e+01,1.385752285248876525e+01,1.560155003728460876e+01,1.562927057924440710e+01,1.556348377740446232e+01
1.704553258062322030e+01,1.673344003078926434e+01,1.652266919932897693e+01,1.649970357777881702e+01,1.642748118018979397e+01,1.636929280715998658e+01,1.636456626292055105e+01,1.616840224801537218e+01,1.532202768256230918e+01,1.628005064827169690e+01,1.627362794020787717e+01,1.624324257319327813e+01
1.830796442078051811e+01,1.810101467476704684e+01,1.784051361978651684e+01,1.784266328777471244e+01,1.772931888716176729e+01,1.762252827984305981e+01,1.749464505994842867e+01,1.731506856420382334e+01,1.589938650506651818e+01,1.764183179646745003e+01,1.767285532247482749e+01,1.760354330275124113e+01
1.974389217477755309e+01,1.933862624125670848e+01,1.925014449805061290e+01,1.916818909436826601e+01,1.890409045797067478e+01,1.869996388867991755e+01,1.867204537096787575e+01,1.760219954909278428e+01,1.594649829570879440e+01,1.789389605378566728e+01,1.783615477071985467e+01,1.766310171001028806e+01
2.065615621041309069e+01,2.031826658891830206e+01,1.999440152267342441e+01,1.992918991126738604e+01,1.976032799272891793e+01,1.951866440856905882e+01,1.934072898635573878e+01,1.892545186306578486e+01,1.767981920111602889e+01,1.894727917082786206e+01,1.884474147078260486e+01,1.875858413461052976e+01
1.667884201163564128e+01,1.642801548623386410e+01,1.644029206040839952e+01,1.643598101391162913e+01,1.627117706179583223e+01,1.626987198300972892e+01,1.639196049227056662e+01,1.563383202833986907e+01,1.403037011190441241e+01,1.618512815042718245e+01,1.628294661563922929e+01,1.617042825771596171e+01
1.995646157408962651e+01,1.941594770735372677e+01,1.908966413301346776e+01,1.896586798028330634e+01,1.879930668940239968e+01,1.852678032927978080e+01,1.836623987837743854e+01,1.784315742272641714e+01,1.719334718877101054e+01,1.756547212472163721e+01,1.738123459079453070e+01,1.730894049265977941e+01
1.713144912406353981e+01,1.696422759005723080e+01,1.672506787507976966e+01,1.674176290622855134e+01,1.663014246786002559e+01,1.653710443331523550e+01,1.650186957933752652e+01,1.629323223146820609e+01,1.491383852859351755e+01,1.665957224023883754e+01,1.670761909449549520e+01,1.664409347633230141e+01
1.531505390459085625e+01,1.518999923457308121e+01,1.498469286990148852e+01,1.501173485514445183e+01,1.486385034133820504e+01,1.483109370757497736e+01,1.496800805736551077e+01,1.447808003046492509e+01,1.296730147885759443e+01,1.500275943757779196e+01,1.508927011740277102e+01,1.501003604228215060e+01
2.152066443906160842e+01,2.107687471913377308e+01,2.072667048717857696e+01,2.062099172315702589e+01,2.042838385589023176e+01,2.016306047623095310e+01,2.000392992149184224e+01,1.940582709711702947e+01,1.828792150274988515e+01,1.928439475802021974e+01,1.912694958386602551e+01,1.903923392789033642e+01
2.097670469818445937e+01,2.062264158383158374e+01,2.036864900572496495e+01,2.028937649993687131e+01,2.001612655599201673e+01,1.968890747597184543e+01,1.953337839785521979e+01,1.866068354521951633e+01,1.697188459611256306e+01,1.889422460002585069e+01,1.880413060373162537e+01,1.860783222478199406e+01
1.843160060350315987e+01,1.818279379220844660e+01,1.799441499368839104e+01,1.798433630482918488e+01,1.787080244213368019e+01,1.778444040978522622e+01,1.771642373834031403e+01,1.741769973860341381e+01,1.604173339940080112e+01,1.770792373310288070e+01,1.772296615942114428e+01,1.764909155861909795e+01
2.137410660572927057e+01,2.086051300014922205e+01,2.067520955620824097e+01,2.053973390821468570e+01,2.027864817011299436e+01,1.997920466661663852e+01,1.985413393145603678e+01,1.885971839482315104e+01,1.746696968262035554e+01,1.880660207770505110e+01,1.862450052969252212e+01,1.848339336518383647e+01
1.825747171295222060e+01,1.779195959217031842e+01,1.751775253140267452e+01,1.744053723943842726e+01,1.736226192305148430e+01,1.723456414870982201e+01,1.712921088642312739e+01,1.692936554989715248e+01,1.686444122232488141e+01,1.673696333483934495e+01,1.663870874825289192e+01,1.661304193443856292e+01
1.623746255115286274e+01,1.589325465146883865e+01,1.576814256512041545e+01,1.572417857511545769e+01,1.562863384035698111e+01,1.557002009344877358e+01,1.555978326336354378e+01,1.518341268135801592e+01,1.422913865855351112e+01,1.528771587731490733e+01,1.526259589117523952e+01,1.521936443674755246e+01
1.863691597649040332e+01,1.831865927210735023e+01,1.804692372216829810e+01,1.801597323857875210e+01,1.792744696170924357e+01,1.783532258177994123e+01,1.778016606802409783e+01,1.759885264699753193e+01,1.666551853379221981e+01,1.770025179337745413e+01,1.767891329569770065e+01,1.764202854951822275e+01
1.683498462703593290e+01,1.658374065170456291e+01,1.633569797961542847e+01,1.631988253181056336e+01,1.615215624305767506e+01,1.598962445003482991e+01,1.603554584497607394e+01,1.553551622545454514e+01,1.417546302294840821e+01,1.580323418614891828e+01,1.578592384139236238e+01,1.569784197059577302e+01
1.808438751555929613e+01,1.770770714298707915e+01,1.747940095835604879e+01,1.740514895529007333e+01,1.727176670261946612e+01,1.715647284442259490e+01,1.709423859444946103e+01,1.659724321613999010e+01,1.560554591444883421e+01,1.660698048758094103e+01,1.653209526831716047e+01,1.647892879247658016e+01
1.818540364073600912e+01,1.779280814276931366e+01,1.751811675821289427e+01,1.747907424169682855e+01,1.743924759696501070e+01,1.740472294980497736e+01,1.736857977263042230e+01,1.732747746111060039e+01,1.727883489385214588e+01,1.728627935480619726e+01,1.726372699580049996e+01,1.726051775918371334e+01
2.071942972999518062e+01,2.038498572599413095e+01,2.012292285190267549e+01,2.001867218556315464e+01,1.975933551853798775e+01,1.953008791952862566e+01,1.945649741747786621e+01,1.841943556947427041e+01,1.682936278121389861e+01,1.857341550570010469e+01,1.846236226678234615e+01,1.830956358081052571e+01
1.726294573692750234e+01,1.714066187243827599e+01,1.686925165053694187e+01,1.686804204704781540e+01,1.668229367477267289e+01,1.658670170317430603e+01,1.662900084330311401e+01,1.604313398520211464e+01,1.444559864163167795e+01,1.650474126955462140e+01,1.653821130735762424e+01,1.644106925732912572e+01
2.217753121130408900e+01,2.167442778383468394e+01,2.141376908459571737e+01,2.128514831219684567e+01,2.106093324056859473e+01,2.078775765060789382e+01,2.063651262564506439e+01,1.979832689956306169e+01,1.850635875173898981e+01,1.969335900306089115e+01,1.951756096486787229e+01,1.940433348977218486e+01
1.994671472717638139e+01,1.953026152471877808e+01,1.919505509614917926e+01,1.911547792164239468e+01,1.895710763916746799e+01,1.872627705474678805e+01,1.858873326635732681e+01,1.818246289166768648e+01,1.714518979209136162e+01,1.812591861143817340e+01,1.800894460020549204e+01,1.793714727015756694e+01
1.822656593520170887e+01,1.795627622131343415e+01,1.771352310827716181e+01,1.768612597946809473e+01,1.758846587166488007e+01,1.750527150546787425e+01,1.745959821733355355e+01,1.719089102941149960e+01,1.614287171006957422e+01,1.732701905620292848e+01,1.731187088566660393e+01,1.726948197711585919e+01
2.022406494844339520e+01,1.979521750883381870e+01,1.942275920637394293e+01,1.930548723401972921e+01,1.903571637169914510e+01,1.869731017601105094e+01,1.860573591631031931e+01,1.769471607785800060e+01,1.634048914299928512e+01,1.764143424189075660e+01,1.746039080440743518e+01,1.733069096967143707e+01
1.544196719022962050e+01,1.539550830426205330e+01,1.516297761051237991e+01,1.518890351169755171e+01,1.500412635859738764e+01,1.495397765841208404e+01,1.507932721848463054e+01,1.445813441107366693e+01,1.279512455861032727e+01,1.507051888448922305e+01,1.516298636517723430e+01,1.505575415163985831e+01
1.855929441704600791e+01,1.838921401225679020e+01,1.812812673167573863e+01,1.810782485137693243e+01,1.795084850017865818e+01,1.787435573590457238e+01,1.785251666593072528e+01,1.733740015639171261e+01,1.578128871661420796e+01,1.772405619753516248e+01,1.774897129258232198e+01,1.766285591294231949e+01
1.736378166371361331e+01,1.688184860153456768e+01,1.664003060233121190e+01,1.656466978276311153e+01,1.646951122995966443e+01,1.635801401354405016e+01,1.627827579840178984e+01,1.597502804954005207e+01,1.541911825393554558e+01,1.588963917851612528e+01,1.581124885059521468e+01,1.578145085929327074e+01
1.599328875647086967e+01,1.589095350563085596e+01,1.570936359818588279e+01,1.571672355654161457e+01,1.554085790634240105e+01,1.551007839119239229e+01,1.561740051969117538e+01,1.494761226060016135e+01,1.330161025378452599e+01,1.551131893795363048e+01,1.559422333811612482e+01,1.548541287205860151e+01
2.063928295318464379e+01,2.033461662799810554e+01,2.012458874494334893e+01,2.004000554437993031e+01,1.984533600534751940e+01,1.972683929533125990e+01,1.970253375261577489e+01,1.883464984705537759e+01,1.730631141662709993e+01,1.903496544174307559e+01,1.897645208751616863e+01,1.887661185449628931e+01
1.732223470084948147e+01,1.714940059300215935e+01,1.692391742721073555e+01,1.690253092577680150e+01,1.674933819251285172e+01,1.669144999467135904e+01,1.672521445017112640e+01,1.614075208726398714e+01,1.465280760568169605e+01,1.650665037669866564e+01,1.652811348324160790e+01,1.644601163177974712e+01
1.590851361847626499e+01,1.570863305438521174e+01,1.561501140289575496e+01,1.559800484599447934e+01,1.541696773061256032e+01,1.541262887975964979e+01,1.552693675142609386e+01,1.473578904100020459e+01,1.319761593537359268e+01,1.520040737908052186e+01,1.525222725195085083e+01,1.515962315450107489e+01
1.918088906537671434e+01,1.897070353920831209e+01,1.871360392617907209e+01,1.866171555114893010e+01,1.839153567233664432e+01,1.818267522085679389e+01,1.814387378585002963e+01,1.718757756599086761e+01,1.541866873220324585e+01,1.761317003545713789e+01,1.759266931080608387e+01,1.741308358234353193e+01
1.838340248866378701e+01,1.822450356940773375e+01,1.793458128246160399e+01,1.790754535772440192e+01,1.771943126449210837e+01,1.759825055481648803e+01,1.754806880899166188e+01,1.693342983220694364e+01,1.529162951891376743e+01,1.733329665664442842e+01,1.733899694197786445e+01,1.723136789833043281e+01
1.762530267531272088e+01,1.730261946101247972e+01,1.707166578103952403e+01,1.704370614442721887e+01,1.698850416459831791e+01,1.694402860239323161e+01,1.692047778161525073e+01,1.679927506390956538e+01,1.616833491232484121e+01,1.685462459775455102e+01,1.684289711746103890e+01,1.682469178903996010e+01
1.737926401972061186e+01,1.714755372236454534e+01,1.697533800815048366e+01,1.695540899715359018e+01,1.681995866103421378e+01,1.677879466358957217e+01,1.681005725304663301e+01,1.630364478929025651e+01,1.488199560208605909e+01,1.663687240261575795e+01,1.665883163633339237e+01,1.658955246231881375e+01
1.788666617802388359e+01,1.752191685727371961e+01,1.728764629565972299e+01,1.725477923484064746e+01,1.721544106816555342e+01,1.717687119210161484e+01,1.714266785415835059e+01,1.707272315752910785e+01,1.687851393638852571e+01,1.703437997343939259e+01,1.700291236232823522e+01,1.699508801955474269e+01
1.674939594452834157e+01,1.648392618515792307e+01,1.626082496463533644e+01,1.624944148413928957e+01,1.616120864745101926e+01,1.613107976538935873e+01,1.616764621810504465e+01,1.588842934685336594e+01,1.481933905544235763e+01,1.611180940574286069e+01,1.613279454021538228e+01,1.609975980649679173e+01
1.779433268941432189e+01,1.744892360627744310e+01,1.732812512970816599e+01,1.730407941185853815e+01,1.721693930852831755e+01,1.719254337987992187e+01,1.719229730779033716e+01,1.687054006846284793e+01,1.570098907368451258e+01,1.708882568918685507e+01,1.710345101224586628e+01,1.706097658410416784e+01
2.205300142235642014e+01,2.163999223210511857e+01,2.139600027828486972e+01,2.129671298388166889e+01,2.104863542940650945e+01,2.076276156018919039e+01,2.061553417944616129e+01,1.976774590017579314e+01,1.821156230954793287e+01,1.987362308307513814e+01,1.975532174432794719e+01,1.960508026244502133e+01
1.661107573490544453e+01,1.638869737963104356e+01,1.616918933743142262e+01,1.616379573304596562e+01,1.605979580452189026e+01,1.598514004208474937e+01,1.600373697903861725e+01,1.572397029122419276e+01,1.452048044435196239e+01,1.598713518015110502e+01,1.600946726671258702e+01,1.595593841873824736e+01
1.631994717591079436e+01,1.602926353104005486e+01,1.584827961477562219e+01,1.582622112263562109e+01,1.580038605825636999e+01,1.579535714445214545e+01,1.579274143889158388e+01,1.574338537855006059e+01,1.546546980062382382e+01,1.577692917166663555e+01,1.578239246693142128e+01,1.577962966828766689e+01
1.674209299312984811e+01,1.650302499964908165e+01,1.649587429049711673e+01,1.650138389140704476e+01,1.637957326023370541e+01,1.639881434439095642e+01,1.648236638928446851e+01,1.595340029362685819e+01,1.437532197447486659e+01,1.648933441352160401e+01,1.659771310031304736e+01,1.650933495950984309e+01
1.970303428670101553e+01,1.951349038985879858e+01,1.930018081693762255e+01,1.922089015763072695e+01,1.899326968100886148e+01,1.891568193356000904e+01,1.896490940002827941e+01,1.787870443823807065e+01,1.615104584973598278e+01,1.825207168766279864e+01,1.823746621121641098e+01,1.811229583688896128e+01
2.062812313924059637e+01,2.020907625751089043e+01,1.986077255035540290e+01,1.975500618449810730e+01,1.950606121648836933e+01,1.912721841008679036e+01,1.902116650652911645e+01,1.824607174791247033e+01,1.694715115878732448e+01,1.816594040980340452e+01,1.798726914579492231e+01,1.785257495732955135e+01
1.848851601738521211e+01,1.810645102731973921e+01,1.780839041355998731e+01,1.774149953527381740e+01,1.759601688554702292e+01,1.740426870857282182e+01,1.733713970575857033e+01,1.691936025435967750e+01,1.591833099612286340e+01,1.691092245864064125e+01,1.682084550655179456e+01,1.675727617358944599e+01
1.588419675968497735e+01,1.565155097836299269e+01,1.559471836505633213e+01,1.560006787481444768e+01,1.547648725768858036e+01,1.549472106561237261e+01,1.560325652498576865e+01,1.507692341131604685e+01,1.360044857264956342e+01,1.555770696095432548e+01,1.564562822025049549e+01,1.557286841501457353e+01
1.755566030983272086e+01,1.733313893154717178e+01,1.706758069744679673e+01,1.705881082340966515e+01,1.689382735318631035e+01,1.675076386709736909e+01,1.672135348607720218e+01,1.627334161460084161e+01,1.479026033317719602e+01,1.661952356426323973e+01,1.663053427737939316e+01,1.653953414083581208e+01
1.789336782567311346e+01,1.771866649183956710e+01,1.742730315182999945e+01,1.739658281674449825e+01,1.721222835159213815e+01,1.710105176300404395e+01,1.710459066511382176e+01,1.648072688784613504e+01,1.497011840035537666e+01,1.679612620927027677e+01,1.677634208927883819e+01,1.668975457673420237e+01
2.080568681595596203e+01,2.032084657244447712e+01,2.017092932787948101e+01,2.004764354360914780e+01,1.980652144820838600e+01,1.955918711660625320e+01,1.945303548412416106e+01,1.849058945736528514e+01,1.708414408781642990e+01,1.849441738002207813e+01,1.834081030218106534e+01,1.821050093513749601e+01
1.885381377011737314e+01,1.858167423637522475e+01,1.827666355142062216e+01,1.821766534860761055e+01,1.793977048295118948e+01,1.768117935588060874e+01,1.768913545721177272e+01,1.672813316714437448e+01,1.510797114467448132e+01,1.701169802620778171e+01,1.693821684330810839e+01,1.678148410959326498e+01
1.662135676561424802e+01,1.655166364818194680e+01,1.636429710449601416e+01,1.641072043946293491e+01,1.625899614436896456e+01,1.617723505194958022e+01,1.610551994347160232e+01,1.579046097682133798e+01,1.401608394167201688e+01,1.650016358733481070e+01,1.665467298110362648e+01,1.651126778887816471e+01
1.787839961411400580e+01,1.762286768549892813e+01,1.736967426512454793e+01,1.731755680226305572e+01,1.709678857729917922e+01,1.694340508962534386e+01,1.696040288276352115e+01,1.613104549494969220e+01,1.461123767070805890e+01,1.640687483084852971e+01,1.636088190436607093e+01,1.624558029770348355e+01
2.005430303005386250e+01,1.961322878299371197e+01,1.939301315831439254e+01,1.928701112384425898e+01,1.911473949966271135e+01,1.893169106155188786e+01,1.882907985155495467e+01,1.815912225190391283e+01,1.705841738070995106e+01,1.810145566668464312e+01,1.797188232765033078e+01,1.789565368798995593e+01
1.657183012415650936e+01,1.636311168461439181e+01,1.624474828036369090e+01,1.622987461664353503e+01,1.606465900894826149e+01,1.604585779908487098e+01,1.614180283775266034e+01,1.545036155531940558e+01,1.392695060498934545e+01,1.589052621915239705e+01,1.593967509358176393e+01,1.585161289635798987e+01
1.524142157987829371e+01,1.522258229740130453e+01,1.501131062680156880e+01,1.504643446348776870e+01,1.488964155905725129e+01,1.488231378306305963e+01,1.499023654258793137e+01,1.446840296323625985e+01,1.278534872653038867e+01,1.513039416189490360e+01,1.525596379430642635e+01,1.515513925005961759e+01
1.514085285431116468e+01,1.491413269268558572e+01,1.478998705122759283e+01,1.479664134996077784e+01,1.471810179016045161e+01,1.469340719004282469e+01,1.477533330636954823e+01,1.449791660221447565e+01,1.335753380612001884e+01,1.479804335253800751e+01,1.484647214315784858e+01,1.479670098709678250e+01
1.590332293498033955e+01,1.584154016307850021e+01,1.563326704017582536e+01,1.568753708603207109e+01,1.551528361183594562e+01,1.540602664208420514e+01,1.541045109097888322e+01,1.502450463249303603e+01,1.327962021507722490e+01,1.573539595165546778e+01,1.588398318682268417e+01,1.573938793521101864e+01
1.597955806088458708e+01,1.564873629862298721e+01,1.559696828323164119e+01,1.557168073923585006e+01,1.543478645960609974e+01,1.538647196457076483e+01,1.544821658360018723e+01,1.489682266038041014e+01,1.357589655165563336e+01,1.520597180262789117e+01,1.522561010669671511e+01,1.515089228031794555e+01
2.114692689007231863e+01,2.083352601590449993e+01,2.048435080595219304e+01,2.041399363203431960e+01,2.018249296634740375e+01,1.984246548501677410e+01,1.960262392479065952e+01,1.902282527381559518e+01,1.747681643706685506e+01,1.913385079445691161e+01,1.901838159133411565e+01,1.887668974324083848e+01
1.591962580352709900e+01,1.578477587624119316e+01,1.555744937114173787e+01,1.559057821645652631e+01,1.538708799124701976e+01,1.522237147193048479e+01,1.530185708406320977e+01,1.474783328607386501e+01,1.308475137843474734e+01,1.533031423944649241e+01,1.541605682363628382e+01,1.527497553672813346e+01
1.689108755124909678e+01,1.668652842896291233e+01,1.647645815130893610e+01,1.647979281102703908e+01,1.640252632987688486e+01,1.638244806647452378e+01,1.639292640986048255e+01,1.618372473049180016e+01,1.499450875967311170e+01,1.648052444336097011e+01,1.652867374161715119e+01,1.649053804264605105e+01
1.789005276024948543e+01,1.774060396397824846e+01,1.752613931985319695e+01,1.751004918942724942e+01,1.735846936661703666e+01,1.729875198341673581e+01,1.729304665822904141e+01,1.674066968382039633e+01,1.514387587011900571e+01,1.716698292773723722e+01,1.720774169363940231e+01,1.711301910958242445e+01
1.554337921135035039e+01,1.537187371365461708e+01,1.520583444162633135e+01,1.522703216682776706e+01,1.510032991007519421e+01,1.505587943608603574e+01,1.517038535844580061e+01,1.476123392662730716e+01,1.334553895564622827e+01,1.521060613205846401e+01,1.528302978585205274e+01,1.520830637609983960e+01
1.745777280405335219e+01,1.728148411256213635e+01,1.706514385217646534e+01,1.707304069936211022e+01,1.692243593608350238e+01,1.678793653247549855e+01,1.675341633468346814e+01,1.638028386503646416e+01,1.485462996121341384e+01,1.679432146059424724e+01,1.683732366546636072e+01,1.673254315003344317e+01
1.845018261070534393e+01,1.814604557654049799e+01,1.808855011707931126e+01,1.805822635443426805e+01,1.792821859615309421e+01,1.791199843976971806e+01,1.794640906945798875e+01,1.737107322724090963e+01,1.586699271259426958e+01,1.774681139275766384e+01,1.778492660729533625e+01,1.770830066051759388e+01
1.942436180307793236e+01,1.911756605134021569e+01,1.888285347832310990e+01,1.880212889956911937e+01,1.856323766080571858e+01,1.839346954950349300e+01,1.836818274637900927e+01,1.742925887902915960e+01,1.588159996917109318e+01,1.763699723477285630e+01,1.755701092421018572e+01,1.743428846980690849e+01
1.892524476212410534e+01,1.860150394727381595e+01,1.840711605782148652e+01,1.834492796644146750e+01,1.806617702071097398e+01,1.780190419924122835e+01,1.781219624482848118e+01,1.678761820595579124e+01,1.513641918918489360e+01,1.710397239965573846e+01,1.705022600194043392e+01,1.685735040051820732e+01
1.731768327861189860e+01,1.718882554101285010e+01,1.697140111697468612e+01,1.694924478573514648e+01,1.675661137218586560e+01,1.670804036600213749e+01,1.677064526950457335e+01,1.599242322567612895e+01,1.431666920249474551e+01,1.648684545228786646e+01,1.653103662047817934e+01,1.641854860467266519e+01
1.892925845351569691e+01,1.865983753897667086e+01,1.837087241905052437e+01,1.833168477703983967e+01,1.808956510460104994e+01,1.779823668605254028e+01,1.781862298606195694e+01,1.707610833795046901e+01,1.555671310068460578e+01,1.732655211441180398e+01,1.726603219865419803e+01,1.712290112160118838e+01
1.793894594218316385e+01,1.751566011073214568e+01,1.725276859260513973e+01,1.719931166321848792e+01,1.712754120992309481e+01,1.706282905888041057e+01,1.702333502007393307e+01,1.684360078428727192e+01,1.621857325368377545e+01,1.685933812274321042e+01,1.682500541047568632e+01,1.680258613394264700e+01
1.966336067240308338e+01,1.935477251010675914e+01,1.908412807835726355e+01,1.904003992290041936e+01,1.890404605825442275e+01,1.874527546975028969e+01,1.862823589209017072e+01,1.828765934760665957e+01,1.704896209992544343e+01,1.841180864434335973e+01,1.836494219119540716e+01,1.829126068131983374e+01
1.738343809077428759e+01,1.719301897235962784e+01,1.694245450261222530e+01,1.694980449452393856e+01,1.679611053153719524e+01,1.665427937067916986e+01,1.665075433187451281e+01,1.628349942831033914e+01,1.482312510635137848e+01,1.666143594521492588e+01,1.669390520450971493e+01,1.660609784751827078e+01
1.863441487374566563e+01,1.846029049694336166e+01,1.823442520693010849e+01,1.820073935979440449e+01,1.802046325858606224e+01,1.793339457583208230e+01,1.790771938709454147e+01,1.722890723191989437e+01,1.555715897743973564e+01,1.765396752318107332e+01,1.767728191698018136e+01,1.756310057657434953e+01
2.132808476036497680e+01,2.088603264984415020e+01,2.078994424737575386e+01,2.067258773619978030e+01,2.040126296523883553e+01,2.019659037791678458e+01,2.014775894719564420e+01,1.893592503767413504e+01,1.729632111205640044e+01,1.915477277634877851e+01,1.906220160748666714e+01,1.889709820233359494e+01
1.786920866554330800e+01,1.776098926514591980e+01,1.750265909751591309e+01,1.750961428691103805e+01,1.739654128620348672e+01,1.736065011498719457e+01,1.732582123205365221e+01,1.703248749425930342e+01,1.552260054538408873e+01,1.746066663524991469e+01,1.751890785963799502e+01,1.745451501517121784e+01
1.723463762538490940e+01,1.691806921514762152e+01,1.665403360002914823e+01,1.662372183549229021e+01,1.651536795368941313e+01,1.642153191066768159e+01,1.641704621001492725e+01,1.612989386797319824e+01,1.508116525745333014e+01,1.627936141582952700e+01,1.626418987230442426e+01,1.622039091352905871e+01
1.768668268882251127e+01,1.747568078098478495e+01,1.722421720535220047e+01,1.717760531818861125e+01,1.691778467482403414e+01,1.674796080683370292e+01,1.678393584052644272e+01,1.581332547717777182e+01,1.413739225155805634e+01,1.620672540740849854e+01,1.618205924470134605e+01,1.603058104483974944e+01
1.982191107120778994e+01,1.956023452476530267e+01,1.924908919098129800e+01,1.919878721185174442e+01,1.903058361135107646e+01,1.885149849355744323e+01,1.872338540411411500e+01,1.824550889729252034e+01,1.683319291367265791e+01,1.841436701910244977e+01,1.835795639705339610e+01,1.827210367818331349e+01
1.848177399166408108e+01,1.826448344518167133e+01,1.799291457000528638e+01,1.798718920096820284e+01,1.788054212408182764e+01,1.779395153123804363e+01,1.770964808853327455e+01,1.750938502764093485e+01,1.620101848791643206e+01,1.778170442854307254e+01,1.779874847183451791e+01,1.774480156783011608e+01
1.956824547457970098e+01,1.924702307777672772e+01,1.900745895638390337e+01,1.895475431367674446e+01,1.885034706887260825e+01,1.876009847794669838e+01,1.870121681534297764e+01,1.835448649212121452e+01,1.742094950502967876e+01,1.839231703921870320e+01,1.834432458985922310e+01,1.830153022948172037e+01
1.966675947529821045e+01,1.929151519181219854e+01,1.900043160071384207e+01,1.893311826729654257e+01,1.882542044849484597e+01,1.867037612578326389e+01,1.855819426740159983e+01,1.828851801639025965e+01,1.756711263170932469e+01,1.821059290944192810e+01,1.812832313823909303e+01,1.808380852280505025e+01
1.751580645319265628e+01,1.717601025196009701e+01,1.702432477917964704e+01,1.698170465519357464e+01,1.686556131531551728e+01,1.682939063123194501e+01,1.684142118950198252e+01,1.637112869711602414e+01,1.520074737737481918e+01,1.656318515890053078e+01,1.655579070093888916e+01,1.650992640596715688e+01
1.568655882492466169e+01,1.560051437721040379e+01,1.537651161884817164e+01,1.542677467924486301e+01,1.525699310355463290e+01,1.514065087544521582e+01,1.522492077398733734e+01,1.482458516728734033e+01,1.320133304179531031e+01,1.543053200532167857e+01,1.553813300782676698e+01,1.542574541950184930e+01
1.786098431048425894e+01,1.767213696299818437e+01,1.742603763230431824e+01,1.742682144931166732e+01,1.732139569456933970e+01,1.724408576088327294e+01,1.720531632332112437e+01,1.697484595176712574e+01,1.566482206440864111e+01,1.727974746529113048e+01,1.731146095842077770e+01,1.725640465562523218e+01
1.465745654128243736e+01,1.447172532696326819e+01,1.443930668240235526e+01,1.447091537360547697e+01,1.431071187903902420e+01,1.429191080560194216e+01,1.447502783418414118e+01,1.384663587188239298e+01,1.224855148624435408e+01,1.447637812138489544e+01,1.460865634724509654e+01,1.448811567928684063e+01
1.643288495918327996e+01,1.628073343380630789e+01,1.618349130127596780e+01,1.621457216281429936e+01,1.606345708935447192e+01,1.600208435273310670e+01,1.602950470819174811e+01,1.557192740560728517e+01,1.388267367253242845e+01,1.620958729369188944e+01,1.634313481856817774e+01,1.620580275492955025e+01
1.984314300366817818e+01,1.943413976439596880e+01,1.924056756214811870e+01,1.917593004010505808e+01,1.901391027393576394e+01,1.886257646006554012e+01,1.877924145101068021e+01,1.822053417124618946e+01,1.690303225163015455e+01,1.833338854729206702e+01,1.826608656771189843e+01,1.818343456048447848e+01
1.768361918664006183e+01,1.732785649878950451e+01,1.725072738969698705e+01,1.718699479849212253e+01,1.700083192186951209e+01,1.691963283996338419e+01,1.692959032585631363e+01,1.609827198482721045e+01,1.466966274775232826e+01,1.637051382314456305e+01,1.634507979773605868e+01,1.625430221297389721e+01
1.768312788863780227e+01,1.733937929675599676e+01,1.707631147860204734e+01,1.701489324278654891e+01,1.687871733776938044e+01,1.670961584590931182e+01,1.665947138081017798e+01,1.622949683847184943e+01,1.526838045480727324e+01,1.622410285449315381e+01,1.613909783904076889e+01,1.607792513216793395e+01
1.695851640321795273e+01,1.678124877909302270e+01,1.657628505073217795e+01,1.658346182673533065e+01,1.640317512351056450e+01,1.627103266906389933e+01,1.629622470741767515e+01,1.576115638245603101e+01,1.416119297967094504e+01,1.623783509275102688e+01,1.629030228143930614e+01,1.616741183959959471e+01
1.884360865743623847e+01,1.867350649204871260e+01,1.837430706768057931e+01,1.833101211329069713e+01,1.809553762578858027e+01,1.792468776165048183e+01,1.786734444466701532e+01,1.706514176058466958e+01,1.533492404314162094e+01,1.747769920725638571e+01,1.746384723708478859e+01,1.732018574882237516e+01
1.780082323023015434e+01,1.746877036207377287e+01,1.742055992442166357e+01,1.739290892858029736e+01,1.726081250959195756e+01,1.723819314587791496e+01,1.727610121543876787e+01,1.668833855219482487e+01,1.522536772319114995e+01,1.704383870374310561e+01,1.707507059997017151e+01,1.700041105966123212e+01
1.655905116338915306e+01,1.626506534259059933e+01,1.604898763725340061e+01,1.603422010197780878e+01,1.595961982666648105e+01,1.589775169575603364e+01,1.590263041380559095e+01,1.571579999446030662e+01,1.479889562968732442e+01,1.586199601803556725e+01,1.586182581976318495e+01,1.582844325111592632e+01
1.869606079496123030e+01,1.833070460994716555e+01,1.808073247422867169e+01,1.804180476296990321e+01,1.796800627585074039e+01,1.790454858111403524e+01,1.785754508848399880e+01,1.766717379375188912e+01,1.704411633014247585e+01,1.767761059455693129e+01,1.764622365614885169e+01,1.762514416376160398e+01
1.613083699687663497e+01,1.597424571556044448e+01,1.594287081948934492e+01,1.597146516296161955e+01,1.581073570870007750e+01,1.580767195310419559e+01,1.590993294681037362e+01,1.528800899986026884e+01,1.354298639465582177e+01,1.600642788122436855e+01,1.617097996380162428e+01,1.603089639447951242e+01
1.773232040309367008e+01,1.749208775217056555e+01,1.729014315111458799e+01,1.726999774725585013e+01,1.704690938497700614e+01,1.685320359444994409e+01,1.685935573166705481e+01,1.612832154313671040e+01,1.448916519190904673e+01,1.654134416128282936e+01,1.654736484618090842e+01,1.639450743909099373e+01
2.028025352896018418e+01,1.982151503876661636e+01,1.973368555242924671e+01,1.962423685626706771e+01,1.935651816123064606e+01,1.913919911120499506e+01,1.908345922362435587e+01,1.797400101130115146e+01,1.640987266772453168e+01,1.813108213474516361e+01,1.801555956305413631e+01,1.786200661010627755e+01
1.621357884859963505e+01,1.594946452354575861e+01,1.599977676274412808e+01,1.599925892485467038e+01,1.586506831368203585e+01,1.589922434073380764e+01,1.602405844019228098e+01,1.535731828606190597e+01,1.378883488512209432e+01,1.590077670822551958e+01,1.600615579429389257e+01,1.591468102396606632e+01
1.583949849284042877e+01,1.559143574231921470e+01,1.546159861390622758e+01,1.545744329936010608e+01,1.539519330977068812e+01,1.541121909280531632e+01,1.546443928054937977e+01,1.521694274127882274e+01,1.418103101339990424e+01,1.547123709715095963e+01,1.551778707665410373e+01,1.549068329035359959e+01
1.753081027896929456e+01,1.739823170706079125e+01,1.718496879371271646e+01,1.720661405920126441e+01,1.710522634417302612e+01,1.703449920336215939e+01,1.695396640484257844e+01,1.678167477945762087e+01,1.530114252492473703e+01,1.721299386716643909e+01,1.728642427327859465e+01,1.721094699498998182e+01
1.777610228196664721e+01,1.765014205129195446e+01,1.736678383447562268e+01,1.737882794406653630e+01,1.723222461710106757e+01,1.712971916143105489e+01,1.703577844974881472e+01,1.672711500452286160e+01,1.512423161684766804e+01,1.718586305201507969e+01,1.723612677807338756e+01,1.714942974475466997e+01
2.020093017584745709e+01,1.980213469015546579e+01,1.967878776758038484e+01,1.958680483621400015e+01,1.938236883713231151e+01,1.923902930665671818e+01,1.919756061350894427e+01,1.830594608233276332e+01,1.681802136578069096e+01,1.847325274328294853e+01,1.839295359862715529e+01,1.828562717587316655e+01
1.964368533770695890e+01,1.924276034972021776e+01,1.897449012568059956e+01,1.888313192396425677e+01,1.862667046272160576e+01,1.831559596995170835e+01,1.827725770742475575e+01,1.738336625057459983e+01,1.596046561097334582e+01,1.744683280552921190e+01,1.730994931666987569e+01,1.716330003754019629e+01
1.797804956559164324e+01,1.774220834801122137e+01,1.753496191840990193e+01,1.752078380432485716e+01,1.734103706947440315e+01,1.720278236165388819e+01,1.721111414430465558e+01,1.664738122888320859e+01,1.512069850487741896e+01,1.701907294912276569e+01,1.703276791835552828e+01,1.692348749937522001e+01
1.837173107814893669e+01,1.809746488632958616e+01,1.804904590305110546e+01,1.801843579412833662e+01,1.789217072846826539e+01,1.790683241926044644e+01,1.798584906784992299e+01,1.734017171880115527e+01,1.582457379100345385e+01,1.775107356835251693e+01,1.780254407690361873e+01,1.773303110447776731e+01
2.146181673972560944e+01,2.121421232676109625e+01,2.086283545561677144e+01,2.081103752672788687e+01,2.057114106560005240e+01,2.026735486660093244e+01,2.004817502383277272e+01,1.945123702716964331e+01,1.777927304288194321e+01,1.971280062053693172e+01,1.964035690317745164e+01,1.949124482529756364e+01
1.674472471364220993e+01,1.655720751049279826e+01,1.647814121275008503e+01,1.647090136755242185e+01,1.635844154512093240e+01,1.640850076926006551e+01,1.652464277989407648e+01,1.594091618729876991e+01,1.448172680730294992e+01,1.640948252418709075e+01,1.650037982833697114e+01,1.644281871922932936e+01
1.883201354972998232e+01,1.865701035527211005e+01,1.834980329577306790e+01,1.834516785189305921e+01,1.815727781506731020e+01,1.793262206226852840e+01,1.773551007450605610e+01,1.738816993384782350e+01,1.573089694223740942e+01,1.778987692439429225e+01,1.780112896664730826e+01,1.767511045563792038e+01
1.591303462375196354e+01,1.590096113649772214e+01,1.565169794024517280e+01,1.571804318244688226e+01,1.555970860845458326e+01,1.542956946030636622e+01,1.526306834985163086e+01,1.509267545034266256e+01,1.325674576967217355e+01,1.587581500246188249e+01,1.605515184985691590e+01,1.589919729932004167e+01
1.814705477304920933e+01,1.784293861098091227e+01,1.771220958615011298e+01,1.769190387654571595e+01,1.756759289706314320e+01,1.750831473734052679e+01,1.749888488666448794e+01,1.707925516935598509e+01,1.569020412463997793e+01,1.738803099693448928e+01,1.740715609571202194e+01,1.733532465813055268e+01
1.487617199862100570e+01,1.462597851701217344e+01,1.459447792654985854e+01,1.460614543657179176e+01,1.448375447715122100e+01,1.446989275169528177e+01,1.460576365578339342e+01,1.411189761282490629e+01,1.271732990831055510e+01,1.456434307110824555e+01,1.464479592388130591e+01,1.456442888420792592e+01
2.122312806977031485e+01,2.083853465080779088e+01,2.044872257817553063e+01,2.035764034548655133e+01,2.017312852160974046e+01,1.991460965095313185e+01,1.973005189387259506e+01,1.927390668443716848e+01,1.808388361082228002e+01,1.923125489019015788e+01,1.910447858168145885e+01,1.902293068141715793e+01
1.502066490827955825e+01,1.493434987478788578e+01,1.472626115308900019e+01,1.475059174667327788e+01,1.456209329922056206e+01,1.450432255631520739e+01,1.466070383160452373e+01,1.400261955327305152e+01,1.237924394438246800e+01,1.458594483201068037e+01,1.467096331353289607e+01,1.456136070414281924e+01
1.815134010032372558e+01,1.785801635952725874e+01,1.772698686276216407e+01,1.771194950302780313e+01,1.762971297324344988e+01,1.761452855703120690e+01,1.762647737766510048e+01,1.732898872594563855e+01,1.614039518544445784e+01,1.758051694740502313e+01,1.760735704641863109e+01,1.756460284363720348e+01
1.990883082661759929e+01,1.953458019845396976e+01,1.934381624761695306e+01,1.927198490363012695e+01,1.911407242888167701e+01,1.893904481829547848e+01,1.885463841724120826e+01,1.830260371936792652e+01,1.708472622830730714e+01,1.835506047924809536e+01,1.827289523330251697e+01,1.818440910325865900e+01
1.864624992577323681e+01,1.833647405575170453e+01,1.819587378943596079e+01,1.816072344253269222e+01,1.805245789135140200e+01,1.803051554528302347e+01,1.805097625760805258e+01,1.759510535305570400e+01,1.633008626154200371e+01,1.783153471850246774e+01,1.783728016506536207e+01,1.778882895699275934e+01
2.010362998918636990e+01,1.976115296070341643e+01,1.945349754946274956e+01,1.939076430351719438e+01,1.920283751205403888e+01,1.893649063482823180e+01,1.882163587512296843e+01,1.830833449450087258e+01,1.701926324166181459e+01,1.836210703254533172e+01,1.826081385733617779e+01,1.816026104180741640e+01
2.263701993706449755e+01,2.214605507223570768e+01,2.188775560998459113e+01,2.175452123236708957e+01,2.152076938341021872e+01,2.122786939853885713e+01,2.105252330157344787e+01,2.020146577273898814e+01,1.881737789558333063e+01,2.010375055103423847e+01,1.991746589723389249e+01,1.979285328150178458e+01
1.881228391592462756e+01,1.867084270180986394e+01,1.837641099330765471e+01,1.838127499125057795e+01,1.817022135953562412e+01,1.794232709665709535e+01,1.777942955790048885e+01,1.733833888735847140e+01,1.558746694563305546e+01,1.785144657871526874e+01,1.789514816726717683e+01,1.774016233123432329e+01
1.691283709423145964e+01,1.663694902472484571e+01,1.647288846889179226e+01,1.644925538457465564e+01,1.631201741507965863e+01,1.619726927464964206e+01,1.622187837979332770e+01,1.574205192082188098e+01,1.445417348194871643e+01,1.598361231259642601e+01,1.597911707970113504e+01,1.589515093209848651e+01
1.861287699917039973e+01,1.823237711165164043e+01,1.799038386097089770e+01,1.795166230046852718e+01,1.790152947001996608e+01,1.786009837722839677e+01,1.782450082430732508e+01,1.770929193808263946e+01,1.738844445678402550e+01,1.768044311315460249e+01,1.764924547452487857e+01,1.763894989977282535e+01
1.783826466532922339e+01,1.746430667348348820e+01,1.720015645224260581e+01,1.715372539481590763e+01,1.707267273381877004e+01,1.697138119446680093e+01,1.691108156400698093e+01,1.672078991622130317e+01,1.610690103137176621e+01,1.669889731884958195e+01,1.664706881894815282e+01,1.661929389877680308e+01
1.557566493943348185e+01,1.542270098083477770e+01,1.531254905734516036e+01,1.534582901264902510e+01,1.521379804179213657e+01,1.518276201128762715e+01,1.530798226973046106e+01,1.487221671304105008e+01,1.334607256363433159e+01,1.542810166186111154e+01,1.553959595729702592e+01,1.544418322653322484e+01
1.763476512606986901e+01,1.737255404718121454e+01,1.731727035525880254e+01,1.729851711935238967e+01,1.708580615177928053e+01,1.699903101555038631e+01,1.705796578108734352e+01,1.619798137213501477e+01,1.447490042046628567e+01,1.674936757662592868e+01,1.682150409107994804e+01,1.666310557869644526e+01
1.985895868184380575e+01,1.933161261873308590e+01,1.900011933037593437e+01,1.892022511080979541e+01,1.883100501870966781e+01,1.870724065297205385e+01,1.860421988818922401e+01,1.838913384929690054e+01,1.817812081822802028e+01,1.822174059319537776e+01,1.812614366529660614e+01,1.810203169983896032e+01
1.868594599696268332e+01,1.842486916810130637e+01,1.823830750931263722e+01,1.821075982678954119e+01,1.803155123685744599e+01,1.787129812306976362e+01,1.780137097566931814e+01,1.724899626918331208e+01,1.568107137888409319e+01,1.759161654699378374e+01,1.759141467724051822e+01,1.746673945600812772e+01
1.705941314887530424e+01,1.672716017785702647e+01,1.652317517596295104e+01,1.648687239217454703e+01,1.637912316782137623e+01,1.628758994766411661e+01,1.628376603494649899e+01,1.593474527766629656e+01,1.490121910482091927e+01,1.605507256031504681e+01,1.602473035063370688e+01,1.597423119643499057e+01
2.072592026638305995e+01,2.031391018587939712e+01,2.005729258883301824e+01,1.994683814577495440e+01,1.974474094767386845e+01,1.956397227292905683e+01,1.947752904359179027e+01,1.869304973203705700e+01,1.735762053217196055e+01,1.871439724093290380e+01,1.859808327181326248e+01,1.850789303605375835e+01
2.095842702374526212e+01,2.036895390817592855e+01,2.002026781987261828e+01,1.987661372764540602e+01,1.971752982634667006e+01,1.941205184204437018e+01,1.919919805598499707e+01,1.871941171383143043e+01,1.857543434770370183e+01,1.827834565118928367e+01,1.805350687285768529e+01,1.798459399594704422e+01
1.727211147580639405e+01,1.719410766344373442e+01,1.696093332681100563e+01,1.700273683267474212e+01,1.682114918300445083e+01,1.667113589126847728e+01,1.658205017786096747e+01,1.622600063182487062e+01,1.445174004425402536e+01,1.689679240159217244e+01,1.702111826595294630e+01,1.686521350385368123e+01
1.662836084180888818e+01,1.634896108927729941e+01,1.638173790990940049e+01,1.636454987186317567e+01,1.619189477568676949e+01,1.620203133309208710e+01,1.632069886763960298e+01,1.549341380786994371e+01,1.389595589769156625e+01,1.602016339802091949e+01,1.610260564570904407e+01,1.599758990674886938e+01
1.680012932859404273e+01,1.665677093673032871e+01,1.649012468582445123e+01,1.650577751776426538e+01,1.635084265513321355e+01,1.630487452046998698e+01,1.637391050251294544e+01,1.584787288539181027e+01,1.423793671808294370e+01,1.639629439513188203e+01,1.648813633856650185e+01,1.638395060939419068e+01
1.806546800816447629e+01,1.777541505860154203e+01,1.753323653427333895e+01,1.749985154516199515e+01,1.742078915092820779e+01,1.734418219553644747e+01,1.731119909759160080e+01,1.712654227636744864e+01,1.623779894809584690e+01,1.723076135721204594e+01,1.722007849626850273e+01,1.718315443829587963e+01
1.654687299251690646e+01,1.639218619686586109e+01,1.613600144339446629e+01,1.612023340951283501e+01,1.593701893910035317e+01,1.584537360153798424e+01,1.591781422479815866e+01,1.526723124164894507e+01,1.375914815347766229e+01,1.565972515562221723e+01,1.567406219771417319e+01,1.558330566683257068e+01
1.670438642982077582e+01,1.629901460343001318e+01,1.605894304361515523e+01,1.601397982972738276e+01,1.595516367284025527e+01,1.588620588045912818e+01,1.583863681210579166e+01,1.570541777262003258e+01,1.540976369254147649e+01,1.565169466045145974e+01,1.560749154753049517e+01,1.559297840762941512e+01
1.919746831462654413e+01,1.888230592160238430e+01,1.875075490836826120e+01,1.870668602925386637e+01,1.853466423334649704e+01,1.842551812756956053e+01,1.840673839771529074e+01,1.775860006160893434e+01,1.625479797789407499e+01,1.805942034378422534e+01,1.805198972479104569e+01,1.794896052455264623e+01
1.863945879220186796e+01,1.835224293126266915e+01,1.811169227446882601e+01,1.808289387524682468e+01,1.801222957555155091e+01,1.794201578874248071e+01,1.789521831538300134e+01,1.774201308950049949e+01,1.693434784370342427e+01,1.781458639261519750e+01,1.779549595616070334e+01,1.776514479796559698e+01
1.877977324173362561e+01,1.848219343528358038e+01,1.832913874781574393e+01,1.829159979564533955e+01,1.816431882737224868e+01,1.809981370444643289e+01,1.809011759259293584e+01,1.762305411974444169e+01,1.629511666892538457e+01,1.786905541757473515e+01,1.787347644981792527e+01,1.780797961537108876e+01
1.981387886671240395e+01,1.957003761583718315e+01,1.934231300274751320e+01,1.926732058569005801e+01,1.907252025249323424e+01,1.898901309021641737e+01,1.900048018142377870e+01,1.813216517997278387e+01,1.658546805422411907e+01,1.839055049425844146e+01,1.835740994892894307e+01,1.826511251979613348e+01
1.708991874414729395e+01,1.685105629658452742e+01,1.674004262332116966e+01,1.673290340601410975e+01,1.661415100709483994e+01,1.660047121750014298e+01,1.665887401813613522e+01,1.619372524893394782e+01,1.478022780786113977e+01,1.657819602331359476e+01,1.662811387642261352e+01,1.656092059779984993e+01
1.627832871722020869e+01,1.606338308500230383e+01,1.607892112102362248e+01,1.608748241321336536e+01,1.594605314468333113e+01,1.598528659622179582e+01,1.610760488931409995e+01,1.542606079554482257e+01,1.372830548069344481e+01,1.607171877747211397e+01,1.621451028823653573e+01,1.610458236886670846e+01
1.907755679991452880e+01,1.883729520936640611e+01,1.869040758383223633e+01,1.861884894694743053e+01,1.838404635261399989e+01,1.831045056350048839e+01,1.836870340282622394e+01,1.724972298299880791e+01,1.553930702793829433e+01,1.766812805542572562e+01,1.767327501970360615e+01,1.754046604422673994e+01
1.852142207795349904e+01,1.822057020552062667e+01,1.796621506084099806e+01,1.793932106779663371e+01,1.785937881270398719e+01,1.777629137276586846e+01,1.770529372916593402e+01,1.753941678026605544e+01,1.668540192825372159e+01,1.760537423151934178e+01,1.757814178051240717e+01,1.754726449366083330e+01
1.948514144702332018e+01,1.908489666111842453e+01,1.879012126702611951e+01,1.871504887824484342e+01,1.855704454052541053e+01,1.835634777739991819e+01,1.826813142129384104e+01,1.778993640871932413e+01,1.672334751023363353e+01,1.777280706760259932e+01,1.767152492360261462e+01,1.759965174149219536e+01
1.690038160326214367e+01,1.684256039416273509e+01,1.658725861431442539e+01,1.659765402902841913e+01,1.640874160818206917e+01,1.633831385300403127e+01,1.636461481578571053e+01,1.575733648550920130e+01,1.402199340091078206e+01,1.635897803370095716e+01,1.644042326747680605e+01,1.631984997923266434e+01
1.915185562120195684e+01,1.880046338770319991e+01,1.854869347152984105e+01,1.849459642703308759e+01,1.833679771867860353e+01,1.815912806087246878e+01,1.807691917216773803e+01,1.759960842810994919e+01,1.634355738712575956e+01,1.770366879079674050e+01,1.763833692725715352e+01,1.755589082020744485e+01
1.449406255153744816e+01,1.437813179765093885e+01,1.426534002309154125e+01,1.429579577502393128e+01,1.411432495972671397e+01,1.408383148823291542e+01,1.427109472331200557e+01,1.356902380246490658e+01,1.191719714968530930e+01,1.422395787916513221e+01,1.435174274991354970e+01,1.422226396682809302e+01
1.767362014781864232e+01,1.717472919994209590e+01,1.688172519142320382e+01,1.680671780563189799e+01,1.674115574970499409e+01,1.665406194795134809e+01,1.658537191802473032e+01,1.642568618204436248e+01,1.618135819562021638e+01,1.632825269649362809e+01,1.626395098108283932e+01,1.624632122885184771e+01
2.027706451267995291e+01,1.981110587055741590e+01,1.947826389526750646e+01,1.936261031558959900e+01,1.916697066082867451e+01,1.886276313014415962e+01,1.872091498985887270e+01,1.810132252609861681e+01,1.712310259091387721e+01,1.790505636264618516e+01,1.772322570936723096e+01,1.762853474462533399e+01
2.066009297291769897e+01,2.039627059331913372e+01,2.012594202509744079e+01,2.008376253405700140e+01,1.985590313736759072e+01,1.958829163178047850e+01,1.936981375601485311e+01,1.878223212068037995e+01,1.705120313984051350e+01,1.913967331973272934e+01,1.911715684130328086e+01,1.894574975448898613e+01
2.248756594541281473e+01,2.201662817890014523e+01,2.167086137357835796e+01,2.153904143681176464e+01,2.133442537218714818e+01,2.098849488912013328e+01,2.077758288501717132e+01,2.014792436913756646e+01,1.916604246348014939e+01,1.987847207763500279e+01,1.966940141216698024e+01,1.955953500578279858e+01
1.798569931844967940e+01,1.779602408346042708e+01,1.765578919709394867e+01,1.760606884826123064e+01,1.740550565052370757e+01,1.737798695504737623e+01,1.746325017638500654e+01,1.648376990588092994e+01,1.481226629269595385e+01,1.694154870874162810e+01,1.697930690286303346e+01,1.686729130610073213e+01
1.803294347900149219e+01,1.786078482968627057e+01,1.763317562172191444e+01,1.760778493847703174e+01,1.748324448161251610e+01,1.747667722369173759e+01,1.751399653220054731e+01,1.701697746845928449e+01,1.555705296754354272e+01,1.736886877166470811e+01,1.740103367417470892e+01,1.734206094445608670e+01
1.678960223435557353e+01,1.670491318227497501e+01,1.651387874246057308e+01,1.653650826953885655e+01,1.640045017570596997e+01,1.636747423714032124e+01,1.636251782785036468e+01,1.596735647301936645e+01,1.429304683267931075e+01,1.656093021799478748e+01,1.667380617555482658e+01,1.657122802057912025e+01
1.740870844313387167e+01,1.708652347485450562e+01,1.692884804892967665e+01,1.686883223430900358e+01,1.667099197219797446e+01,1.655317431035162201e+01,1.655468130774265134e+01,1.574225177234235140e+01,1.430597809398611453e+01,1.598104468265752409e+01,1.593986071617161748e+01,1.583641096792390890e+01
1.501913302786123872e+01,1.486503068723213694e+01,1.481099872298453057e+01,1.485252688772602703e+01,1.471600846773586646e+01,1.471852613289539669e+01,1.487184666140686495e+01,1.436070604967305719e+01,1.275163667179853100e+01,1.501849816772039325e+01,1.517181834093473647e+01,1.506229758116478301e+01
1.918354438097313519e+01,1.876898245992977721e+01,1.858916312697229145e+01,1.851410076302734353e+01,1.837899068795643842e+01,1.826468239805736715e+01,1.820593978464728124e+01,1.767617115263236727e+01,1.659937494083461118e+01,1.770275253605613841e+01,1.762015256108009353e+01,1.756244542154703225e+01
1.709134245220146298e+01,1.684365740517425891e+01,1.659353099007890009e+01,1.658852708967119582e+01,1.645697299066591057e+01,1.635792258481978934e+01,1.635894966690866781e+01,1.601371687080246531e+01,1.468337980654135499e+01,1.631363042641225292e+01,1.633220751797797377e+01,1.626830064263712217e+01
1.723688202272350267e+01,1.693853172872073642e+01,1.687973521831887425e+01,1.686481615491570807e+01,1.677753725601004220e+01,1.679643657877164742e+01,1.685415043527683210e+01,1.645349377797575485e+01,1.515439032613240933e+01,1.678550271208876410e+01,1.683763665641211915e+01,1.679177302736385968e+01
1.570555693986514179e+01,1.553092188101136806e+01,1.540149815326115323e+01,1.540391976521799755e+01,1.528211805702019710e+01,1.530256332946227893e+01,1.541064299851864128e+01,1.488328684234049781e+01,1.343664107142201125e+01,1.534072911155101160e+01,1.541821540033859073e+01,1.535249114362785683e+01
2.016289176166873531e+01,1.977849376159483441e+01,1.949623440944928277e+01,1.941691072681223318e+01,1.926066717426309793e+01,1.907943502349368714e+01,1.897305871717778203e+01,1.845368662212380784e+01,1.734722832435534556e+01,1.842363472159693316e+01,1.831372528767621688e+01,1.824190282269023555e+01
2.015287149641511277e+01,1.973514436577638875e+01,1.940735113749940055e+01,1.930861414528519759e+01,1.906763729610026559e+01,1.870548895986966897e+01,1.860713420382825589e+01,1.784736826615287342e+01,1.654761739192591463e+01,1.778830300461583391e+01,1.762078633174832376e+01,1.748670366520018149e+01
1.642575235467208117e+01,1.625943889373681728e+01,1.605972820512816313e+01,1.606822079580214080e+01,1.599518004121589421e+01,1.598356920538831893e+01,1.603413074815786032e+01,1.582109826395242358e+01,1.468012356808919527e+01,1.612572892453020046e+01,1.617736139389424110e+01,1.614468204105112648e+01
1.829495612766558921e+01,1.787663668218898394e+01,1.760116102205835276e+01,1.755838220340157818e+01,1.750438785691437005e+01,1.745537217867432389e+01,1.741470161599164967e+01,1.731459471239869075e+01,1.687937775936581275e+01,1.731044961247755509e+01,1.727902607073598418e+01,1.726573443422717702e+01
1.721154353166123130e+01,1.695488578707616156e+01,1.696307643906026286e+01,1.695035472711409597e+01,1.682008904702571073e+01,1.686537879261229733e+01,1.698754605361630965e+01,1.626904445243360797e+01,1.462561264011903894e+01,1.682445380646866084e+01,1.693318328554437002e+01,1.684602485574642827e+01
1.796853401142967144e+01,1.762448213153205856e+01,1.766363485792695442e+01,1.761995827126103364e+01,1.738879740476674840e+01,1.731782151832150163e+01,1.739194095480766933e+01,1.633187727121381627e+01,1.459506831024684637e+01,1.686446800493347808e+01,1.692183979241744041e+01,1.675609541954622728e+01
1.857968590743618975e+01,1.824195946192856255e+01,1.815997478647141250e+01,1.810707009691383007e+01,1.796592881788718898e+01,1.792172528299958856e+01,1.794279184420244277e+01,1.729979630793313916e+01,1.592655509481228826e+01,1.756656710462998205e+01,1.756490747228965787e+01,1.749643478428061627e+01
1.613425699928399482e+01,1.598740169172660508e+01,1.583104868729017944e+01,1.584182477161050961e+01,1.571125032616315131e+01,1.569162084210897312e+01,1.576963740007204429e+01,1.529076178596590729e+01,1.377378230720681707e+01,1.577619966074975899e+01,1.585677307761343435e+01,1.577401747042708813e+01
1.848506579174373243e+01,1.819101915524575830e+01,1.796837439111505930e+01,1.791492697599810668e+01,1.778663148180310571e+01,1.771088311149307515e+01,1.768857194525931575e+01,1.719711988369185107e+01,1.600087900101457805e+01,1.733494013587384330e+01,1.730089796070741315e+01,1.724477528991852182e+01
2.050741380538035585e+01,2.020432462308147947e+01,1.988545228773178408e+01,1.982934684077863352e+01,1.966685350454046954e+01,1.947098761944326384e+01,1.934543864782324718e+01,1.891290499550288828e+01,1.763720099705958333e+01,1.899834995369281643e+01,1.891877255817630399e+01,1.884159681886463744e+01
1.951837673405425377e+01,1.918699312494767995e+01,1.904440367838676096e+01,1.898226285330221685e+01,1.883652456684029630e+01,1.876732023008774775e+01,1.876083431865911066e+01,1.810405908827094024e+01,1.671184358042162543e+01,1.831600198064274565e+01,1.828986456521849036e+01,1.821883799245684088e+01
1.491210069140573502e+01,1.470296232971482375e+01,1.483544360481134738e+01,1.486137526937839048e+01,1.473423483753716390e+01,1.484887825844356080e+01,1.507539238954012184e+01,1.431732367995613409e+01,1.260999197602069621e+01,1.509509430487361037e+01,1.530750298940191989e+01,1.520016025654721936e+01
1.572896740353813705e+01,1.547396723089583936e+01,1.526428879864526245e+01,1.525745853974332356e+01,1.515244783779397686e+01,1.505978591388968191e+01,1.511637823585414431e+01,1.480930636418661273e+01,1.369369320116158839e+01,1.503110048249743436e+01,1.503876133102990487e+01,1.498619310770342672e+01
1.924554488382381479e+01,1.889943165845705764e+01,1.860300223367366712e+01,1.855986100958615026e+01,1.843608879166381342e+01,1.827995650565545560e+01,1.817710751543901537e+01,1.790065529539365841e+01,1.682625164579058819e+01,1.796756788878145272e+01,1.790816327845027089e+01,1.785207841301977538e+01
1.669240215090934853e+01,1.649207374966458062e+01,1.636292751878854901e+01,1.635939846972264888e+01,1.615409999414578834e+01,1.605562346049467948e+01,1.616483134039522795e+01,1.539243456054453141e+01,1.375864108316944545e+01,1.591270481621748267e+01,1.597473491308857696e+01,1.583544233252799494e+01
2.032161529455705207e+01,1.989959274244040799e+01,1.967321639986370130e+01,1.958633619709029716e+01,1.938838551337644844e+01,1.917019875694914788e+01,1.907090495799286956e+01,1.839434279650891213e+01,1.705839578927701083e+01,1.844653542404883950e+01,1.833802306703894303e+01,1.823456529468044351e+01
1.571737861240160505e+01,1.547902731495853068e+01,1.550352210675473863e+01,1.551941497611026044e+01,1.537874948070916581e+01,1.539833823748292296e+01,1.554556779799870192e+01,1.492336896905205101e+01,1.336441049628337119e+01,1.549713548603239666e+01,1.561392279951813045e+01,1.551560596112383017e+01
1.699735814012763413e+01,1.688650511541476007e+01,1.664916516802820112e+01,1.669016794450551799e+01,1.656806896328714629e+01,1.645895257431359227e+01,1.638744691767336903e+01,1.623443607567255853e+01,1.468979027878932619e+01,1.673778439336574309e+01,1.682613295190686742e+01,1.673959909760881715e+01
2.058201515877849275e+01,2.012014178296420042e+01,1.981251417793827940e+01,1.971048160600727073e+01,1.957103991983450442e+01,1.936194505698669843e+01,1.921547623808553240e+01,1.879605435357386867e+01,1.811924534702214018e+01,1.859549663527617014e+01,1.845359606226227456e+01,1.839545433009859465e+01
1.574634507035507092e+01,1.563340850984228503e+01,1.557958790397310089e+01,1.558401503736297222e+01,1.544196252265442659e+01,1.552926738556847219e+01,1.571890417302265952e+01,1.494741545266132654e+01,1.328722237216713786e+01,1.558706039378016150e+01,1.572659213335853146e+01,1.564248156373763798e+01
1.693787052147753158e+01,1.678705511094080904e+01,1.659472294462605291e+01,1.661743855078107401e+01,1.650744060284165471e+01,1.645809563854398760e+01,1.641339959539060445e+01,1.615600224667215556e+01,1.460931395824153078e+01,1.664794077984523568e+01,1.674041897228356746e+01,1.665766240022934142e+01
2.072563418470206287e+01,2.023349585311430943e+01,1.989952249226874770e+01,1.981793914548335778e+01,1.971422820460416148e+01,1.956074776445773722e+01,1.943419636725663580e+01,1.918257738643434251e+01,1.877842689328317149e+01,1.900960269548910020e+01,1.889910101137330045e+01,1.886507084285051405e+01
2.102012934992238158e+01,2.060714126094098830e+01,2.036096324260043744e+01,2.025984926852623147e+01,2.010523857220173483e+01,1.992774221375397303e+01,1.981790188741264913e+01,1.923232641377913055e+01,1.820572983136193912e+01,1.913960028719407802e+01,1.901202832845052271e+01,1.894307338503708138e+01
2.081602352510922671e+01,2.049107943801596221e+01,2.032877182627722235e+01,2.023606835520662628e+01,2.000670070195392469e+01,1.987353002034942051e+01,1.985976121796720761e+01,1.881131422388937224e+01,1.713090644241863814e+01,1.909737101346635768e+01,1.905001826414009614e+01,1.891539733092913877e+01
1.677311378703553757e+01,1.660540930153375783e+01,1.646695377847541053e+01,1.645454333941736280e+01,1.632310004121232794e+01,1.633738048975251189e+01,1.642648254474145020e+01,1.581850701036300855e+01,1.431670157106837316e+01,1.625305089108042012e+01,1.631561627695832684e+01,1.624440921224054790e+01
1.657973614504232174e+01,1.651851897791098267e+01,1.631679115467109753e+01,1.635660455499326815e+01,1.619211648198837139e+01,1.610756215728531515e+01,1.603221759870995200e+01,1.564817136148238497e+01,1.383617240370598189e+01,1.637485131552067941e+01,1.652943543780338231e+01,1.637739210589415961e+01
1.829728927546523565e+01,1.803103111242030465e+01,1.780669652113902757e+01,1.777065214796695614e+01,1.760212262708017050e+01,1.747645431645772618e+01,1.745242704398336642e+01,1.687976752978231687e+01,1.542916602409968085e+01,1.715013333091162195e+01,1.713059635728398789e+01,1.703742560598401212e+01
1.606568198816851023e+01,1.595687886935556499e+01,1.571696910486595478e+01,1.572143264392554407e+01,1.556354367835962016e+01,1.552350468456888954e+01,1.561966015547484865e+01,1.506527938175585923e+01,1.355298382125465118e+01,1.552108064954367528e+01,1.556951822618251846e+01,1.549272799862006700e+01
2.002367200241903689e+01,1.978347037967591504e+01,1.946978208144414779e+01,1.941421141710851117e+01,1.919922185692760763e+01,1.899326419918337194e+01,1.890155350781416033e+01,1.823486642851161932e+01,1.667285373126362558e+01,1.847764053890757907e+01,1.841807678075221233e+01,1.830098445172277621e+01
1.763450330590743320e+01,1.742769237581211783e+01,1.734420937129571527e+01,1.730552036819661765e+01,1.708545675735641822e+01,1.705923444716049175e+01,1.716486396347329801e+01,1.613324745728644061e+01,1.438437777381217053e+01,1.667308355263926956e+01,1.673178813467215420e+01,1.659604791734438578e+01
1.811444246793334045e+01,1.781199623984143798e+01,1.752474358083413009e+01,1.749677167185380711e+01,1.740534553547430363e+01,1.734140475463982511e+01,1.729801612428414259e+01,1.707158092831323515e+01,1.606492165510094949e+01,1.720064685301716167e+01,1.718966485564152791e+01,1.715927035227777964e+01
1.667147671312084256e+01,1.644298666630222883e+01,1.628414042762031855e+01,1.628335836133166481e+01,1.616222258785671073e+01,1.613135303360711958e+01,1.619960318428524104e+01,1.575877407021416765e+01,1.438992181419635763e+01,1.613152322202207500e+01,1.617935849746607957e+01,1.611425084911471828e+01
1.644213319723354871e+01,1.615968640345832696e+01,1.591863431597391987e+01,1.590158430834435954e+01,1.576394696722105770e+01,1.562794989540696911e+01,1.566799884975580603e+01,1.527549193494081159e+01,1.405561668393510821e+01,1.549092971957418108e+01,1.547381773295027507e+01,1.540582898882663976e+01
1.955883442655366267e+01,1.916976794206257395e+01,1.889791999411290746e+01,1.884372986852032028e+01,1.875270920379664830e+01,1.863900346871976410e+01,1.854672487479301779e+01,1.832332945161476445e+01,1.764325713261311179e+01,1.827903361374787039e+01,1.821558172137266141e+01,1.818123040742823804e+01
1.723920400997350910e+01,1.694378413003947870e+01,1.675724854328955971e+01,1.672935417671617131e+01,1.670311087220250101e+01,1.668215136834662360e+01,1.666594046813194652e+01,1.661816118130491660e+01,1.646583048499060098e+01,1.660602569652581195e+01,1.659586883985508265e+01,1.658987377942911934e+01
1.863492650542016449e+01,1.817592625396857287e+01,1.789172257127112786e+01,1.784507935348300123e+01,1.779418200534738759e+01,1.774501304130483703e+01,1.769863236934051187e+01,1.761405135516681142e+01,1.743901919987487403e+01,1.756562567677752185e+01,1.753505241540922199e+01,1.752863246583955714e+01
2.113594557909377514e+01,2.062220175272898004e+01,2.023758616652509446e+01,2.012786450285759088e+01,1.998692995355846591e+01,1.976398059636827043e+01,1.959602537138419720e+01,1.924370558845696522e+01,1.863826161506537105e+01,1.903308530627325723e+01,1.889268706827797573e+01,1.884082326239748539e+01
1.501403854143546290e+01,1.487937407834759718e+01,1.472855631544371313e+01,1.473312141066444347e+01,1.458310753563133311e+01,1.459747238142731440e+01,1.473391120866623716e+01,1.410449665053315194e+01,1.258886860887381154e+01,1.460943169622214377e+01,1.468976236434164129e+01,1.461140851510340433e+01
1.963555020407563134e+01,1.921053745760626086e+01,1.895029518295277526e+01,1.885698263348692194e+01,1.864339114760993965e+01,1.837697015088318153e+01,1.828987484085684301e+01,1.756470225111173633e+01,1.628177209560668004e+01,1.755420157399903047e+01,1.741372099084973613e+01,1.730097624502558773e+01
1.910091737257531364e+01,1.887974364129990690e+01,1.867354694241009483e+01,1.865113611599033305e+01,1.849442942059635442e+01,1.837537208143223921e+01,1.832277317556897955e+01,1.783926557171736604e+01,1.631859481293970404e+01,1.818476277145830267e+01,1.820082835094851603e+01,1.809964917095724957e+01
1.791718728350741330e+01,1.759282747562527405e+01,1.753268396478214086e+01,1.751332607995664148e+01,1.738758918507544848e+01,1.735750768786409282e+01,1.738393452972332298e+01,1.687208280760964030e+01,1.542952630612334453e+01,1.722934145470563294e+01,1.726584774318979143e+01,1.719115882600913636e+01
1.657212832455275375e+01,1.629744757568786540e+01,1.622972527703938184e+01,1.621325282163304138e+01,1.610912929142317296e+01,1.613221406571063454e+01,1.620849012191874650e+01,1.569951201873546331e+01,1.436253951916708793e+01,1.605877011284923128e+01,1.610826710083818725e+01,1.605961289543400738e+01
1.775290558155535692e+01,1.755117704554288949e+01,1.740594963182282484e+01,1.737800935382570344e+01,1.722818255226162876e+01,1.723003556293976146e+01,1.730958472303045781e+01,1.661552114243103162e+01,1.507619648523660949e+01,1.702758350795336639e+01,1.707162059109898777e+01,1.699535132643947577e+01
1.750577151018140043e+01,1.724914380754460907e+01,1.713324008765287587e+01,1.712622042925926280e+01,1.701475750910811513e+01,1.698492229193464453e+01,1.699638029188994537e+01,1.661654966517820142e+01,1.519870035872890135e+01,1.698564253305121952e+01,1.703118207817695051e+01,1.696199033154998403e+01
1.736462876732632665e+01,1.701679482647643127e+01,1.696012020234078577e+01,1.692504704735045351e+01,1.681066523966811133e+01,1.678725467635162971e+01,1.681792273670840032e+01,1.631407072723881768e+01,1.504458460279831833e+01,1.657695716836551725e+01,1.659368041491262957e+01,1.653790258620840348e+01
1.834779496708626922e+01,1.811799244456552671e+01,1.786183523359152403e+01,1.785466469958833358e+01,1.775616449243977257e+01,1.766611902460689976e+01,1.757884310345154333e+01,1.740041323110378713e+01,1.616078384592355732e+01,1.763661351346466688e+01,1.764681898937828564e+01,1.759505674930403529e+01
2.116446972079586786e+01,2.073196215560585287e+01,2.052107260171099412e+01,2.042090378488642699e+01,2.024808115361444294e+01,2.006143477210952852e+01,1.995249668827807099e+01,1.926987682689530956e+01,1.804639889250696072e+01,1.923243401749034831e+01,1.911155705912765868e+01,1.902673595960507669e+01
1.598146421198488021e+01,1.600074500102534003e+01,1.573719856892289393e+01,1.576467077863137511e+01,1.560542487643851750e+01,1.559365731325154592e+01,1.565216244913933430e+01,1.515793686073284086e+01,1.344174299029626418e+01,1.580947006685556566e+01,1.592007371758329448e+01,1.582678645702162434e+01
1.796053877029473611e+01,1.761149417003913342e+01,1.752369967351471658e+01,1.747367574580007954e+01,1.730242179598631935e+01,1.720958433762126560e+01,1.721846294321989390e+01,1.649871190785682629e+01,1.508379299934380846e+01,1.676147622737912712e+01,1.674332705858686765e+01,1.664904290149932109e+01
1.527662617975593840e+01,1.509651216587858080e+01,1.514995417297562774e+01,1.516419956739031782e+01,1.503935714998568152e+01,1.514535458362975895e+01,1.535017989358164137e+01,1.462255386871114560e+01,1.300521893628202186e+01,1.530848839679885565e+01,1.547714675322061773e+01,1.539746699840281785e+01
1.582733574013890099e+01,1.567777982923688462e+01,1.551288608689093884e+01,1.550555843058982042e+01,1.531378092932708590e+01,1.527872343379605091e+01,1.540096306927345360e+01,1.462733396544430242e+01,1.302665136375306254e+01,1.513091123830338880e+01,1.518607360416209140e+01,1.507982705001373880e+01
1.758206237544133543e+01,1.723820174262270299e+01,1.699222630282556068e+01,1.695324107521378210e+01,1.687353962402242047e+01,1.678410477978428617e+01,1.674217649913540029e+01,1.654439362005712510e+01,1.584908204018746325e+01,1.656499984993708097e+01,1.652882635202830741e+01,1.650019323664163551e+01
1.851395242335204827e+01,1.823346395164127998e+01,1.794468077041381449e+01,1.790715125610923764e+01,1.773540806430596461e+01,1.757403905410740208e+01,1.754814040716390977e+01,1.704044936271514032e+01,1.568950313862090162e+01,1.724543667057909602e+01,1.720787383116165259e+01,1.712774111217331097e+01
2.135847489713941272e+01,2.096021541226882690e+01,2.072854562524469557e+01,2.061416158983737290e+01,2.037927335056391343e+01,2.015838875983544654e+01,2.005876357698681645e+01,1.911645422233230462e+01,1.760430712988771873e+01,1.918239513479251457e+01,1.905310581707569284e+01,1.892687025898465691e+01
1.631628979427221182e+01,1.595522340494358282e+01,1.580205391549284322e+01,1.576138266952609079e+01,1.568674004728790372e+01,1.565631033286698504e+01,1.565469546384654542e+01,1.537346591230353177e+01,1.454674982220264390e+01,1.547642053443629173e+01,1.546508750604763982e+01,1.543960946629365871e+01
2.057274412880497394e+01,2.021771819488510502e+01,1.987753745686800144e+01,1.979900163007439318e+01,1.953339663503696499e+01,1.916203706081182645e+01,1.904067017066151024e+01,1.826212569296250976e+01,1.673910297119283896e+01,1.836351894860102618e+01,1.823418283616947733e+01,1.807531475173655622e+01
1.976740123511715197e+01,1.941912175424096532e+01,1.936533985707067629e+01,1.929288182658155648e+01,1.908696240341566863e+01,1.900052956474169008e+01,1.902457515093602680e+01,1.801510546123963152e+01,1.634633356727834652e+01,1.839795105735113623e+01,1.840175651763027886e+01,1.827237781549953155e+01
1.682434781932947843e+01,1.666789647898007942e+01,1.643877298862624414e+01,1.645395136672934910e+01,1.635505033582981582e+01,1.631490405437618563e+01,1.633196748666513187e+01,1.608659143951039638e+01,1.474905716284724555e+01,1.645517832988934259e+01,1.650856730929698912e+01,1.645893946956293519e+01
1.657389134428681032e+01,1.627713342550693554e+01,1.605701905370527172e+01,1.602789583501828474e+01,1.591447684460714918e+01,1.584518615317894152e+01,1.586299451053941034e+01,1.547571010509346401e+01,1.437140638837331785e+01,1.565169256169439471e+01,1.564167587187201924e+01,1.559399104483774856e+01
1.808588032421079461e+01,1.774559750505008893e+01,1.746974149041537672e+01,1.741452105005006246e+01,1.725432239060579320e+01,1.710117010320576014e+01,1.706934596974402396e+01,1.653536921313756025e+01,1.534258731476775672e+01,1.663673279131800342e+01,1.656997142828162239e+01,1.649922538189967725e+01
1.633769544489580383e+01,1.603436746383251332e+01,1.612674706383485201e+01,1.610961948731745252e+01,1.589296834932030400e+01,1.589018079986781196e+01,1.603636539777114578e+01,1.500436515256201808e+01,1.331087849786137589e+01,1.562562588849644207e+01,1.573264925363074873e+01,1.558394463231937088e+01
1.687249872527840822e+01,1.670988185559214045e+01,1.649785707301957061e+01,1.651826346890922537e+01,1.643534856250025200e+01,1.637401150135633543e+01,1.635406413261465630e+01,1.621996330509803030e+01,1.495650703597042686e+01,1.655559479317193450e+01,1.661055983113437051e+01,1.656141675665129753e+01
1.934709927810774488e+01,1.907458970080511662e+01,1.878181049364651400e+01,1.874448827624905789e+01,1.853022015079361751e+01,1.826911500185774173e+01,1.821705659735803451e+01,1.760922845747500887e+01,1.611849864683357580e+01,1.783850143917618425e+01,1.777964877998326543e+01,1.765599933826668888e+01
2.065811523771447256e+01,2.022451713603128454e+01,2.003429768979891534e+01,1.993177648569762539e+01,1.971979908650857283e+01,1.951224504204103738e+01,1.941784567399517769e+01,1.863600910791391030e+01,1.723400303651503762e+01,1.870555961244510712e+01,1.859804134267453080e+01,1.848810419931953675e+01
1.644431132800591300e+01,1.603797598013380465e+01,1.577904315660951973e+01,1.572914566094466515e+01,1.568292567325495490e+01,1.562878773431591206e+01,1.559066180888678765e+01,1.550012973968111574e+01,1.527937182162971830e+01,1.545794342990121883e+01,1.542404060031535984e+01,1.541371921248562238e+01
2.076740138704785821e+01,2.032359287087944111e+01,2.001444803046767973e+01,1.990164294474467255e+01,1.970340030369514750e+01,1.939908230515363385e+01,1.925121569360740992e+01,1.861090146481243224e+01,1.754282238510537795e+01,1.844625499861589191e+01,1.827284136026468175e+01,1.816842615811086148e+01
1.967368455561300422e+01,1.932621917395362132e+01,1.899928347519496796e+01,1.893313712177637598e+01,1.865903391518701682e+01,1.831566184291117594e+01,1.830903686339658876e+01,1.744469920701125787e+01,1.593955136667474370e+01,1.759418089488892889e+01,1.748129542926260527e+01,1.733121845088135160e+01
1.895439843879598740e+01,1.852772543186737053e+01,1.828002811072243006e+01,1.820428063091065241e+01,1.804773310647532725e+01,1.787590444336544238e+01,1.779982507524802671e+01,1.728027636902580255e+01,1.617804909372995681e+01,1.729148074893134890e+01,1.720103098683834375e+01,1.713075837057505879e+01
1.874223087129241705e+01,1.855457259591554831e+01,1.825585907757286819e+01,1.823184081473660001e+01,1.802833910809775375e+01,1.785688536000891702e+01,1.780372655791261494e+01,1.721206414300461418e+01,1.560840421317932147e+01,1.757585856905325983e+01,1.756472821296047115e+01,1.745165341120991087e+01
1.577301866002042097e+01,1.558661188026377609e+01,1.555612693775320743e+01,1.555541047090310336e+01,1.539273713344260663e+01,1.542454664851857693e+01,1.556812449035287393e+01,1.479215939805657776e+01,1.313933300137370885e+01,1.538958220555592327e+01,1.550318416107067954e+01,1.539811717358567300e+01
1.759808078209026760e+01,1.729090139731669851e+01,1.705759257061602696e+01,1.702746463430656831e+01,1.691264878831435681e+01,1.680891053059492890e+01,1.679513991518961191e+01,1.646827538318408202e+01,1.534331503450153811e+01,1.663082093291146180e+01,1.660995056590573782e+01,1.655406031422906921e+01
2.259031835997770443e+01,2.197304363149200057e+01,2.158016794343090439e+01,2.140309642211401098e+01,2.121065652468794127e+01,2.084988192372899363e+01,2.061502647063459293e+01,2.001348576739048113e+01,1.960293018320784952e+01,1.954892516457426410e+01,1.929910030906330221e+01,1.921265538169853926e+01
1.960716786927392619e+01,1.932198589095884600e+01,1.904216977811754319e+01,1.899942499098550286e+01,1.883438861180832191e+01,1.864460011480861112e+01,1.849822877503592267e+01,1.807170439079848379e+01,1.664623858735339823e+01,1.825657803235109355e+01,1.820950219428560857e+01,1.811452039560400351e+01
1.695530931055268908e+01,1.676344935323564656e+01,1.651793094988370214e+01,1.651790754507427295e+01,1.641329005993998891e+01,1.637850312900037864e+01,1.640583365796850401e+01,1.610461622431265383e+01,1.481161574623733124e+01,1.643229456745919492e+01,1.647151735124928607e+01,1.642549496763484029e+01
1.886736938671230845e+01,1.859314341503399604e+01,1.832327415146013649e+01,1.831325874622370264e+01,1.822521501512604658e+01,1.813850607701352402e+01,1.805882744171348619e+01,1.793315110798500100e+01,1.682663251065500631e+01,1.812792149586390167e+01,1.813687963434114536e+01,1.809658168876661222e+01
1.780917364464637487e+01,1.749916859246281220e+01,1.721807970746918315e+01,1.716150183460472078e+01,1.697700060754693396e+01,1.677461205019354651e+01,1.675472075906379743e+01,1.614806109405606449e+01,1.487477111205587654e+01,1.625513419147667094e+01,1.617426954095444458e+01,1.608468385959979940e+01
1.502901606283153235e+01,1.489353851181462041e+01,1.469768528166436461e+01,1.472079600329181481e+01,1.455529994336558097e+01,1.449475031015430027e+01,1.464122924282770732e+01,1.407755823585520893e+01,1.254335798424536286e+01,1.459794851783579439e+01,1.467477571818913340e+01,1.458012373071120571e+01
1.738448332728733092e+01,1.714692167407408263e+01,1.696246740480222215e+01,1.695400697519755795e+01,1.680997186584301062e+01,1.668528262336577939e+01,1.668386012634817561e+01,1.625114890108899957e+01,1.483302960114235169e+01,1.657876933187645818e+01,1.659732971778806032e+01,1.650135385557153711e+01
2.011667376077356906e+01,1.973350684525700061e+01,1.943277707902693052e+01,1.938402267889581054e+01,1.929036152456326647e+01,1.918452694626898136e+01,1.908870861839712418e+01,1.887754978809477890e+01,1.813272733016659188e+01,1.885989292624678626e+01,1.880218601637430353e+01,1.877169010219046896e+01
1.859249406392037329e+01,1.833304364451603519e+01,1.825199893987173638e+01,1.820823664179716417e+01,1.803390325713530729e+01,1.800962840860664471e+01,1.807807129872343310e+01,1.721868694183507031e+01,1.557315933339391911e+01,1.765876709497989339e+01,1.769982622809373041e+01,1.759638527257021678e+01
1.835534849476647068e+01,1.802396517449547630e+01,1.793508314333319831e+01,1.790427684206158432e+01,1.779347288535786475e+01,1.776720581488553563e+01,1.777755040783140217e+01,1.730601784171296131e+01,1.594260375805748886e+01,1.758966937420473897e+01,1.760797991556531272e+01,1.754775035255972426e+01
1.537277169839473778e+01,1.533847459415219738e+01,1.512650139975698416e+01,1.517508759830551490e+01,1.499647154927480663e+01,1.493833246017916672e+01,1.507300747739078339e+01,1.453453360419242735e+01,1.284432324123553038e+01,1.522509453366313004e+01,1.535717460840349169e+01,1.523835487410772593e+01
1.706381844411146531e+01,1.681000239675610786e+01,1.657172260711309164e+01,1.655932438055133105e+01,1.643408070935451093e+01,1.630543272959170054e+01,1.633590279444542048e+01,1.599254847120342937e+01,1.480182947193533671e+01,1.620739899498580883e+01,1.619863205341348689e+01,1.613658863736417715e+01
1.790748400290957321e+01,1.770446063958658200e+01,1.753944001208531134e+01,1.754389213979175111e+01,1.742568142712178769e+01,1.736858705795712865e+01,1.735712891320669726e+01,1.700899463900757880e+01,1.553550280191334032e+01,1.742193626190810818e+01,1.748469647718119901e+01,1.740383786594705384e+01
1.801040051281591658e+01,1.778242651072732272e+01,1.754639019243419185e+01,1.754610201783798829e+01,1.745167395810581468e+01,1.739046267495547937e+01,1.734730989280594216e+01,1.715125983736140469e+01,1.588661936166127653e+01,1.743770575823870672e+01,1.746806667247989608e+01,1.741839106662045822e+01
1.820504181759838858e+01,1.795854000548435536e+01,1.773128747821636964e+01,1.770879546300145080e+01,1.759745568178352215e+01,1.753632295155070864e+01,1.750692051036937258e+01,1.718711498604114141e+01,1.589569511970030113e+01,1.744373054466683470e+01,1.745593108000221960e+01,1.740025616953651877e+01
1.797686048170327311e+01,1.770208821994595993e+01,1.755475603662904049e+01,1.754205654269489401e+01,1.746930961997395571e+01,1.746442586772198524e+01,1.747287693193532121e+01,1.721682733058020531e+01,1.605429371474663824e+01,1.746126518447094611e+01,1.749085598219184945e+01,1.745439949961670578e+01
2.015226887080092766e+01,1.977439359328902313e+01,1.951796261609965555e+01,1.939322307466618867e+01,1.911829877551870993e+01,1.887049144396561928e+01,1.877879058121226663e+01,1.766389242747716892e+01,1.618562388689319320e+01,1.771114342678776410e+01,1.755932017572463977e+01,1.741229908373836821e+01
1.709245928648720181e+01,1.688526281049091793e+01,1.671180644464081766e+01,1.668618141190533777e+01,1.651178035925021703e+01,1.646987505119820128e+01,1.653266845061623869e+01,1.581620923055879935e+01,1.426131314946511175e+01,1.622354345458123959e+01,1.625059954450927435e+01,1.615883535585578556e+01
1.710599907319319968e+01,1.691184113141023104e+01,1.676380948239421897e+01,1.675863877553770465e+01,1.667513894368723726e+01,1.670240026771980268e+01,1.677511589445687790e+01,1.640845187839059705e+01,1.515459952381304909e+01,1.674101660569040462e+01,1.679624182876560567e+01,1.675745814526613486e+01
1.697464708071118977e+01,1.661653240637137330e+01,1.638352673335432641e+01,1.635356334635192610e+01,1.630016744864833100e+01,1.626840833679994347e+01,1.624996536036504935e+01,1.611940417762160038e+01,1.559368924166526149e+01,1.615668683305288766e+01,1.614532991781512905e+01,1.613316389629806480e+01
1.799926746125057164e+01,1.787582007551234042e+01,1.760717284167215624e+01,1.759206890138607804e+01,1.743419046411832340e+01,1.737174339500931097e+01,1.734966097781103045e+01,1.682264300002073654e+01,1.520355152856767411e+01,1.725550106801632211e+01,1.728861957835345819e+01,1.719908264249002627e+01
1.954095790067657035e+01,1.912415381954766147e+01,1.880697707452533862e+01,1.875787259069279855e+01,1.866972947023732132e+01,1.857506162722921772e+01,1.848487293117065278e+01,1.830573907472590989e+01,1.761235928959054675e+01,1.829519332054170633e+01,1.824854962286668680e+01,1.822293906393096563e+01
2.176563110977098958e+01,2.135486918208458107e+01,2.114502292227205871e+01,2.103635014426046723e+01,2.083096053579856743e+01,2.064176233245669323e+01,2.055311721200159170e+01,1.971900657874241958e+01,1.832766150648769710e+01,1.975968455061205731e+01,1.964415284918617388e+01,1.954204803047174721e+01
1.849931444441397232e+01,1.816197826783662705e+01,1.806639760316766186e+01,1.801836688608336345e+01,1.779364549313169164e+01,1.763231932054743822e+01,1.764974560181596885e+01,1.678136576472497055e+01,1.519209285363747775e+01,1.712096462844905176e+01,1.709905270923704634e+01,1.695311927145618824e+01
2.181853453805998200e+01,2.147442344942654913e+01,2.119360549047958742e+01,2.109385726945365036e+01,2.082786224493433735e+01,2.053356789106513958e+01,2.035578632746276995e+01,1.944464249057967820e+01,1.775483312434239380e+01,1.961355495506973057e+01,1.949548989933520815e+01,1.932362965557167200e+01
1.712661952132070198e+01,1.693825863965227185e+01,1.674759898334859187e+01,1.673285453078263174e+01,1.661500452398650651e+01,1.659890293295335084e+01,1.664643838971528211e+01,1.618466538049841930e+01,1.480279216699826783e+01,1.653304283862988910e+01,1.657192517051258918e+01,1.651175236229865106e+01
1.921480537625266649e+01,1.884028734639131031e+01,1.861146712360376299e+01,1.854894633471497656e+01,1.841941026370593448e+01,1.830796552020876788e+01,1.825547853053030778e+01,1.780699803994680863e+01,1.672801042744653088e+01,1.786887442318935371e+01,1.780903076365291682e+01,1.775349950466399207e+01
1.875447216182579169e+01,1.862748138311032520e+01,1.832641733095893599e+01,1.828731105739291252e+01,1.807122687547562379e+01,1.795009927761171298e+01,1.793151901724101904e+01,1.717217564021582277e+01,1.548479578218661779e+01,1.758274539039901896e+01,1.757740702921390508e+01,1.745828612565922811e+01
1.912583545803736129e+01,1.872140183032839289e+01,1.843816434741123444e+01,1.837387067310812228e+01,1.829518704918783811e+01,1.818526912984219024e+01,1.809858253029252140e+01,1.791263355884392539e+01,1.753890052671299671e+01,1.780709959024513012e+01,1.773664196853675534e+01,1.771103011794448179e+01
1.833418776896469282e+01,1.809641023550999606e+01,1.785367452837171598e+01,1.784507286525455783e+01,1.770279687720422146e+01,1.757051338860293299e+01,1.747039748767656064e+01,1.714313916459246556e+01,1.566750942951887460e+01,1.747085011337767924e+01,1.748573435366815332e+01,1.739674233600168662e+01
1.816923586653607359e+01,1.796246475366903539e+01,1.767984586637907896e+01,1.765696796694903981e+01,1.747639123336686851e+01,1.732385155490378992e+01,1.730322118865379011e+01,1.676297819884717555e+01,1.527127183172930991e+01,1.707806592038944160e+01,1.706519758509461226e+01,1.697110852269080539e+01
1.469945873030104799e+01,1.454477486065939651e+01,1.437928040967973153e+01,1.441118666690353756e+01,1.425020541831932341e+01,1.417267256138160825e+01,1.433673737975279927e+01,1.380343348261952663e+01,1.227528175066321303e+01,1.434418640986833360e+01,1.443868363665914423e+01,1.433345469890349300e+01
1.892239595416090125e+01,1.860654055965335729e+01,1.848285268502590739e+01,1.844420148734574383e+01,1.824795701508899270e+01,1.809555543664943400e+01,1.804710224943363883e+01,1.734903748358696518e+01,1.573103650468451242e+01,1.771348413280920653e+01,1.771645515453159092e+01,1.757834121855495368e+01
2.010155636095342757e+01,1.970142014153622867e+01,1.940632058204679922e+01,1.934436879026073086e+01,1.925426170272053383e+01,1.913199963852107288e+01,1.903984657506244460e+01,1.883492826715234614e+01,1.820930720157784677e+01,1.878038683987903568e+01,1.871823360756257770e+01,1.868546443781808364e+01
1.633707885196916365e+01,1.617103719441293563e+01,1.605711574985098977e+01,1.607442960387027853e+01,1.586282731763338028e+01,1.574551142761279543e+01,1.578944422303303163e+01,1.508960554352273142e+01,1.330711036706972017e+01,1.576760281147497800e+01,1.589371946975369987e+01,1.570617194645316594e+01
1.703277859530999550e+01,1.690038273312302053e+01,1.678719886354166491e+01,1.678892097555529261e+01,1.666575687698619390e+01,1.671426122245596702e+01,1.683163394873828977e+01,1.624937311939235585e+01,1.465393429992814056e+01,1.678745945162607001e+01,1.689085764511701981e+01,1.681718859661869914e+01
1.591647030273953511e+01,1.571588994163364994e+01,1.568685091686080035e+01,1.568847037555165791e+01,1.556860753674085451e+01,1.563881162441595585e+01,1.578646005078078396e+01,1.517062460629044018e+01,1.367040919263841126e+01,1.570702294453116643e+01,1.581857877484687869e+01,1.575644172606961568e+01
1.626520793321673253e+01,1.603040328927851377e+01,1.601555737872631724e+01,1.600524089605669786e+01,1.585921385607600875e+01,1.589721560051851235e+01,1.602170661880254343e+01,1.532629427037918113e+01,1.385332811674581599e+01,1.581096942019044427e+01,1.588552351307304100e+01,1.581377162894815136e+01
1.676175936593873317e+01,1.635103644301860371e+01,1.607486296341101095e+01,1.602922672273465565e+01,1.595635335918760767e+01,1.588358958237891549e+01,1.586055211484321781e+01,1.568047726270285303e+01,1.506873805234656949e+01,1.569824898633365073e+01,1.566439841169052194e+01,1.564400466736259254e+01
1.811705527165831242e+01,1.785213238687981274e+01,1.773154972767910564e+01,1.771382737985463507e+01,1.761911914856773365e+01,1.764075020649676873e+01,1.769538414173900165e+01,1.726802301215628788e+01,1.588425781466873055e+01,1.761482036815888819e+01,1.766329339492396500e+01,1.761677949673484989e+01
1.808873218856611587e+01,1.782238837746477245e+01,1.759002948906212893e+01,1.755005347556341633e+01,1.738462953739858818e+01,1.727051590063719999e+01,1.726887114084501107e+01,1.666763567527785384e+01,1.527465072680631586e+01,1.691605662451862457e+01,1.689170854924811138e+01,1.680556241882770507e+01
1.545248149521559533e+01,1.533086125354678764e+01,1.520989808691555289e+01,1.521774509897450933e+01,1.507524594919932603e+01,1.512439045796079817e+01,1.527217950086369491e+01,1.461877032426554912e+01,1.302912319819302134e+01,1.518159758509336221e+01,1.528615805668067829e+01,1.520764968708418330e+01
1.940736064343861855e+01,1.905240269001347642e+01,1.881743014835821626e+01,1.872508212613409739e+01,1.850268467339550682e+01,1.832471034431775792e+01,1.827011575634326235e+01,1.739218512674453976e+01,1.597880373062158021e+01,1.749756841896829229e+01,1.739727954120334985e+01,1.728999681408045319e+01
