tmax,fwhm,massformed
4.042554156885607,1.3875628292120832,11.44449379151189
2.5372176055490723,0.9211780300166433,11.440270532549645
1.8460853492732396,0.8526286129112133,11.449764100795758
2.50891729222154,0.9329244848204896,11.346808771970428
2.091173204221183,0.5888771938085094,11.322724548888266
3.4687805980294844,0.4905351062203233,11.125609987220274
3.3498531155508213,1.1783206247271698,11.120010347299838
2.8250568931763915,0.4061494762589603,11.14800024116365
1.4836440308154928,0.16150399226843798,11.491355329543502
1.837183260770085,0.6574124032657224,11.257375491534258
3.2054664621324602,0.40365302951105503,11.288980231329873
4.228537299362888,0.4961722300485486,11.418612271585408
2.870369765497997,0.7544141181437333,11.328500854862106
2.308607752896219,0.9009084466033951,11.060925177955056
1.5954193855175858,0.263142084782746,11.461627299142402
4.744577252861626,0.9129100723489834,11.252418391665337
4.527439352600488,1.1954076743978652,11.143590393520695
3.637173459668963,1.26523697978138,11.223317312309163
4.113773793756246,1.6427563935581138,11.3995069546939
1.8772873425490622,0.9296257066172258,11.014699862223592
5.407516674471702,1.6752173587717416,11.43539766197104
1.3561470887754628,0.5501914968353957,11.334937496103521
4.244542800404265,0.15308886014890843,11.056229866180765
2.200192402155033,0.4722818326872862,10.958329720174007
3.051285954524065,0.7799898042609719,10.95169726006438
2.9137672399251087,0.6379827833483221,11.196449762231358
2.9858360219126863,0.8237008508325349,11.205043172159245
2.5209068748367756,0.8557308286656385,11.23970106722673
4.5793784009349325,0.5786951024932356,11.03548308108924
1.6159624421799053,0.5555970564766949,10.98415728480452
1.5018858168695304,0.8664690284518212,11.297677278271285
3.7927150178277294,0.9246144762425955,11.21056818961151
2.044321507499389,0.6852227212994227,11.154302362604286
1.9963538669108614,1.0922423055464503,11.050679146214108
1.9966254253094589,0.5079438502766322,11.298032725102464
,,
2.619844304897621,0.6172479633514576,11.219732116573503
3.5080475605694943,0.08184370199967375,10.974114387389793
2.0645125887027818,0.6044015497418153,11.0225496343313
2.6118020700243836,0.19990634717550695,10.954949024691325
2.9170457851262155,1.233868541379594,11.242050763934664
4.5025776295231745,0.8152366989452194,11.061317240277566
3.514061105338226,0.6350180612724351,11.203509137189071
2.813926054432045,0.07742311224222762,11.192666864327148
4.979722031003234,1.4572059605692995,11.197789753460428
2.064859923144061,0.07754651617481981,11.429576113218204
5.113519781754175,0.9428596881167802,11.05762919518056
5.362735256922177,0.3954377826270659,10.874084675227873
2.8307839466285163,0.763494506385473,11.032706403257466
4.02111071445144,0.9409781932098048,11.19275464128546
2.6751129427759675,1.2428712482425808,11.025760293035805
1.9510267327393338,0.6130475765837583,10.932901695718146
4.862720025752412,1.1467314636378165,11.263993374083663
2.7045413685415842,0.19700500642395996,11.031898685008235
5.305886937752412,1.1542569201784274,11.195223031670999
2.814098191228386,1.06378924757469,11.09496337165065
5.256429267498155,0.8465745056934838,11.267552975637074
3.1407680423332827,0.9102024553471144,11.05638128548441
3.969490515858804,1.1998595389894124,11.175739503901546
3.46439547680167,1.20802197224661,11.027017380297568
3.216771931792099,1.1764098322984178,10.87067145320758
4.031270827402776,0.6157643316268216,11.05416226962804
6.631629520829742,0.7111398084688914,11.254635400443236
3.8285220785158436,0.5687207221868421,10.781741119802412
2.0113565867366083,0.6606796400460867,11.17820728431517
6.251256384132836,0.8714704891700622,11.027434720991053
2.9486499060225957,0.8085912280799973,10.947321401631974
4.446772538125788,0.5597354159163221,11.019026512735786
2.525072824480831,0.08501549761836848,11.1612384900412
6.070223711854969,0.7601717263797567,10.995225748906456
1.7314682203815472,0.9232314445283063,11.040834959546828
4.029993512264884,0.958091401102538,11.271068787213704
1.3795223527373537,0.758434222603259,11.100345025297287
1.8258572667703736,0.708661591941598,11.079358175380378
2.295970763292534,0.21674527338929012,11.228889349319275
1.7998218217594386,0.3106602572982406,11.238416722730344
2.805340545240797,0.7158016156580773,10.953373614072161
1.7600643724986276,0.5403867531279307,10.943892967171303
4.191176855662324,1.3310415053963125,11.047009082564172
2.7315366773654777,0.7648724550206433,11.004851991090007
1.664495239422527,0.8469963587961673,11.122725977461716
4.088227414479384,0.9103293155902271,10.987862965078941
3.7186018470625894,1.0139285445451094,11.023015998332575
1.4064371656489296,0.6682374346597321,11.077142960407963
5.753912809136061,1.201666892581249,11.072593733619936
5.906821267731025,1.0068444064791293,10.970788107440933
4.777442793267028,1.198618594198977,11.160426833471325
1.9409395387574278,0.33493142117176994,11.067126509791818
1.3084421164395532,0.5330628314036964,11.028641946686427
3.6229676052586015,0.8462399037128396,11.098618989301347
5.1386248717961855,0.13839162192904966,10.80841360480825
3.9727076538041874,1.1306753581146674,11.006512402333477
1.9256279524292288,0.6784507736920886,10.861999044968538
3.126747867340622,1.0149834326586393,11.008409672379875
3.977869571433886,1.4913877422642026,11.122268543325381
1.8347340578446611,0.10310478251286377,10.917784740284127
3.843822664935837,1.0121434489405525,10.93758500500373
3.574969045237623,0.8312369061642652,11.127293680955567
3.6573542779751858,1.1581552507318436,10.876035962907148
3.0047911695588123,0.818684301313954,11.071219345320443
6.708405148958179,0.29969103825044596,10.940694766745015
6.258225288750551,1.207034846480084,10.990516760215902
3.7356141822367634,0.07754352926353598,11.09672955828453
2.116262485756269,0.7988437959229823,10.961643319160904
5.7109037909475315,0.37382316880731353,10.97291542390003
3.997853442102553,0.5143643529982194,11.160500540938225
6.353587439584131,1.7304107237018196,11.008083975114896
7.32988399013156,0.3771540307794579,10.855769570402032
3.505181735477469,1.2013993408831753,10.844143952287897
3.8642598373924377,0.7118205481309844,10.986309571628139
3.6195161495962784,1.1226307429735192,10.94375242823061
3.751701866810963,0.7210473929463824,11.094188290035211
4.618336392167828,0.627522232595149,11.073036736633332
3.5697691352829897,0.5756692830955723,11.00900180948749
11.212344898366633,1.4030074521090086,11.205342803824353
4.757566086689265,0.10360928464732912,10.889302419820641
5.028784465038484,0.3284243305926111,10.917481904466289
2.816516078491687,0.7569123138736416,11.004091379718313
5.665888789305577,0.5590886872848324,10.967519606403865
3.0397381515852007,1.1023005856048167,10.941138663385264
3.4747094236376412,1.1882335491410771,10.77093692368266
3.9024314159729268,0.8935092968001342,10.858499478907442
3.0570323218976716,0.968110528846463,10.770430278533741
4.172806206002964,1.2729709355565415,11.040709446491638
5.594722937986768,0.6273232483513667,11.017140436590113
4.61481570268481,1.2620459390249146,11.074738228519994
9.059804137718684,2.0395578793999776,11.132078104819207
3.077889941345743,0.959958299113437,10.862126184977555
1.6527344679225575,0.5269398215895119,11.019615967746777
2.4329897167393333,0.17242739598160245,10.92145868120101
5.861611415366822,1.011839104288776,11.26926164247893
4.0486958181986905,0.5354885076613957,11.116995701304313
3.4245649821450352,0.15962929164050557,11.206765508247665
2.922239363515428,1.0367880758534496,10.726984647987017
3.037910041489535,0.9604835811367944,11.015092021839328
2.7443835293567957,1.2996925072955432,11.12521440195335
4.385865747257771,0.2179907792165282,11.044844153025743
2.7131889230078365,0.08549640641018354,10.838620527169653
2.2659623033603267,0.7296986142594429,10.842083123910143
1.8895168676115757,0.8012601357951432,10.937474479211737
2.525568781955017,0.8656485089231021,10.901501295805884
3.332059223363493,0.46541750312054825,10.858639494012161
3.48018478591517,1.087918074271882,10.961303936330825
2.485232197873176,0.7109804474977225,10.879647465058781
3.1630593107245644,1.2123058527142165,11.120118868247538
5.830883369429978,0.1268122993869903,10.9149320750787
2.6917410802991437,1.0093696555980702,10.722737102148725
2.128221314255415,0.6532825545299927,10.983020646956128
4.800039420645016,0.9570707977712795,10.956735025874089
3.3253620565557176,1.4548560718486092,11.064974097217805
2.202109707756598,0.2917493546143767,10.47941126230103
3.9598717734017232,0.21276924217514612,10.88507264121847
4.281275540206939,1.4567004058682824,11.137563495805361
2.419724253536223,0.7358984708524764,11.07952775114501
3.372082363369318,0.9821347640218854,10.841037681863614
4.810181835932643,1.0664965172683423,10.866356017470174
2.632475930472375,0.6859779612451333,11.008377355521016
3.7715047664321775,0.6072639566812067,10.71770230014697
4.529166492107353,1.0994121627882338,11.000248468788799
3.918577651252912,1.0924409013322858,11.06147148152036
2.599712646548152,0.6949846473053201,10.956188910675024
2.783994335336585,1.3809536173239663,10.944035141443798
7.139347491966175,0.2936309277324431,10.674587392489265
3.218051166826724,1.1698058040904027,11.050503690724264
4.508878073922897,0.6670979522342344,11.00038065222406
3.3072576931377533,1.5373362009254488,10.990863291771051
4.132045070799327,1.5750116732658608,11.089162592406216
3.172395230839883,0.2622061241226826,10.92023034633171
3.8975667515952543,0.7026007164333733,11.074984959412557
1.6832092984744498,0.10231205925748828,10.76179412339874
4.344655713202494,0.04754547673316248,11.047165994551479
6.477958687764832,0.6775991010100183,10.972590844187954
3.801333803506449,0.9583699462440455,10.945337262806207
2.9953236598277013,0.3066943424727695,10.823487708904656
7.1486515885091295,0.2551941790682732,10.908905091298351
8.535477118572183,0.585772469672188,10.71096021485329
5.857746022946594,1.3042003988077107,11.178282248728499
3.155296991258733,1.110189831183254,10.853957570187752
8.598334829516,0.7468289912532231,10.984186313047399
7.406114890383853,1.1749427497684055,10.757513310273422
3.4522642927151193,0.2562611895260669,10.980992890447546
4.817064207458244,1.1247200912130813,11.04887069077563
6.441982494303621,0.6293095783463231,10.806166072716291
2.7492574804478203,0.9337040699037835,10.88212216372225
3.0545088824228377,0.24807801867402246,10.85713693202475
3.357064076138899,1.170230453777108,10.942697889823899
2.14486453524499,1.1391983420201108,10.937531215354337
4.241340197428788,1.1983522208030555,10.981470513853353
1.981030888341271,0.6090985485180794,10.728493401318566
2.5818985864134163,0.8154491813929616,10.981206255402101
4.785260927253504,1.225822567956197,11.00465524566907
2.4735395801128353,0.741552831332856,10.918892726573327
6.623747438483773,1.7082415839829086,11.002604567242019
3.577432695825732,0.7042150791716788,11.03177146948263
5.648993817108471,1.5136767874594015,10.951590931600984
2.53039628631287,0.8945665020293271,10.797594113910218
3.8005701376714787,1.4387041046263043,11.074661417182392
1.8326635588114697,0.8351668285410575,10.844692670131078
4.95299903389208,0.6446564274134908,11.039138935276913
2.5840875329347788,0.6999602347248918,10.841760344071824
3.8889086737772978,0.7276925449156707,10.820692843886437
3.918781109682758,0.058252351770609063,10.8486250944328
8.213160884103347,0.8079166100836576,11.011466683007454
6.494861036155959,0.5465920918792476,10.603792983511845
5.496294337357643,0.4762621080162003,10.96415464068561
8.125655718323648,0.6282170879115401,10.881180225151732
5.191497690556084,1.153262283566038,10.893959166074968
6.8813861475665705,0.6269560867547257,10.948082295982946
3.870708018491555,1.2143413892322357,10.896804508487284
3.655294157797921,0.4493586132319174,10.88239501562744
3.8129544445793497,0.7613873061367844,10.819811308244484
1.8138193543094463,0.5787631803790978,10.857093813842203
4.475675363433872,1.4877993920406785,11.104258221342645
4.5031656223344365,0.05925895524007709,11.11382787856907
4.1086828405210625,1.01826146842274,11.133295756760567
5.182539070118822,1.400287986171435,10.967979648810196
5.171798750331366,0.4089704825658654,10.843504311571097
6.165526843068131,0.572310288663261,11.051919304671909
5.260668582749349,0.23489662211869972,11.164509036706095
2.8612176361498176,1.1856574349571136,10.90501890006456
2.4102522096256744,0.7254588739196909,10.729494688206882
5.108485129990561,0.39542819109413024,10.90318831980556
2.8213487996144377,1.0376939260729559,10.822285176568816
4.606492677131512,0.6157776461025811,10.972374608920093
3.3222004381086716,1.3064666384678185,10.992389984946964
4.457043165790055,0.44136510325867473,11.136732089474402
2.5090399259942795,0.8057265845728407,10.826709494755688
4.112918250036754,0.8560892455173256,11.13474870540847
2.7586243177403924,0.506657119037375,10.907559413035278
3.6439412035237346,0.3219114136688066,10.718831128271841
1.8316793649746268,0.1812699713923412,10.721505680691475
4.840781941747219,1.0887095347257105,10.918516505122867
8.076803666492495,0.11038737793277802,10.891508776050463
2.947162630028211,1.172252533271165,10.961074976267339
5.268396147469659,0.8976822551919793,10.88278238948702
5.123439251430521,1.1754237401109278,11.195845737170401
4.640328509579941,1.4865261974356425,10.84663188665346
4.7691132181329685,0.5260167698007455,10.96860087313693
5.786752540256094,1.2067664472635808,11.138749746931651
5.09303816917981,0.8150113218674837,10.938549974064422
4.534058933772175,0.5413378051638719,10.792549351667532
2.9448397364817485,1.1641256385429664,11.054564317238913
3.8458466785787517,0.858354641928992,11.137051891977746
4.7002866649979484,0.7231764395972785,10.996868380783962
5.975109249238862,0.06789687540133225,10.864148002549499
6.120585060543989,0.5105989701261153,10.845646498496704
5.701842679406862,1.016646957991086,11.089656835508913
4.111760742288615,0.757778046234368,10.915892535732382
4.007450695474399,0.6685689509445842,10.895396639464842
4.152968644210111,0.7136595280858833,10.775394841720942
3.3764134216082766,1.0898759500978856,10.881954975628222
2.307094583983473,0.6891350076183566,11.082871780310136
3.6855767213150963,0.8899276510113593,10.727930320835096
4.7820107221689545,0.9446351925731018,10.78051366267808
3.8672129188282747,0.9939415841148967,11.039810073168857
6.572188960457533,1.1200675035682062,10.989829885769693
2.265003872493104,0.07505981248741977,10.978360638148994
2.02848140157934,0.5687357855253501,10.714176692885468
4.529399436830995,1.4498036952532964,10.926128691283235
4.643830615270978,1.3642880877308337,11.037777939451786
1.5663685996914147,0.915395494762707,10.813658440852738
2.538144913337475,1.055179864854336,10.95308854635361
5.632593278665197,0.960653847120606,10.92039321375472
3.8151520016584954,1.2515696811992223,10.80163973754527
5.168201357514562,1.1206063766360563,10.908109821439378
4.971215779940453,1.372207797728516,10.844439197770088
4.701060139099913,0.9578593081379754,10.755915698603859
7.993922816391242,1.7826829365153727,10.6469679859478
4.740691704397028,1.008275694610951,10.801971176457128
2.8687869008713633,0.9783035828427673,10.829437230389425
4.400569448721477,0.6820161527977947,10.802335593435036
4.023471452209383,0.12632461705049602,10.981532864255627
5.089562954556041,0.5832778977855458,10.588437029226567
4.004234286271917,0.6836733075193724,10.74290798604323
5.969471455218936,0.5615461108232167,10.934633632274622
5.99230447211782,0.7151477721503725,10.951417378208761
4.598081830172372,0.6815731059682592,10.860383129383964
5.758425912432544,0.6686345600317076,10.86193718255932
3.7975627379896872,0.962016570611589,10.742922280130179
8.78535782553707,0.651143785293451,10.737554386906353
3.820778220544534,1.1062409020286437,10.967252968572609
7.0239645618003,0.47456900319579043,10.781313523261066
4.716185189817157,0.9427859465071192,10.843062565751206
5.119860884985643,1.0700627009555568,10.799883064845435
6.718430623979955,0.39853831922908256,10.752294338515583
3.0496623562771794,1.0434122075850072,10.908958247153699
3.0856084456311565,1.0261789519314148,10.909102307954779
3.480791899544729,0.5288282251804164,10.955737322800797
3.3178731934432246,0.7409736826859223,10.96225536090139
4.676002101696859,0.6902062778827608,10.884861564268986
1.8114180974243292,0.8843455946409978,10.919714360618176
5.374256726956968,1.3818177618624594,10.679888161859436
7.8190454190009815,0.13130951312039454,10.78305409996433
5.393390666934217,1.1767113989418567,10.8616399930734
3.473705525703174,1.0322873268848942,10.946375474612006
7.064230748856861,1.3978666537522153,10.842820531537056
5.605553468959369,0.11305817772204069,10.60854289631953
5.28708943977044,1.2730124471522124,10.899698196333187
4.298729473161352,0.6357348097892859,10.740168356512825
4.3777600168441015,0.4582793733459679,10.795126172052326
6.555457980722423,1.84686798110282,10.725006727733106
5.056131556788319,0.8637091775651148,10.799289857354577
6.762697679196736,0.28052223755567574,10.625862450042087
7.601164894773729,0.5425040647271144,10.861734561121935
8.156415891613905,1.2186765961613135,10.862699900350469
5.831367873769262,0.7420666802835996,11.093496799335709
6.2016219293273975,1.0285605100793194,10.83839934901973
4.970405653655652,1.4323827833778757,10.880345890509917
4.0293303469281785,1.1829664378916604,11.077565871674745
3.3688496423553342,1.0294071438933203,10.948086499129596
4.333606715856911,1.2241849015467539,10.927496763498365
4.552079617484231,0.9453824458647073,11.111568374011567
3.183766384131494,0.277333333030168,10.893762344243306
6.023027168031688,0.8462105651449814,10.993151886275667
6.312639274555796,0.980804496039221,10.533866091646088
4.045542707105898,1.4000354611740733,10.874432194743477
3.9833775016599,0.9262228806945324,10.808388698718852
3.804479526260368,1.5525068448353934,10.849405669517617
5.54224071776698,1.4820702021118437,10.826424898962452
4.281607923637916,0.9306232985476984,10.706856066209333
4.07070783666396,0.6208100479345915,10.839476961709726
4.457683079373679,0.05812726536390128,10.797320132698866
8.255455772148327,2.043380989997524,10.7993488746787
4.539970606063861,1.625372696603322,11.018332462725398
6.231450264257037,1.1520668885838374,10.780036141537966
7.524719002432662,0.20815349818295623,10.591833461797744
3.4065941229099304,0.6491102232205924,10.932132964364577
9.269808792267535,1.619051471618353,10.763994367515199
7.024830156086212,0.8430555429624419,10.925605159068677
4.2577576276884495,0.6971078888888279,10.836824254700636
4.396499377058901,1.4803596429546777,11.007675918684356
4.790903270103726,0.9375266863021013,10.791526206939304
,,
2.567537665852887,1.0309273101832905,10.949493064956599
2.9871911444465695,0.2627873944775038,10.752610321290286
6.249960599798278,0.9965195299318522,10.96942276706782
9.32480018822226,1.5200214966763794,10.734029636335825
5.897915028223923,1.2359748938233708,10.95888295403485
3.46249849278944,0.8911510530598292,10.788550009643492
4.164581989054866,0.2959052229952735,10.739942824031493
4.628144744168355,1.357568924018285,10.792564800580848
4.894954953131871,1.5594808055523832,10.763066390689513
3.3775736040853084,1.242277609729373,10.771539053915186
6.483210460102119,1.2309117984304379,11.035401146164519
8.104688694361657,0.17857603743351672,10.827721522895477
4.159543687641662,0.9377032623221689,10.666849044313645
4.660610267366699,0.7879038250141195,10.77735766721466
6.680490332325876,1.8044046455970546,10.722495792278002
5.480938394711529,0.16775749121517045,10.789266942577145
6.353991610620642,0.6983160160374876,10.901893722876837
6.45863299666506,1.37580123555531,10.715908187969417
4.505648101164504,0.7969597762340831,10.971485250216531
4.708386268105601,0.9731054571536587,10.885312802003623
3.990432955444748,1.356564097647179,10.957773231744389
3.9556838976488167,1.4426543132264884,10.885707522170806
4.575100708508095,1.1583013913192706,10.696001375833895
4.415659246852531,1.2961794650430543,10.840827540066162
5.361347529101115,0.4491920594985896,10.691425208186171
8.492050155079852,0.9190491225350762,10.624844660012807
3.9731661528226474,1.1747927697110774,10.88277746621231
5.145341584439005,1.5508428045869413,10.81827036126106
5.84292587476769,0.1484600603777124,10.705750985982611
4.01636521423878,1.429410167190221,10.850487739590633
7.946475002700647,1.50198049039143,10.906924938536317
4.679868132512422,1.3095066672341718,10.704934702340354
4.521491211622037,0.3972673021953816,10.780860167481679
6.2979445685171,1.3969272354693782,10.68570181841758
4.731413901247355,0.8210563494592239,10.823483245667687
6.086774812922568,0.6496279124718505,10.876584948743208
5.204845110089742,1.5693883347852364,10.464523841188713
7.661481617682116,1.7196916970433622,10.85816816834166
4.767673746079864,0.4821029927300193,10.779212528391676
4.349203192453878,1.2845336113299057,10.780770274003054
5.910160151485974,1.5753450741270576,10.80678664222423
7.179915910773099,1.32584649499288,10.71102904663471
4.791702692060643,1.1020081626137692,10.788456623296716
5.957021353863766,1.746402927924042,10.877917303142453
6.863397944746565,1.4791982183475914,10.809453436942286
3.556957179970851,1.422835030388165,10.785180624544811
3.830795390705988,0.902613379249022,10.688376352981914
5.418319442262727,1.3887940641446836,10.821107331300512
5.207258034297137,0.8001816370096607,10.66134523570966
3.1532238364204237,1.024375079844487,10.54140705323721
4.372399573020173,1.5204437416828793,10.792456851019296
6.881123977282835,0.21856319616965184,10.78211578624069
7.156998271876884,2.0461934459427864,10.738083037487067
5.1130216226540535,1.5042604772768762,10.525475986995446
3.1561000127362377,0.852160619622984,10.736632958000538
3.542899290499117,1.5482309490856725,10.831028089240625
7.070289497614971,1.3771420569153046,10.573777620123607
3.8849552424580525,1.068857833837743,10.863035312509094
6.358139628694047,1.965268218539798,10.586408064314378
4.04032697001502,1.3867605864686552,11.44462670187315
2.5372212789806468,0.9211822113776048,11.4407932850796
1.8460853491821183,0.8526286127563928,11.44981668995184
2.0911732041336895,0.5888771935944725,11.323076413977985
3.34984559853559,1.178315471875146,11.120132242397325
2.8250568936958858,0.406149477547339,11.148729939758285
3.4687806485155015,0.4905350411601791,11.126089431051179
1.4836440308406789,0.1615039922745511,11.492343360860364
1.8371832602589218,0.6574124030455523,11.257381076005052
3.205466460242301,0.40365302534886816,11.289479188053955
4.228537639658779,0.4961728511850774,11.41887836158402
2.8703700068111613,0.7544145683916673,11.32905989532899
2.3086078169210107,0.9009085192411239,11.060970979348667
4.745188258049736,0.9135188126172833,11.253391988062786
3.636926067920399,1.2650949841585413,11.22355754103319
4.1071922157852985,1.6406777045641383,11.399617476497458
1.8772873483392292,0.9296257136131474,11.014751397718944
5.354163710443092,1.6630523429795687,11.435436145245125
1.3561470887730214,0.5501914973017062,11.335100294193298
2.200192402154608,0.4722818328899001,10.959078074974592
3.0512860126486703,0.7799899551303069,10.951845598254359
2.913767239764638,0.6379827970942935,11.196549457394555
2.985841232005048,0.8237054241881071,11.205966301437154
2.52090689984918,0.8557308521506343,11.239714389088109
1.5018858166134232,0.866469027182575,11.29773378434364
1.996353875786683,1.0922423129994956,11.050685622873571
2.6198443053717484,0.6172479641825787,11.219740426249142
,,
4.579378473917834,0.5786954128588572,11.035571971311164
3.508047560294073,0.0818437016913272,10.974135071811189
2.0645125889209885,0.6044015504509099,11.022957136574766
1.6159624419005099,0.5555970560963039,10.984159110602619
2.6118020700403526,0.19990634680786218,10.955405802062208
5.3627355700374615,0.3954357814244456,10.874136846048089
3.51406115173238,0.6350181231182748,11.203702362969155
4.502565544973069,0.8152222625518887,11.06133834716822
1.7511557244047242,0.30865683517404013,11.106083280631141
2.8139260544305493,0.07742311224142351,11.192723975808288
4.971324905783802,1.453285856437273,11.197842027861475
4.446772719622516,0.5597364426173151,11.01974699983215
4.021125686499573,0.94099216103913,11.192886719879212
5.089660056082185,1.2646052916853456,11.176363359733957
2.064859923143071,0.07754651617333347,11.429576113218204
5.113102599076574,0.9425041356283131,11.057784912226813
4.642011766480039,0.9685924577208321,11.16272594518528
2.6752815477984435,1.2429911645814113,11.026926252796297
2.830784248884032,0.7634948288303661,11.033208541191868
1.9510267353154025,0.613047580941271,10.932912892835242
4.19127209834448,1.3310930192538668,11.047696103586132
4.861013620253497,1.1460124917327303,11.263993374083663
2.176561993715793,0.5921426946280594,11.118031841400855
5.302278485793474,1.152225525955895,11.195293523916826
2.704541368636537,0.1970050062551842,11.031943878511528
2.8141326634556747,1.0638149484868165,11.095868069923373
3.4642982042528323,1.2079530866106432,11.027030976226156
3.969089359257151,1.1996770917053499,11.175809942624628
3.216781920720714,1.1764163414864746,10.870780495383347
6.630326902502008,0.7091985839194385,11.254644692269299
3.8285220729936866,0.568720712701023,10.781741119802412
4.031271282575308,0.6157647646139989,11.054222870395712
2.011356586597663,0.6606796391263756,11.178211213936288
1.6286038265708298,0.793119655068465,10.749148008985921
2.525059425883609,0.08501570144273808,11.161285888862507
2.9486518722604003,0.8085928970661932,10.948463323818952
5.1537191180334725,0.8234519563844634,11.156769866324597
1.7314682262059091,0.9232314533840966,11.041250548592114
6.069911649961933,0.7595929242368873,10.995269787077309
5.42440050240344,1.1469637220677498,11.188435793204444
1.3795223522769338,0.7584342222552939,11.100349481672975
3.718584449224848,1.013915958219613,11.023033686286828
1.7998218217368676,0.31066025727643726,11.238462339207103
2.295970763309318,0.21674527159688134,11.229339310331564
1.8258572664611497,0.7086615910660711,11.079358175380378
3.50508250513157,1.201335762187136,10.844152696557929
2.8053405499324433,0.715801626726289,10.953611949480457
1.7600643744093443,0.5403867541756574,10.943899466046767
2.731536675084347,0.7648724549511241,11.004851991090007
2.124977237756002,0.9829541717406143,11.006059290105174
1.664495240826376,0.8469963596728091,11.12308226020937
5.743541341915148,1.197831674086964,11.072596414634832
4.088207068349673,0.91031303054436,10.987883885808271
1.4064371659456854,0.6682374353163879,11.077153046978609
2.268181592669669,0.8474467347216191,11.07209517628026
1.94093953872377,0.33493142135043086,11.06775136456911
5.902791617004313,1.0052290166750293,10.97084430332661
1.9256279525449296,0.6784507744315078,10.86200040386796
4.555609394795224,0.11890109275667912,10.930517545590723
5.138624704631023,0.13839108580820414,10.808420060730262
5.21081907725271,1.2460154246613462,11.145055830580331
3.97249416730671,1.1305396216955073,11.006545845992084
3.126785250868521,1.015019907050501,11.009022901774246
3.8437750475866217,1.0121132442151235,10.937593267406214
2.0562523540840285,0.9452198953677033,10.769598862508078
3.574968760908832,0.8312366373342525,11.127294747832053
1.8347340578420213,0.10310478251131323,10.917819317621646
6.7084067856458764,0.29969005306505336,10.940849493343576
6.2440903744289376,1.19977263949298,10.990559884657692
6.9075413855129435,0.07991365574074193,11.1172758188698
3.735614178841605,0.07754351685149494,11.096731313481541
2.116262489755898,0.7988437998008652,10.961822941800353
5.7109037858450415,0.3738232490313304,10.97309579307844
3.997853450334966,0.5143642793716657,11.1609412152949
7.3295435934940825,0.37739696959322827,10.856332592143817
3.8642605534168943,0.711821696418184,10.986370402645742
5.360574394066409,0.3273539723944614,11.217086656846117
3.61938799838298,1.122562702521506,10.943907228473464
3.5697690878510224,0.5756693530945037,11.009500887189631
4.61833708640368,0.6275272975677616,11.073236156817067
3.802967421084811,0.461550051308854,10.948926549713809
10.520875759752048,1.327116515572586,11.205543635186002
5.028784412259199,0.3284243714130102,10.917771218630348
5.665885424491677,0.5590855672962426,10.967525026021757
3.0570326478632017,0.968110803035891,10.770451437950841
3.4750174621545558,1.1884397672418738,10.771694225174572
3.902424717491972,0.893503790155311,10.858527776822918
4.61279160041966,1.2610291318343136,11.074738228519994
4.171984973886375,1.272542409264035,11.040801106033767
8.6883013461562,1.9989421530212432,11.132105624115649
3.0224091762972747,1.2511782267791882,11.102152095768194
3.4482458466157753,0.17307065028899377,11.195706702141509
1.652734467807681,0.5269398221051634,11.019615967746777
5.765338424925738,0.8355053020109792,11.195528202923908
2.432989716720704,0.172427396152748,10.921468775864074
4.048695870121156,0.5354884022304006,11.117058894812684
2.713188923002232,0.08549640642634672,10.83862230495308
3.4245649816630968,0.1596292922717092,11.207029770980176
5.858292907953944,1.0092668499376987,11.269289488702304
4.385865116130827,0.21798954151134867,11.044844153025743
2.7445000669031425,1.2997796828552304,11.125895095373242
2.265962303773631,0.7296986126566848,10.842084038871413
3.0379097594377082,0.9604833133394675,11.015152744384277
2.5255687796346535,0.865648507699974,10.901506316221475
1.889516867494339,0.8012601344668638,10.937643359016308
3.332059223056554,0.46541751991971914,10.85864120820243
3.480159892194021,1.0878999847102182,10.961320423734005
2.485232196352266,0.7109804458558623,10.879704616079277
3.929000872992176,1.1631524846414887,10.9125477717138
3.1629749873265585,1.212262190097846,11.120169453685987
5.83088243238227,0.12681367772537905,10.915142669172562
3.324844741314647,1.4546132055630308,11.064974097217805
2.1282213134927126,0.653282552592826,10.98302228983873
2.6917414268161513,1.0093700709962394,10.722908484354916
4.800406193876485,0.9572882842616659,10.95727237437229
4.412091531973935,0.5176247488390454,10.969958016879943
3.372077218528837,0.9821311355314463,10.841037884282192
2.419724255176925,0.7358984711708858,11.079542798395709
3.959871771718503,0.21276924588738794,10.885696668106839
3.801424259705613,0.9584949038043232,10.946216821026356
7.13934739306381,0.2936265288611834,10.674590301554971
3.7715048094763817,0.6072640097131633,10.717974814737527
4.80866508403106,1.0657310441888932,10.866356017470174
3.879063285519202,0.9047170707121873,10.907342270139836
3.918433798948142,1.0923530821283094,11.06147148152036
2.7839065749593246,1.3808993297496905,10.944036559283926
2.5997126470626677,0.6949846487446999,10.95621652291885
2.506771668139251,1.0451276947505974,10.80379765621555
4.508879203929268,0.6671093357423513,11.00071135306481
1.6858082964844499,0.9520142272137513,10.843640690564737
4.133263857469149,0.48600012012822774,10.929138662319692
4.128895739416765,1.573925771604529,11.08940637886988
3.1723952311622643,0.2622061237015725,10.92023034633171
4.48803364974934,0.8498423512825424,11.025885239489462
1.6832092984745721,0.10231205925954483,10.76179412339874
4.344655713008829,0.047545477101536004,11.04729448021575
6.47800454596931,0.6776282811016121,10.973171216639166
7.148651576802843,0.25519418976054276,10.908927984562427
3.155537716183561,1.110371098123457,10.854579080558242
7.3540077306061145,1.163381276896449,10.757513310273422
8.524724704332565,0.5802148687395471,10.710980400176073
3.4522642927568468,0.25626118944236104,10.981230532068734
3.550910148545996,1.2400100017230677,10.6574929486035
4.815256637709363,1.1237475397089989,11.048930596265157
2.7492574670018515,0.9337040547503149,10.88212216372225
3.357023342946383,1.170197924482912,10.942699636838947
3.0545088825142264,0.24807801789780426,10.85713693202475
4.240669445718067,1.1978983511878651,10.981470513853353
2.1448647613515823,1.1391985780490288,10.937567454575936
1.9810308882151824,0.60909854839293,10.72851175554676
6.545894434633691,1.4616319079837625,11.112933010374682
8.118106502185524,0.6237379772292911,10.881236350121105
6.566679546403425,1.6974421379564648,11.003241645028549
2.4735395807237155,0.7415528314508599,10.918903088614949
2.581898587001526,0.8154491824538238,10.981206255402101
7.175121020815613,0.3972433344134812,10.848746775701592
3.577432691964718,0.70421507623941,11.031773587335882
5.628086995069276,1.508514694235201,10.951606460394327
2.530396279494593,0.8945664981340795,10.797594113910218
3.7995348026983233,1.438123596898661,11.074710728015521
4.952991782749155,0.6446525080150238,11.039187232138241
4.06567943378086,0.15478626982550334,11.076204642310175
4.620070736528234,0.676277378750941,10.798370358517538
6.4948155119781825,0.5465340798528846,10.603833131956097
3.8889098718641857,0.7276946832609225,10.82092017161687
3.918781109305679,0.058252350605615455,10.848626229366937
5.496292290978028,0.476266302666421,10.964382892527176
8.185381856151496,0.7934549728276399,11.011476895970977
6.880908193741212,0.6263357946077197,10.948085019647312
5.186922613542348,1.1514183293162206,10.894013726386493
4.962743545275304,1.148691945885176,10.938008573286051
1.8138193549284998,0.5787631817261253,10.857093813842203
3.812954356341111,0.7613871859365456,10.819811308244484
4.5031653658901805,0.05925860309360707,11.113835832670771
4.470751264015418,1.485770290775463,11.104287802622709
4.288353184298041,0.5474619485699452,10.978074948181284
3.6552883698468213,0.4493592987113262,10.88240717203206
4.629056254094127,0.8989300605037996,11.0438805567779
5.174202210706576,1.39786765026623,10.968178047221116
5.1718017364245945,0.4089678368103415,10.84360876051366
5.260670218731508,0.23489574313707293,11.164509231762201
6.1655471796956824,0.5723385160297241,11.052110337683834
5.108485420919747,0.3954279043933327,10.903227140593874
8.954754297323765,0.5450048456833151,10.713440675593485
2.410252210172079,0.7254588745753553,10.729494688206882
2.8213502711641367,1.0376951078342396,10.822358478242922
2.861212369641429,1.1856532153480694,10.905056124250017
4.288531854328197,0.4116167879629756,10.72670124269605
4.457042721111704,0.4413658189084376,11.136732359659243
3.322021931272486,1.306373343310617,10.992395535007905
2.509040085687695,0.8057267430586526,10.827059285803646
4.1129129966616285,0.8560843394667056,11.134766512039468
2.7586243179377856,0.5066571190628281,10.90756321490352
5.278897218125226,1.373709597223573,10.812293870017413
3.6439412032506437,0.32191141319674327,10.71883247229556
2.1590475966017273,0.48590988442273314,10.876229236872366
1.8316793650008276,0.18126997134379538,10.721505680691475
2.947149302346235,1.1722421040599014,10.96108118599813
8.076804494870656,0.11038687717947175,10.891541877342377
4.636679233364305,1.4851979602325025,10.847261099972883
5.775586355847285,1.202525673967438,11.13881228492265
5.2676998319262776,0.8972719203652088,10.882788933016505
5.092902251691009,0.8149406978448345,10.938571123364504
4.534058975868092,0.5413376124558872,10.792549351667532
2.944821740226451,1.1641143078867209,11.054564317238913
3.845844252894169,0.8583526130828837,11.137051891977746
4.700284875221843,0.7231723356509946,10.996869909226225
5.975109255514415,0.06789688847166314,10.864148002549499
6.12057888579782,0.5105990101581437,10.845646498496704
4.111777280740126,0.7578003877935473,10.916158451531118
7.181738441252217,0.8435883638042481,10.773221797891368
4.1529685344636125,0.7136593809038186,10.775394841720942
5.6983471250539335,1.014565044810539,11.089664364780345
3.376390974302318,1.089859566687427,10.881957753269754
2.3070945833066867,0.6891350061599286,11.082871780310136
3.6855749237217603,0.8899253373009267,10.727930320835096
4.78239509503909,0.9448986755331396,10.781078066922605
3.867178000107341,0.9939154071225224,11.039810073168857
2.2650038724924526,0.07505981248342918,10.978360638148994
4.524795413348451,1.4482773199674428,10.926133948698896
2.6904710978750357,0.71872407753757,10.931491974933515
4.640268693467315,1.3629678152128286,11.038063674599538
6.684111930427229,0.696837708793392,10.687752263280897
3.4736940048820997,1.0322787589501072,10.946410457726461
5.791516572945111,0.8104549789274114,10.968430850740493
5.632322470422606,0.9604595779015576,10.921121167757248
2.538144567726854,1.055179603511443,10.95308854635361
3.8147792183026534,1.2513631649043435,10.80163973754527
1.5663685999033874,0.9153954949040701,10.813903582218693
4.966730774834933,1.368213258941764,10.844439197770088
6.666175559650296,0.9242677136611379,11.039595348437807
2.868787079512951,0.978303749779839,10.829500305531255
1.8114180974506389,0.8843455941424614,10.919714360618176
4.740249585350343,1.0078651452390661,10.802048711608235
3.0231906586213873,0.47917445277172294,10.700691574581137
5.969449545210888,0.5615765858072187,10.934765131421331
4.004234247025401,0.6836732718245558,10.74290798604323
4.023471453691032,0.1263246109036551,10.981532864255627
5.089588933748621,0.5832819034430784,10.588437498568894
3.3320262556137066,1.0279527795159935,11.005751293733788
7.725883977746733,0.3992536658691126,10.571904749124796
7.821570981990865,1.758620837969615,10.647022971406123
5.992169026659404,0.7150642464345109,10.951639775052097
6.314034590624252,1.2487996685170453,10.93832214771111
3.797548585630343,0.9620035209196149,10.742922280130179
3.8207379766176857,1.1062172826821512,10.967433819436206
8.758160827577862,0.6345095570401768,10.737887784271445
7.023862339863448,0.4745216431829592,10.781448114948509
5.1182508841446115,1.0691345410366244,10.799883064845435
3.0496600301569323,1.0434101434152483,10.908958247153699
6.718465726009,0.3985794012016767,10.752980907461481
4.716107164885765,0.9427240722466735,10.843210967199745
3.085606311483974,1.0261773278951545,10.909102307954779
3.077890091576185,0.9599588943241991,10.862146381255627
5.3616093558751174,1.3970970482270446,10.942961742308508
3.4807918878390915,0.5288281876962909,10.955737322800797
3.3178733697080967,0.7409739203964519,10.962333655096666
5.758361986528165,0.6685778030228539,10.86193718255932
4.676001774015013,0.6902039285732979,10.884861564268986
9.097150769451874,2.1541665757072144,10.923609954558488
5.196009671963415,1.1562295098068718,11.017151914402273
5.605552365103886,0.11305906627310988,10.60854289631953
6.863644646518436,0.6548286063505667,10.730207480600928
5.38936683758042,1.175008683036681,10.8616399930734
5.358123694410068,1.3770653972220985,10.6801485443487
7.819045416574566,0.13130963819421632,10.783363311463011
5.282019459190427,1.2687120924786213,10.90022432763062
4.3777600249102235,0.4582793669542759,10.795126172052326
4.059124989120105,0.9409674865732721,10.86439380644027
7.600313774002391,0.5419639902658049,10.862023624624564
5.055917658042656,0.863546468153752,10.799290874270076
6.762697698243126,0.28052220133837036,10.625973500845623
6.195471666298788,1.0239064777680673,10.838812651621447
4.9639928162528655,1.4304102001439303,10.88073746905298
5.831143215499307,0.7418283678256811,11.093496799335709
8.06669360485571,1.1942344138227678,10.863252121248532
3.5783130342234486,0.7289126565385667,10.848842682356716
4.551975593197931,0.9452869710425995,11.111687122262417
4.320966074654678,1.247553433310534,10.935433146167995
3.8024125024134134,1.5517327127751177,10.849405669517617
6.3080278923098145,0.9770591298272724,10.534309710807548
3.9833581585453497,0.9262088823912181,10.808388698718852
3.1837663839125474,0.27733333272812577,10.893776540478074
6.021021762579558,0.8452541732857392,10.993165915350358
6.130487296856275,1.1662534455130442,10.986370732615292
4.043735470201628,1.3992911258886243,10.874432194743477
4.653934270529265,1.2706478396832293,10.746045007236635
5.5211924789244025,1.477043021552278,10.826438891546427
9.083606362774454,0.47220260501297834,10.964204835438332
4.281569265357525,0.9305907022105012,10.706856066209333
4.203210255326042,1.3406703964676663,11.056435432710128
4.070707926797437,0.6208098974115935,10.839476961709726
8.035844106599317,2.017444074668749,10.799494088021074
8.666767780730359,1.5475630137178806,10.989177413155634
5.1713613650035235,1.4449278335273876,10.785826611929245
3.839311402730106,1.4813516707446786,10.628964826832922
6.21815347278901,1.1480564436376632,10.780424219825969
3.4065941210866013,0.6491102199560476,10.932132964364577
7.524714442070826,0.2081522291872602,10.591833461797744
4.821321489053546,0.9122537937750653,10.771609747339584
4.79100089926109,0.9375848984853838,10.792171090684441
4.257757842910864,0.6971071727160859,10.836824254700636
,,
2.5675373833283435,1.030927101465714,10.949493064956599
5.133382914327351,1.5473788458425164,10.81827036126106
4.392743977382923,1.4791056386077603,11.008076287634255
6.241649364677874,0.9935849341760895,10.969441483893506
2.987191144823958,0.2627873947248251,10.752610321290286
5.886554351053003,1.231563335783291,10.959297362106682
7.01850842314517,0.8371468768567784,10.925693121735451
3.462497761323582,0.8911504624600827,10.788550009643492
4.164581980443258,0.29590515712311316,10.739942824031493
9.022336862208206,1.4821981561469368,10.734059975576088
4.623820907586129,1.356037717726795,10.79258509933884
4.1595203195163295,0.9376808807213508,10.666917758313186
3.3778875782784494,1.24245774229042,10.772123872830429
8.03470492723747,0.6274829359320844,10.650165023660325
8.104688300786174,0.17857649193640987,10.827721522895477
5.213192842635607,1.1475338565273299,11.038045773882109
6.87546464240665,1.2010327951101958,10.977571165387376
6.454542546091329,1.2222860146647458,11.035401146164519
4.105051071307049,1.1071550000648491,10.850273674828923
5.480938289995395,0.1677578391496773,10.789266942577145
4.505644686884497,0.7969462353521842,10.971485250216531
4.70809531611386,0.9729539741105856,10.88543643653878
6.422936570960234,1.3660975800633204,10.715911203008636
6.6130905795730826,1.7932779911487298,10.722499118589601
3.953873251967739,1.441903087287685,10.885707522170806
4.573938784622059,1.1577020730141299,10.696001375833895
5.361382669840718,0.44919398469661304,10.691425208186171
4.414021747163646,1.2955445351755992,10.841160454197004
5.372108338594551,0.96021324206108,10.743357797631626
5.842926445253261,0.14845917279810178,10.705757213308981
8.415457314209286,0.8985792622647116,10.624854204382338
5.221970698826475,1.2958983250800036,10.858997804586448
4.937226069747043,1.0833082514546466,10.816773735351875
4.521491467211502,0.39726703567146804,10.780890153093107
4.676837061344661,1.3080537964254066,10.704934702340354
4.731378989959153,0.8210260860836497,10.823483245667687
6.086560782447098,0.6494611058536025,10.876584948743208
6.261304723682455,1.3885547452062006,10.68590457871531
4.347487366227361,1.2837950921090349,10.780770274003054
7.549893790655828,1.702962090435126,10.85816816834166
5.8766227372214335,1.5668988588529273,10.80679609836144
4.7908204486207255,1.1013661220491058,10.788456623296716
5.914881373174179,1.738127804043141,10.878359202188
6.799273112760226,1.4666775243140755,10.809453436942286
3.5562093031994,1.422518048533759,10.785180624544811
4.6618280831731695,1.6659260377222949,10.803525278826134
5.510501390719463,0.9067612839288703,10.823024759795345
3.830813937937508,0.9026291681328082,10.688660012329892
6.65083443647337,1.1311845321294394,10.603638343661517
3.1532426420530926,1.0243880993414431,10.541657636203723
5.207144809981877,0.800094230915371,10.66134523570966
4.36758766464852,1.5188273333231586,10.79249766938699
6.421186901824261,1.4418091763557606,10.953976377530005
5.103410898624318,1.5014832645980534,10.525798938490293
5.893157471486167,0.0323499827829011,10.74790597534624
3.541373758668388,1.5476480428939225,10.831028089240625
5.545437495850146,1.1458945202374724,10.678610032891843
6.023299479329558,0.7112209445116395,10.690940464526323
3.8848650861034506,1.068815344767436,10.863035312509094
6.980277997719655,1.2722021112380129,10.641126410426718
4.03813103696828,1.3859672338078073,11.444703702485613
2.5372225373770867,0.9211836429190565,11.441004819110395
4.659101329291036,1.3505238386919725,11.276030503973788
1.8460853501056282,0.8526286149146164,11.44984353833142
2.091173204324726,0.5888771938749562,11.323332969011942
3.3498845003499693,1.1783421929598386,11.120250978409173
2.8250568936482314,0.40614947758328784,11.149278785563078
3.468780696061014,0.4905349767749804,11.126444942905813
1.8371832598998932,0.6574124020412961,11.257387391358037
3.205466458261961,0.40365301947899485,11.28990237348853
4.228537692247549,0.49617294318038235,11.41921707023712
2.8703701815804026,0.7544148977246624,11.329397973575926
2.3086078937609984,0.9009086082375181,11.061023635114482
3.415317026619576,1.1667057264231393,11.457119711555254
3.6371444271755107,1.2652203262476691,11.223740655364745
3.7283209785761033,0.7368484817738561,11.310169385250186
4.101593079190861,1.6389011427367333,11.399715438070814
1.8772873490809308,0.9296257155976078,11.014773801354407
5.307587797875449,1.6522318324922172,11.435465238835143
1.3561470886230655,0.5501914970651709,11.33522793129657
2.200192402172957,0.4722818323123818,10.95954345994131
3.0512860957939254,0.7799901620846603,10.951943266807616
2.985845387057257,0.8237090729121253,11.206519711877354
2.913767239431597,0.6379828323565859,11.196627604314202
4.299444712985501,0.6535570873134605,11.19067701879299
2.520906903782939,0.8557308553728437,11.239723950553723
1.615962441468285,0.5555970551414321,10.984160335692284
1.5018858171783043,0.8664690281595118,11.297758610109403
2.6198443051122338,0.6172479636065851,11.219742726819156
2.044321506718615,0.6852227215105255,11.154485150672523
1.9963538786503274,1.092242317309426,11.050688417794294
,,
1.996625425529013,0.5079438499066332,11.29965838342814
4.579378543798214,0.5786957835094144,11.03560534712324
3.5080475598783134,0.081843701406383,10.97414341873774
5.540439093331104,0.9681091534035855,11.452387650091083
2.0645125888659246,0.604401550085596,11.023186998857245
2.6118020699654103,0.19990634703714738,10.955838452476257
5.3627353764186,0.39543705378079796,10.874182600103477
4.502555663704135,0.8152103425194865,11.061350666764847
1.7511557246074387,0.3086568350834416,11.106096589632086
4.44677270602662,0.5597369639365535,11.020141341545505
2.813926054432258,0.07742311224211648,11.192739053672351
4.963722552749624,1.449664536446926,11.19784906382824
1.95102673565348,0.6130475783561598,10.93296048221503
5.085902646067797,1.2629352950949324,11.176363359733957
4.021121586908685,0.9409879851437261,11.192972130699633
3.514061194452008,0.6350181806191605,11.203848128345728
2.0648599232301974,0.07754651629895522,11.429576113218204
5.11275300838936,0.9422043957418003,11.057895691527289
4.641783769359078,0.9684779261465486,11.16291607739893
2.6754176828642233,1.2430881501682813,11.027612329928708
4.495931368905708,0.08934682138609584,11.066730511743884
3.8285220702918887,0.5687207010802181,10.781741119802412
4.859476659629875,1.1453589997278613,11.263993374083663
5.300009273696451,1.150928699399396,11.195480045362334
2.704541368563822,0.19700500639006752,11.032042736996301
2.814169174588796,1.0638422283326399,11.096418005222144
5.257639880385075,0.848001253790871,11.269319022926496
3.464220096156051,1.2078975354603887,11.027043724205107
3.216754613065017,1.1763985011265397,10.870841230544693
6.629276125098178,0.7075995642028746,11.254651705582747
4.031271772718483,0.6157652298933647,11.05423625374872
2.4279451302339212,1.1195203918274887,11.055198103612176
6.06968559217084,0.7590973128486206,10.995272292542445
2.5250601967429813,0.08501564172644939,11.161295410053343
1.6286038263671123,0.7931196543756808,10.74925791640312
5.155438640259738,0.8244847663222634,11.157597903457324
1.7314682315277377,0.9232314623800499,11.041534556615671
1.379522353141694,0.758434222069479,11.100350436829125
4.029947190256077,0.9580472265658716,11.271142883499456
5.423003955300449,1.1464031175478906,11.188968598278338
2.2959707631640898,0.2167452722550252,11.229676882606467
1.799821821684119,0.3106602573037351,11.23847565933073
3.504989497208299,1.2012759069134449,10.8441606065608
2.805340556926846,0.7158016397117815,10.953868108312367
1.825857267586025,0.7086615917863059,11.079359428800654
4.71804060383674,0.7459885946925504,11.10591972808847
1.7600643730164636,0.5403867541283197,10.943912391076095
2.7315366742247615,0.7648724535893382,11.004851991090007
4.191020180248692,1.3309563899718162,11.048160187830316
2.1249772284460744,0.9829541754500322,11.006059290105174
7.839740984021385,1.6922626018179818,11.107412690790397
3.718576956039144,1.0139105071011612,11.023061100254631
4.088211936786684,0.9103169402869843,10.987922402739514
1.6644952385903498,0.8469963570779462,11.123405982932603
1.406437165679547,0.668237434788935,11.07715493228056
2.268181874128157,0.8474471110184234,11.072864776323822
5.89909291374087,1.0037247743088955,10.97089221586457
1.9409395388813073,0.3349314217301355,11.067998334985408
4.555609607563675,0.11890511161266273,10.93052722766555
9.276900909436838,0.3508598574232745,11.089780491948465
1.925627952479205,0.67845077371827,10.862000922046583
4.775808386751676,1.1978462848212115,11.16130810912312
5.138625028954359,0.13839212789542493,10.808424392541584
1.3084421161596773,0.5330628295325532,11.029732670817323
3.622995731098293,0.8462998028725378,11.099983300409521
3.907361886889036,1.4170537108194772,11.176599562380568
5.203931778696157,1.2436658915141257,11.145139886328597
3.9722942196971616,1.1304117789687442,11.006551159977228
3.843760658095091,1.0121039985930063,10.93762130554575
3.0746674819939406,0.9208413059078826,11.284570228906592
3.126798097496238,1.0150324772163883,11.009305670565565
2.056252356654404,0.9452198981376037,10.76960074132214
3.9726297267219186,1.4893567151799099,11.122372719986409
3.658174141772781,1.1587701854467338,10.877507632908031
3.574968532976288,0.8312364222428016,11.127294747832053
6.708406825680678,0.2996900479958925,10.940972606124603
1.8347340578092868,0.103104782564122,10.917824397634645
6.232064432786968,1.1933158854700707,10.990590076741428
6.907541472190548,0.07991355405981415,11.117299653589797
3.735614175713367,0.07754350526393806,11.096732906393658
5.710903699292665,0.37382351203999475,10.973239128063689
2.1162624869439766,0.7988437966656056,10.961824256099115
3.9978534544373585,0.5143642076124257,11.161301730044736
7.329166378491399,0.3776726918909373,10.85670530831497
3.726733766789346,1.0891817298469562,11.036470392767916
3.864260571268522,0.7118217176690882,10.986402158601667
5.360574388940293,0.32735397815046224,11.217239957736071
3.619277786694956,1.122504051415587,10.943908639318593
6.294073576639405,1.7177847438545175,11.00999976541727
3.5697690441076486,0.5756694117795038,11.009942327991146
4.618338529192165,0.6275365818088311,11.073380709186337
4.757566326462305,0.10360911563296787,10.891715713199988
3.802967417992485,0.46154999667682794,10.948926549713809
3.751712938402149,0.7210584973098484,11.095709804407658
10.050250858683066,1.2681702002208435,11.205690957114184
5.028784370551472,0.3284244048513942,10.917830096226972
5.665895642002241,0.5590920513781128,10.967555175403149
3.0570322212977628,0.9681104432522207,10.770460974173746
3.4752081982316816,1.1885677900616674,10.772097943230786
4.6109545607817735,1.2600967937201655,11.074738228519994
3.040005897511435,1.1024718729575032,10.942428171376942
3.9024191032939637,0.8934991553623186,10.858527776822918
4.171191117333214,1.2721251248582037,11.04083850531725
3.022580387047267,1.251275486518327,11.102530013571329
8.386987208334915,1.9637188318489585,11.132113877416673
1.6527344679556573,0.5269398225512648,11.019615967746777
4.385867291011129,0.21799380631070883,11.044844153025743
2.4329897167436507,0.17242739620203754,10.921486522074513
4.048695929146947,0.5354882760312052,11.117095546364242
2.7131889230381496,0.08549640637785198,10.838626498406105
3.4245649813373227,0.15962929264796005,11.207159131779
2.265962305446256,0.72969861542309,10.842084038871413
7.636671770535497,0.9573465496569413,10.996835786568377
5.855523063959326,1.007055238750599,11.269329580343587
2.461106086426239,0.09563547942646385,10.6019386961569
3.037914007031628,0.9604873343080432,11.015195252344103
2.525568782660743,0.8656485107990851,10.901506985859902
3.480140984691618,1.087886185832885,10.961331827707737
1.8895168699870963,0.8012601385680242,10.937745754922265
2.4852321969576283,0.7109804474069913,10.879731077176261
3.3320592222010657,0.4654175367765652,10.858649375073837
3.435075364362052,0.7726363813570439,11.081412427897007
3.162944467038625,1.2122463562052588,11.120200706298956
5.830882360946357,0.12681378275143051,10.915223985213748
3.324370644276442,1.4543899343343696,11.064974097217805
4.800581798383184,0.9573928767219221,10.957665231814435
2.69174135231844,1.0093699835470138,10.722923498232833
2.1282213134245285,0.6532825535268653,10.98302228983873
3.3720728594624063,0.9821280530952851,10.841037884282192
2.4197242545450246,0.7358984713994948,11.079545905851994
2.2021097078875886,0.29174935441887606,10.480406614284341
3.9598717718433987,0.2127692461150347,10.885910741675396
3.801497396931673,0.9585967075821452,10.946770361651252
3.7715048803053004,0.6072640965964634,10.71815895399892
5.155042495412592,0.6572390999116959,10.677983320624193
7.139347405524657,0.29362708204515997,10.674590982758883
4.8073181599741135,1.065047603248105,10.866356017470174
3.8790557145225724,0.9047104083423324,10.907342270139836
3.9183067007517693,1.0922751389257153,11.06147148152036
2.783827416878652,1.3808502851511977,10.944036559283926
2.5997126484765793,0.6949846508812777,10.956231921129053
2.506771594486374,1.0451275994078164,10.80379765621555
4.50886384616564,0.667132998096559,11.001014948786485
1.685808300005571,0.952014231948372,10.843837456851983
4.133263853642154,0.48599995129748025,10.929138662319692
4.125594842178366,1.572782131595646,11.089579918401098
3.897517127257211,0.7025745075426867,11.07498786271018
4.488099070230249,0.8499283692585586,11.026066148440137
1.683209298474691,0.10231205925718091,10.76179412339874
2.995323659924118,0.30669434262264406,10.823502468379578
3.15579121720269,1.1105621700328465,10.85504518208462
7.148651495666092,0.25519426566541925,10.90898194658456
6.478089992420642,0.6776843579378639,10.97360195652388
5.828579637830134,1.2961640628317679,11.17892170306904
7.309578257816693,1.1532078927878315,10.757513310273422
3.452264291922711,0.25626119064661235,10.981481908610276
8.516540603087694,0.5755941674959402,10.710986367722935
3.551002055184109,1.240065734811161,10.657833030567895
2.7492574564246333,0.9337040431349021,10.88212216372225
4.813637379949393,1.122862578626229,11.048948812176027
3.356987513137608,1.170169162607024,10.942699916926802
3.0545088826452558,0.2480780176406426,10.857137499016737
4.24006537752767,1.197486265160255,10.981470513853353
2.1448653021567057,1.1391991466945453,10.937602351169115
1.9810308882353245,0.6090985483608046,10.728517372941832
6.501175482527579,1.4510947330369461,11.113052892057889
4.7842985654974015,1.2254638618549336,11.00592405290106
6.513821583242618,1.6872317706747337,11.003671800994677
2.473539580412581,0.7415528327029555,10.918907520226625
3.5774327431452835,0.7042151563430396,11.031788976286597
2.581898587440466,0.8154491835104074,10.981207140647562
2.5303962802508186,0.8945665002186536,10.797594113910218
5.609299618079458,1.5038320912056153,10.951626250358904
4.952990792197387,0.6446512855390218,11.039217261037987
3.798545605784552,1.4375654285939574,11.074740536705777
4.0656794338423365,0.1547862699756895,11.076306994947174
1.8326635605166797,0.835166830431895,10.8449011543909
2.5840875325286343,0.6999602344208008,10.841760344071824
4.620072382975301,0.6762804579373775,10.79850344666843
6.141318553976003,1.6032071021545833,10.875931347458826
3.9187811089490845,0.058252349519566614,10.848629746117178
8.164212968641063,0.7808858736999691,11.011485348082404
2.1590475965583056,0.48590988387071093,10.876231916521965
6.880524715993616,0.6258117950652999,10.948087183042894
1.8138193547805064,0.5787631805109957,10.857093813842203
4.4661406306480975,1.483869368073919,11.104288574753237
5.182831050134158,1.149755048678117,10.894013726386493
4.96129506124329,1.1480078536203593,10.938104383209872
4.503165855092779,0.059259274855395574,11.113836131717944
3.8129542881220715,0.7613870910436016,10.819811308244484
4.288353144495425,0.5474620334524473,10.978180807379946
3.655288370361357,0.4493592977459135,10.88240717203206
5.165695105633687,1.395374788274399,10.96831927259834
4.628982423296987,0.898878856473408,11.0438805567779
5.260669879074299,0.23489585607208022,11.164509231762201
5.005866886356674,0.7938450991356568,11.024300174763532
5.1717991458333294,0.4089704419317729,10.843647966987898
5.1084856625581905,0.39542766571821714,10.90325652344035
6.165543163136022,0.5723328834954589,11.05222520148856
2.410252210158172,0.7254588742393338,10.729494688206882
2.8213508578184667,1.037695578279225,10.822388106619105
2.86120724236566,1.1856490985858563,10.90507896569014
5.118024142880997,1.1710993661760922,11.195862985018914
2.5090402461732277,0.8057269022311502,10.82735093797284
3.3218629292390887,1.3062899774869736,10.992399370702985
4.2885318542097215,0.41161678814590247,10.72670124269605
4.112913549755832,0.8560849933328484,11.134794231631995
5.263951391945199,1.3693040414522966,10.812293870017413
2.7586243178678957,0.5066571184823432,10.9075664997532
3.6439412033066665,0.3219114130173851,10.71884098085965
1.8316793649864525,0.18126997142898768,10.721505680691475
2.9471376224445374,1.1722329440466503,10.96108118599813
4.304088729515893,0.824751717511266,11.031163278957656
4.769114043406798,0.5260152282922789,10.96861854662242
1.9814795752135197,0.9432606330163331,11.168020381805254
8.076805200413952,0.11038645064347552,10.891559557367815
5.267185630112169,0.8969667015769216,10.882813829745107
2.944805998740538,1.1641043826543958,11.054564317238913
3.8458422583751664,0.858350937063157,11.137051891977746
4.534059011010956,0.5413374502159524,10.792549351667532
5.092795825637137,0.8148850311656178,10.938577020084752
4.700302511321698,0.7231879365181796,10.996958842281638
5.975109247585725,0.06789687200801409,10.864148002549499
4.007450479961321,0.6685681372185972,10.895400747869083
4.152968456958675,0.7136592701022052,10.775394841720942
6.120626528148279,0.5105667392029174,10.845646498496704
5.2125654207534176,0.7275777958521659,10.875567611075912
7.171797714709233,0.8393611246733359,10.773481679284833
5.695232190470137,1.0126933765197161,11.089668240815872
4.111781382172159,0.7578059262570312,10.916262275499559
3.3763792873442164,1.0898510092274143,10.881971775886823
2.30709458357647,0.6891350063277679,11.082871780310136
3.6855734353544127,0.8899234012495715,10.727930320835096
4.782744229453801,0.9451392116972311,10.781548597648145
2.2650038725221573,0.07505981246562944,10.978360638148994
3.867147860150989,0.9938927112115564,11.039810073168857
2.0284814024458724,0.568735785985036,10.714180275515002
2.690471096668488,0.7187240760841507,10.931491974933515
4.637120640004075,1.3617923081195624,11.038172581696276
7.725885466847152,0.3992556552231617,10.572001045101635
6.682779848288819,0.6961148455871516,10.687767723419912
3.473688408873354,1.0322745829986018,10.946431118395761
5.631943634608819,0.9602325883707845,10.921624280694912
5.168496402028199,1.1207984561360815,10.909753196001374
3.8144424854788834,1.2511755813613887,10.80163973754527
4.962706266909273,1.3643779299591758,10.844439197770088
4.294496980060933,1.4837101607590777,11.06797249577647
1.8114180965418143,0.8843455936697047,10.919714360618176
1.566368601007686,0.9153954971656004,10.814054211952028
2.8687870202328565,0.9783036975264231,10.829510003117502
3.0231906588494044,0.4791744533368317,10.700691574581137
5.969412652979124,0.5616048751955577,10.934841627364447
4.0042342107072795,0.6836732408086293,10.74290798604323
5.089564891489941,0.5832780201683321,10.588440612947043
4.023471454968998,0.12632460501455728,10.981532864255627
3.3320210480799917,1.027948501053394,11.005751293733788
6.29431130932067,1.2430824416640363,10.938505827412582
5.99208083912377,0.7150102677436393,10.951813181464397
3.797536517144732,0.9619923343834509,10.742922280130179
3.8206147079327817,1.1061447292574942,10.967504808785696
5.116905127212589,1.0683493638272692,10.79990001799361
7.679745503401633,1.7379554539565998,10.647084234273974
8.739220661204882,0.6207688395036586,10.7379104966581
7.023777482666172,0.4744821616502885,10.781473113750772
3.085604504905684,1.0261759502628993,10.909102307954779
4.716000535002052,0.9426503634339666,10.843350890435316
6.718488210332846,0.3986084810203314,10.753320851049766
3.049658048342046,1.0434083781427623,10.908958247153699
5.349490470653759,1.3935726854461992,10.943054955529743
3.3178734554289493,0.7409740438003098,10.962385547061293
3.077889977395851,0.9599584412987423,10.862157917319866
3.8290224354327584,1.2363764806674358,10.921051633039566
4.676001550249671,0.6902020446897502,10.884861564268986
3.48079187709989,0.5288281547608226,10.955737322800797
5.758320633042249,0.6685191161978556,10.86193718255932
5.605552377519549,0.11305905614831835,10.60854289631953
5.385407808871209,1.1733325022691037,10.8616399930734
7.819045507559558,0.13130505184743743,10.783533956972619
4.377760032319815,0.4582793585762865,10.795126172052326
5.9539959592833505,0.324059252439457,10.873000852152174
6.975770571122743,1.3781943894274649,10.844348169605823
4.2987227929077205,0.6357302676715283,10.740178203716416
6.7626976759564466,0.2805222722952079,10.626164875592707
4.0590922313119995,0.9409400921673444,10.86439380644027
6.143499044228078,0.7238381817581808,10.727249277518666
5.19276019547926,1.1549648433295054,11.017212146342613
7.599639279175387,0.5415253402704396,10.862274216646348
5.055734070347001,0.8634055926892816,10.799290874270076
4.332273899204192,1.2235002729529034,10.927984633897445
4.957106613179179,1.428275385568785,10.880979595006204
4.0284172956023445,1.1825135479739124,11.077722865274458
3.578313011487896,0.728912663806395,10.848842682356716
4.5518628863950585,0.945182738685148,11.111720529816159
4.319933808316275,1.2470734287772427,10.935468143995722
6.304307240045177,0.9739391040859984,10.534495762125012
3.9833417272445386,0.9261969396781677,10.808388698718852
3.1837663837063808,0.277333333402916,10.893786551240861
6.019244090039124,0.8443970676780631,10.993177520303641
4.651007413125235,1.2694776378210282,10.746100624663018
4.281536100526273,0.9305625119456414,10.706856066209333
5.5025804541665755,1.4725761909572184,10.826467848217392
4.4576830711916156,0.05812724852874515,10.798564016188159
9.076836387353422,0.46876147207418123,10.964449938752386
7.850019889341738,1.9945808648497787,10.799509108501804
2.987191144181193,0.26278739462660744,10.752610321290286
3.8620976192411685,1.0750549735254848,10.724664476674334
4.522155686835223,1.620215312828308,11.018478944991159
4.602775619547088,0.8901139917773547,10.901470633705948
8.480575699246838,1.5203645500473728,10.989450904574525
6.2077524915353335,1.1448714062148158,10.780738479922121
5.160369584654541,1.4417739685522797,10.785828827668384
3.4065941196191085,0.6491102154279461,10.932132964364577
3.836919652858092,1.480503395781079,10.628964826832922
4.82114455597212,0.9121371863147385,10.771676449879319
2.5675371445420208,1.030926927043907,10.949493064956599
4.790943520676909,0.9375504902417441,10.79240686793109
4.2577580337763745,0.6971065729785403,10.836824254700636
7.013451077009921,0.8320398025054341,10.925717021491566
,,
5.122410727795629,1.5441606301679103,10.81827036126106
7.524718571891038,0.20815337044090182,10.591833461797744
5.8767119086042845,1.2276630170001182,10.959493775879782
6.23428888426325,0.9909499676530303,10.969449475563685
4.164581972449063,0.2959050972873357,10.739942824031493
8.793285875873668,1.451570756681393,10.73417000274732
3.3780696645805883,1.2425624663287087,10.772521106519408
4.619825834774327,1.3546138976876285,10.79260568460994
4.159496374551848,0.9376578280859328,10.666950943060485
4.6606347336733736,0.7879055240055534,10.777583127088926
8.104689462107142,0.1785751510831161,10.827721522895477
8.033748159949159,0.6198051259217138,10.650165023660325
6.4295623318064425,1.2145727584929005,11.035401146164519
5.480938196630065,0.16775815011721987,10.789266942577145
7.816528750574349,0.8421130228857997,10.937597819999874
4.104784511646724,1.1069975551993707,10.850317309677479
6.353223098466658,0.6968083301738315,10.901897844267133
4.412418520418891,1.294919704756167,10.841309326958251
4.505641953325582,0.7969349580781353,10.971485250216531
6.552459943382775,1.7830468988515427,10.722501350500236
3.9522096416499624,1.4412094141457223,10.885707522170806
3.9874777493079354,1.355401740021368,10.957785446806499
4.572893847539075,1.1571589633355972,10.696001375833895
6.3914923707533156,1.3573197837451587,10.715911203008636
4.707902777143694,0.9728532037929027,10.885531868767353
5.36138880503735,0.4491916610577421,10.691425208186171
3.9724829819448866,1.174400939902838,10.88277746621231
5.842926550732306,0.14845900896202197,10.70575966932596
8.356065548640156,0.8818100680679407,10.62485719155602
5.216049426742184,1.2936566790794237,10.85899793226318
4.513901039826385,0.8621362249141691,10.74596243169607
4.521491709301527,0.3972667835153513,10.7808904029073
4.731351853390346,0.8210023661155897,10.823486508565335
6.0863877466883745,0.6493236779016891,10.876586269317707
4.345927021339704,1.2831193022834029,10.780770274003054
7.451556324994416,1.6876688515745557,10.85816816834166
4.79003313220782,1.1007850947515965,10.788456623296716
7.103202767158045,1.3075474900181685,10.712546820010477
3.9700695125819685,0.904702686405485,10.841282798940302
5.846632363410952,1.559196123685312,10.80679865168703
6.743249099782333,1.4554580701196629,10.809453436942286
4.653006012792316,1.6635326462164017,10.803744331573041
3.1532422909817255,1.0243878558379296,10.541727576147105
6.6339169447674955,1.1213656928211595,10.6036446324198
5.207041505599705,0.8000163456016064,10.66134523570966
6.881125981481545,0.21855926699553466,10.782801457802822
4.697591234586694,1.4975020210406236,10.954402745500104
6.381678176186493,1.433297113637839,10.954028059429993
5.093815644913026,1.4986881079796481,10.526175671206593
5.539914975189805,1.1440413452133724,10.678901062943156
6.022962854982083,0.7110269160296352,10.690947855230126
3.8847765320008985,1.0687657349675828,10.863035312509094
7.4273652736609534,1.1445048131669497,10.736819331884236
2.4572736307887264,0.5828316576798535,11.344570107756123
4.036208447722364,1.3852699019777128,11.444793352136287
2.53722371925098,0.9211849936530055,11.441190771691813
4.655968275338815,1.349377126968672,11.276631189520115
1.8460853497981513,0.8526286143819143,11.449868813178036
2.0911732046233493,0.5888771944084727,11.323655428598606
3.349944503526845,1.1783835590408518,11.120493673890163
2.8250568940039527,0.40614947797983236,11.150516928604135
3.4687807489874203,0.49053490913641357,11.127095046230826
1.8371832601107225,0.6574124022883642,11.257396145094516
3.2054664561061172,0.4036530154294803,11.29061685692868
4.228537767686632,0.4961730745250319,11.420052663341195
2.8703703028128924,0.7544151330855567,11.329831195940004
2.308607958618222,0.9009086810097822,11.061112537396571
4.745471717952115,0.9138024608935671,11.25415977070357
3.4158072628489684,1.1670405434997682,11.45816662179138
3.6363629452926194,1.2647711027385458,11.223949908660616
3.7283239640674393,0.7368537569549032,11.310560441382052
1.8772873506717604,0.9296257158841826,11.014787531604297
5.267344904099887,1.6426209148486022,11.435516851106257
1.3561470886880125,0.5501914969473285,11.335428165379245
2.2001924021226738,0.4722818324879967,10.959990693829749
3.0512861339767188,0.7799902640562674,10.9520868429581
2.9858482564155606,0.8237115958247221,11.207240792137735
2.9137672381980435,0.6379828667403937,11.196814375318864
4.4467727564726,0.5597373175632344,11.020555351082097
2.5209069144404936,0.8557308658742492,11.239733430323069
1.6159624417174385,0.5555970552084899,10.984161017672625
2.6198443048858255,0.6172479636125441,11.219743849212145
1.5018858176791254,0.8664690285650481,11.297796093244214
1.9963538874305446,1.0922423252051316,11.050692916391117
,,
4.579378604387599,0.5786965099364288,11.035690773130478
2.0443215069794443,0.6852227200342123,11.154655695788549
3.5080475597118568,0.08184370108580687,10.974154241789819
5.540472045905617,0.9681392054847738,11.453195871615362
2.064512588758438,0.6044015501493418,11.023550548356658
2.611802070081805,0.19990634691501924,10.956578627605511
2.8307850522911755,0.7634956865343081,11.034782287073075
5.3627358637763995,0.39543392194665,10.874271162007133
4.502549552872976,0.815202843179843,11.061372454815485
2.9169573970342033,1.2338133077456903,11.242062959940018
1.7511557245681728,0.3086568354916863,11.106126078445158
4.956925027933731,1.4463515066550616,11.197856217360794
2.813926054432426,0.07742311224348747,11.192749894937132
5.082614638643927,1.2614456746933795,11.176363359733957
1.9510267367919814,0.6130475817989642,10.933036539199882
3.514061226036985,0.6350182228379277,11.204088309023819
4.021138907451041,0.9410043965587973,11.193102371660549
4.641550756401261,0.968362100508564,11.16297022158657
5.1124660867221206,0.9419523700875472,11.05805608993036
2.0648599232300686,0.07754651629774849,11.429576113218204
2.675558889755716,1.2431890044853167,11.028622359230912
2.896684858128474,0.5889347627816657,11.138646362571242
4.1908425191398875,1.3308592808797912,11.04874887655353
4.858312913353424,1.1448741131891949,11.263993374083663
2.1765619942817174,0.592142695784392,11.1185067452501
5.298015825189292,1.1497687101484493,11.19589113429821
2.704541368681984,0.19700500638222296,11.032257609115522
5.25812879208363,0.848564907408934,11.27031534162572
3.4641496486198653,1.207847110679078,11.027065854093836
3.2167575574672997,1.176400432472473,10.870913730570063
6.6284720423564085,0.7063180294623805,11.254665094249063
2.427957335205832,1.1195308773000372,11.055965479622705
4.031272166107979,0.6157656011215636,11.054250807213716
2.5250659095706998,0.08501550974334032,11.161295410053343
1.6286038265274692,0.7931196549669496,10.749590790662989
6.069476427217077,0.7587037475835273,10.995272292542445
5.15620840349297,0.8249481466238434,11.158547409691066
1.7314682384517834,0.9232314728292433,11.042028327005127
3.018058692199655,0.7828627279129974,11.099057725105384
1.3795223517126214,0.7584342205054464,11.100350436829125
3.504914081281227,1.2012270560385763,10.844170379561369
4.029922069662407,0.9580261887769298,11.271144700418642
1.799821821794844,0.31066025752880877,11.23849190678945
2.8053405635374027,0.7158016508593872,10.954371294986188
5.41842708104863,1.1445477830648985,11.18955847465478
1.8258572677250826,0.7086615928721828,11.079361320831124
1.7600643723940137,0.5403867542496406,10.943925968942649
2.7315366749197483,0.7648724540857565,11.004851991090007
2.124977229067911,0.9829541729740389,11.006059290105174
7.669405891923699,1.6673380095670378,11.1075769438007
5.726459059015518,1.1913545344088854,11.072628911320217
3.718568499542097,1.013904305606952,11.02311236320997
1.92562795214295,0.6784507733983797,10.862003350228605
4.555609606897413,0.11890509897179358,10.930543189186045
4.088203088937896,0.9103097744622326,10.987991314218526
2.2681819944694874,0.8474472732380054,11.073794758751761
5.896200918619509,1.0025235257288114,10.970978892750141
1.6644952393031187,0.8469963601612379,11.123725321053955
1.940939538649494,0.3349314219689418,11.068291724244016
1.4064371657447807,0.6682374349418112,11.07715543818055
9.27642103869002,0.35033559255744,11.090189673729496
4.775134538714254,1.1975238040553897,11.161736007190239
1.3084421159631912,0.5330628300026061,11.030365169079367
5.138625028947583,0.13839212784860566,10.808425742699692
3.300429968067929,0.18453139394407722,11.108645381239194
3.623002997593626,0.8463155029302296,11.100415211673447
5.197831934464397,1.241563440176753,11.145170209063737
3.9721277941517914,1.130304466969233,11.006552533568252
3.843735254250288,1.0120876933049916,10.937677255162537
3.126799115723113,1.0150334768960476,11.009449590521605
3.658179347129266,1.158775174705047,10.87812807671124
2.0562523566618194,0.945219897667552,10.769603392882363
3.970204560768538,1.4884096157383861,11.122407879555018
6.708396901840308,0.29969615522833676,10.941310195006348
3.5749683758666193,0.8312362728950445,11.127294971681502
4.2408076329057565,0.9190480336606075,11.171648357854469
1.8347340578468918,0.1031047825093643,10.917832379624365
6.221909113717971,1.187547194950103,10.990663551932794
3.73561417287501,0.0775434947466063,11.096747614851644
5.7109037431923,0.37382340556905186,10.973358308232028
2.1162624880553373,0.7988437976599682,10.961824256099115
3.997853456351302,0.5143641371726825,11.161880171352038
7.328588955241807,0.37808853708156526,10.857652491985055
3.726919104642311,1.089290300482168,11.036982986736712
3.5408095122724133,0.8566043673510538,11.133839800029204
3.864260554508475,0.7118216845267399,10.986405008096726
3.6191838449702365,1.1224538990241089,10.943910768979977
3.5697690061840546,0.5756694721552119,11.010666298457524
5.02878434464267,0.32842442632890884,10.917858476777297
4.757566414247562,0.10360905367725498,10.892886465733444
3.8029674158296958,0.46154994523430054,10.948926549713809
4.618338677506591,0.6275384155948975,11.073561686490965
9.709147011491593,1.220311275585962,11.205807436698603
1.6368404844738322,0.4963366362376482,10.824616872104436
3.4757208878538584,1.1889132322042133,10.772917178514795
5.665892435105696,0.5590920424727959,10.967660649725907
3.057033428665663,0.9681114592624389,10.770488521273787
3.0226002115381174,1.2512867765875288,11.102881787757777
4.609352801761855,1.2592726102652996,11.074738228519994
3.9024148080503256,0.8934955818085163,10.858527776822918
4.170792305801431,1.2719134071131473,11.040990203195106
3.040044220619891,1.102496467598081,10.942839397137805
8.141641800847598,1.933375284513495,11.13211491854456
2.4329897167273895,0.17242739616929237,10.921508063757768
4.385865401411113,0.21799010058698273,11.044844153025743
1.6527344676736238,0.5269398226577888,11.019615967746777
4.0486959482677705,0.5354882457849202,11.117162817646317
3.424564980949934,0.15962929319252578,11.207334560239616
2.713188923012053,0.08549640640983437,10.838631403741958
2.7448498692904755,1.3000423240864614,11.127394436311759
2.2659623034683003,0.7296986141063366,10.842084038871413
7.6076937945243595,0.9494947853400725,10.997537857139436
2.525568782163144,0.8656485109150244,10.901507996676834
3.480123085116758,1.0878730403471166,10.961347673883685
5.853143723440858,1.0050804414471373,11.269397214911034
3.4350727344175813,0.7726481180377406,11.082008999582994
3.037913653202713,0.9604869976323777,11.015255969159298
1.8895168675070737,0.8012601354196992,10.937872795262242
3.9298966728772737,1.1635993225393502,10.913647852873787
3.323953688136942,1.45419270020508,11.064974097217805
5.830882916739753,0.1268129651534535,10.915272897065321
2.419724254624797,0.735898470956161,11.079545905851994
4.800430058045906,0.9573018388248137,10.958010162813862
2.128221314216459,0.6532825539725867,10.98302228983873
3.372069469310673,0.9821256496454157,10.841037884282192
2.632475931406505,0.6859779629327799,11.008377355521016
2.202109707485601,0.2917493541632793,10.480794204181962
3.9598717691018743,0.2127692510798405,10.886235053995302
3.356957536907536,1.1701449238213748,10.942700339718947
3.8015361248334014,0.9586512110642957,10.947401425944975
7.139347396962031,0.29362670481937747,10.674591272847815
3.7715049698913132,0.6072642105505096,10.718640526756632
4.783703441643752,1.2252390643461497,11.006562981318172
3.879045454949327,0.9047026911705645,10.907344333696162
3.9182010666801284,1.0922099319998066,11.06147148152036
4.806181748335426,1.0644668109928064,10.866356017470174
2.783759542941304,1.380808137379248,10.944036559283926
2.5067715462185767,1.0451275326068754,10.80379765621555
1.685808300741287,0.9520142342116695,10.843984204477925
4.508864089557042,0.6671372345902922,11.001366976388411
2.5997126472974443,0.6949846496268808,10.956246434473805
5.834539982198048,1.278279203854539,11.015134089535252
4.133263850088036,0.4859997933155926,10.929138662319692
3.1723952316645603,0.262206123159739,10.92023034633171
3.551309746999335,1.2402532448614922,10.658395721658529
4.122595565025695,1.5717363306711973,11.089777859418525
3.8975632756579266,0.7026005024760923,11.07498786271018
1.6832092984774736,0.10231205925603902,10.76179412339874
2.995323660163116,0.306694342760014,10.823527934026952
4.344655849946823,0.04754515857428933,11.047399481304275
7.148651153820285,0.25519457157409325,10.909093759980355
7.2720542939076935,1.1442972491653745,10.757513310273422
5.81578663597063,1.2925537339113344,11.17912405012382
8.510632883963321,0.5719308830700692,10.710987081066774
4.812203623433379,1.1220824924817774,11.04896212631294
2.144865477426341,1.139199331599133,10.937653458211711
2.5818985878604903,0.8154491834246216,10.981208476921752
8.542861305371261,0.6893138684547382,10.985851317810749
6.456679039104156,1.6758952306852628,11.003992303785973
1.9810308882735994,0.6090985488953996,10.728519192992396
6.470691641328127,1.4437256460280032,11.113512200046952
5.593392310144284,1.4997838255719589,10.9517106339962
4.953019886373834,0.6446655800243191,11.039305498245298
2.4735395823871933,0.7415528333724696,10.918907520226625
3.5774328140544602,0.7042152673653163,11.031850906046072
7.175120782759544,0.39723833440091294,10.848761430163746
3.7976450246634164,1.437052855254901,11.074761881842601
6.712076721205528,1.1646766768275003,10.633948165159305
1.832663559814871,0.8351668296192627,10.844905550624008
2.5840875324136,0.699960235243977,10.841760344071824
2.1590475970389744,0.4859098849445482,10.876235244401546
5.496283338736477,0.47627971066278907,10.964559325319891
4.620074281545846,0.6762840672450651,10.798607461088404
4.716657126154646,0.8740824428316339,11.089490383262687
3.9187811085514888,0.05825234826444418,10.848883107949563
6.110369932225069,0.08933332356382248,10.721147444453319
8.148881017311654,0.7700670629645692,11.01150096023686
6.880236235431337,0.6254137710845061,10.948087690009492
3.870340045161402,1.2141669787361937,10.897457126034835
1.8138193545190742,0.5787631811836766,10.857093813842203
8.107838503773895,0.6169600064465881,10.881282053284579
4.5031663539980915,0.05925995988822417,11.113840939997791
5.260666791643825,0.23489786143008123,11.164509231762201
4.4620650272684,1.4821677846852195,11.104289123646282
4.288353148369716,0.547462031779567,10.978225879884544
3.8129542460951478,0.7613870331797714,10.819811682028131
4.960256922001459,1.1475117115336464,10.93842869574462
4.628922148715189,0.89883676567859,11.0438805567779
5.108485857370386,0.39542747077007573,10.903293328641803
3.655288371099697,0.4493592976826641,10.88240717203206
5.179314472739694,1.148309925610277,10.894013726386493
5.158126422483908,1.3931320837984638,10.968444135299118
5.171799127713128,0.408969678591979,10.843655820911797
6.165537719206691,0.5723261153929897,11.052298893410482
2.4102522098122883,0.7254588745345935,10.729494688206882
2.8213522678924234,1.0376967161855843,10.822434099252666
4.108483902188249,1.0181441043128927,11.13346287874771
4.457042002476683,0.44136697489843013,11.136732359659243
3.321730520695329,1.306220233427588,10.992410235867805
4.288531854143743,0.411616787670658,10.72670124269605
3.643941203086026,0.321911413915908,10.718853824217442
2.8612007013135496,1.1856438297453284,10.905101429844827
5.25093196128528,1.3654236941580278,10.812293870017413
2.509040350733256,0.8057270058567354,10.827777393951923
2.7586243173191725,0.5066571196378993,10.907567607495913
1.831679364968303,0.1812699713589287,10.721505680691475
4.304083443462775,0.8247470572008594,11.031164478636859
2.9471280461807883,1.1722254072818188,10.96108118599813
1.9308142355148616,1.0646606812040285,10.699638127693039
5.266816269576815,0.8967452056867157,10.882903493944657
2.944793207759443,1.164096300346322,11.054564513190066
8.076805746746277,0.11038612034295364,10.891560347515357
4.700303335325423,0.723188682286913,10.997117219332527
3.845840768243067,0.8583496774581872,11.137051891977746
4.534059044646922,0.5413372963179914,10.792549351667532
5.09272076756484,0.8148602433662078,10.938585921029569
5.975109240618243,0.06789685752317699,10.864148002549499
4.152968411490135,0.7136591990050287,10.775394841720942
6.120572949059081,0.5105993168333812,10.845646498496704
7.164752682110279,0.8362807187137111,10.773928635839166
3.3763653258924275,1.0898407386922866,10.881997728778762
4.1117934303361885,0.7578223013335539,10.91641146092562
5.692643673998586,1.0111048560222138,11.089674254597268
2.307094583372651,0.6891350060069977,11.082871780310136
5.64174158740267,0.6909693698547453,10.952556482308522
3.685572317191925,0.8899219231779278,10.727930320835096
2.265003872495543,0.07505981248536439,10.978360638148994
3.8671237009044233,0.9938744036247206,11.039810073168857
4.634555500913071,1.3608251218306044,11.038376498117447
7.726125350047766,0.39963916815683465,10.572663708371765
3.473696524157451,1.0322806701796994,10.946512084255557
6.681928385226123,0.6956433146528861,10.687845541059511
2.690471097104947,0.7187240761527838,10.931491974933515
6.5201294209820375,1.1028475132793982,10.99060313164548
3.8141528275410033,1.2510129333818814,10.80163973754527
5.8825739041110365,0.9606129266790813,11.19234197336151
4.959218712316599,1.3609362910694882,10.844439197770088
1.8114180974761778,0.8843455944112731,10.919714360618176
2.8687870079570463,0.978303685092236,10.829516910726117
4.739460256074465,1.0071223420656794,10.802090689413289
4.004234184683658,0.6836732176629425,10.74290798604323
5.089585998404121,0.5832865569425707,10.588478364057062
1.5663686009962934,0.915395497005527,10.814227028372374
5.969398659273549,0.5616241739154744,10.934939398807327
4.129020839098404,0.8118671083809867,10.83172885871536
4.023471456111744,0.126324600125837,10.981532864255627
3.33201692371856,1.0279450904014233,11.005751293733788
4.676001438477045,0.6902006883291335,10.884861564268986
6.278214630040656,1.2383075244353263,10.938791099810796
5.99215091920532,0.71505954538136,10.952194029890988
8.72690877783448,0.6099265039762121,10.737913965496235
7.0237304286166555,0.47446011623487233,10.781503375380925
2.843381223511349,0.9019540009354873,11.031508240769323
3.7975270115180306,0.9619834584313317,10.742922280130179
3.39520035403407,1.272921551944712,11.148522173891228
3.085603091808447,1.0261748688905374,10.909102307954779
4.716001800199169,0.9426511156228894,10.843573938248872
5.338751564315056,1.3904178693279061,10.943104521285793
7.556719146866435,1.7192738441777367,10.647201751666579
6.718521546136802,0.3986511417506742,10.753861669680276
3.049656492700951,1.0434069871520777,10.908958247153699
3.3178735705687705,0.7409741974968962,10.962457292654662
5.605552386849482,0.1130590487193647,10.60854289631953
10.560136942768224,1.68311921529023,10.948228479327632
3.0778898925683293,0.9599580200692205,10.86216155267968
6.762697686006144,0.2805222567409337,10.626520496293862
3.8286653094434824,1.2361868831315594,10.921051633039566
5.3819767778334615,1.1718510414475132,10.8616399930734
3.4807918662323307,0.5288281222647827,10.955737322800797
5.758291979619254,0.6684741423482415,10.86193718255932
4.377760039124819,0.4582793528604657,10.795126172052326
5.332533777554857,1.3694043359961072,10.680510729885894
4.059064775539949,0.9409229269704271,10.86439380644027
6.937403729259636,1.3692629444577948,10.844945789750216
7.819045500908972,0.13130539265340327,10.783953320662887
7.599222506987718,0.5412460128413216,10.862636980866792
5.189947682432104,1.153852305390342,11.01729452719713
5.055590309335444,0.8632938926889274,10.79929307539196
4.331514791969436,1.2231057169830115,10.928146910361809
3.983331134979299,0.9261904277717927,10.808388698718852
3.578312991922395,0.7289126720774263,10.848842682356716
6.186003760375527,1.0162913114928278,10.839324271674343
6.143111875348663,0.7236377657902386,10.727249762775166
3.9435563939311002,1.4037145348866487,11.07290316731807
6.018053049786742,1.3675425435931077,10.89096002721318
7.930470772028443,1.152198038980496,10.8639202402291
4.5517649970541045,0.9450912430390765,11.111736754102315
6.300953685529753,0.9709744705945341,10.534747686169752
3.1837663837292243,0.2773333332645594,10.893819945087063
4.318977172633051,1.2466247551865615,10.935524322607442
4.648765263479414,1.2685745611790025,10.746268949440553
6.017794250809543,0.843687781205705,10.993183525988051
4.200561894248361,1.3396277074136311,11.056518247712912
4.0406179130375195,1.3979964861081418,10.874432194743477
4.281509738848542,0.9305398472859678,10.706856066209333
4.070708102668716,0.620809605430474,10.839476961709726
9.07160674387536,0.4658532330597605,10.964685745599798
4.602823895663858,0.8901696221142019,10.901673328715567
7.691452509935901,1.9742399653826528,10.799549805258584
5.486229594664106,1.468603759794151,10.826533729826004
2.9871911443964416,0.2627873950203587,10.752610321290286
4.515232442300622,1.6181887914551987,11.018615836481146
4.3257698571820375,0.8202194466743772,10.97516223063236
5.249015192500636,0.9512616409821046,10.739727448800753
5.115687611837696,1.067627239770884,10.79992590244412
6.196561264025162,1.1413821037211833,10.781115219137497
5.1506257868703695,1.438943763461265,10.785828827668384
3.4065941197979,0.6491102151632298,10.932132964364577
2.5675369624919657,1.0309267937276618,10.949493064956599
5.891973850725037,0.9849663944554167,10.852710922567802
4.820945622690139,0.9120052592296226,10.771759279366087
4.257758203188119,0.6971061131573066,10.836824254700636
3.834799418761296,1.4797484029922832,10.628964826832922
5.112578881028286,1.541231497540531,10.81827036126106
4.79133681108223,0.9377882786916452,10.79292684277502
5.866890925927289,1.2236633011941076,10.959686463330513
7.524713845456661,0.20815286298949215,10.591833461797744
,,
4.3876409181377864,1.4773874726235308,11.008838234268655
7.009527230575251,0.827678437121739,10.925756660389164
3.4624967104432263,0.8911496048541764,10.788550009643492
3.782866430299368,0.9968162980036653,10.85264843301761
4.164581965531805,0.29590504641833576,10.739942824031493
6.1680750610739965,1.3331853582951438,10.910483864002366
3.3781881790261212,1.2426308818812075,10.772968475839468
4.61631459152118,1.3533521081661208,10.792629712220348
8.609532349811591,1.4254559191469478,10.73444068861073
6.818715569131176,1.182851564283172,10.977580150785046
5.205347351092275,1.1444668184524263,11.038045773882109
8.0336957798373,0.6138806441949037,10.650187706401617
4.159473611986339,0.9376357438166011,10.666981405708396
8.104689379476213,0.17857524629275165,10.827721522895477
4.660637886077894,0.787912710828403,10.777741617832605
4.104603414049884,1.1068899253570952,10.850364602428032
5.4809405380167,0.16775035600149452,10.789266942577145
6.22487587457555,0.87206102193501,11.027231412259768
6.408260506101769,1.2078053754736569,11.035401146164519
4.5056400256500435,0.7969263981921392,10.971485250216531
4.411636543813438,1.2946127455967933,10.841620883123765
7.798957110333133,0.8323765453661409,10.937598105951665
6.498556078656289,1.7737322894281315,10.722501350500236
3.950735416656539,1.440590520301446,10.885707522170806
3.9862638055844677,1.3549207830049301,10.957791435600624
4.571997677665135,1.1566882074373794,10.696001375833895
5.361383938627759,0.4491923408100352,10.691425208186171
4.707652095525808,0.972720974400677,10.885644512014004
3.9722085039705255,1.174241993360593,10.88277746621231
5.842926349641523,0.1484593214512841,10.705760704127796
7.991183330189348,0.8889125822361114,10.837483002668636
8.310294777228645,0.8680297470789323,10.624869874336294
5.210852553387543,1.2916558207823083,10.85899793226318
4.5138974279210204,0.8621338778411254,10.746066702984715
4.671660214295983,1.3055307161279033,10.704934702340354
4.5214919369354165,0.3972665475322121,10.7808904029073
4.731329445049505,0.820982540273209,10.823491433861378
7.630139389560315,1.445229930893061,10.907701184814595
6.631758219861986,1.8707553075775907,10.73208497802073
6.086257944888098,0.649218979678147,10.87658826271669
4.344564925095009,1.2825243221948959,10.780770274003054
7.19963466527341,1.056411632478274,10.896077735110604
7.365089364282038,1.6736820950447633,10.85816816834166
4.789365232741422,1.1002826962450691,10.788456623296716
7.0694343465159735,1.299053948991995,10.71317941289494
5.82018763343547,1.5522567376251715,10.80680574029876
6.694851665885364,1.4455025765966665,10.809453436942286
5.832141646665924,1.7214738362641473,10.878620678571899
4.644124929221454,1.6610600165636313,10.803877264592996
5.387950217011467,1.378010092135565,10.821741163009687
6.619856671086095,1.112615048961659,10.603649540369467
4.35906296077332,1.5159340482231762,10.7925288413334
5.206967440454493,0.7999577121835386,10.66134523570966
4.690423316339561,1.4953003008807477,10.954678859228588
6.34702814435017,1.4256494624119318,10.954084042492433
3.156099944279396,0.8521605171914625,10.736632958000538
5.893157476242659,0.03234999596697012,10.74790597534624
5.535660658545233,1.142597376738635,10.679202422145837
3.884703549720257,1.0687245933014693,10.863035312509094
2.457273630726354,0.5828316578753416,11.345415152370682
4.034446703809816,1.3846291356649678,11.444850520361403
2.537224557660306,0.9211859509544296,11.441307991167514
1.9826539730455393,0.7378147358607747,11.240834509345104
1.8371832605441505,0.6574124030932975,11.257398958970887
4.651864824231129,1.3478684835639918,11.276840878806537
1.846085350762403,0.8526286137454603,11.449876973588205
2.091173204697122,0.5888771944160884,11.323829477138876
3.3500257432036875,1.1784396936848414,11.120686794811672
2.825056893852858,0.40614947804232676,11.151622138043797
3.4687807930409527,0.49053485196067964,11.127555695638257
4.284009182955524,0.2215757600597163,11.181692564657315
3.205466454798108,0.40365301180845625,11.291128600741217
4.228536425359243,0.4961706015685833,11.420795847204753
2.308608044895742,0.9009087785095471,11.061185795685052
1.4662972625810193,0.4566069511086687,11.391458250900314
4.7454878092258,0.9138183310233241,11.254373100390557
3.416173584133546,1.1672910623509165,11.45869881184427
3.6354402350648702,1.2642399009315468,11.22401014329952
3.728325743957514,0.7368557138895637,11.310788857504583
1.8772873507096308,0.9296257161211023,11.014795669945432
5.230851426200198,1.6338671693536246,11.435538327613859
1.356147088722301,0.5501914969469007,11.335557652787642
2.2001924020742734,0.47228183238680843,10.960093644209431
3.0512861575962607,0.7799903203717948,10.952146123736716
2.9858499446726605,0.823713082607102,11.207604615114354
2.9137672397434833,0.6379828733511033,11.196900721337387
4.446772740405411,0.5597375366507357,11.020784899584802
2.5209069309223073,0.8557308802682242,11.239746256395563
4.299459521885403,0.653570789999586,11.19231415228036
1.6159624411900806,0.5555970558666694,10.984161613757985
4.5793786568251384,0.5786973905570051,11.035781590916447
2.6198443048891096,0.6172479636309098,11.219759766680262
1.501885815884574,0.8664690255939099,11.297824481054588
1.996353917396123,1.0922423597302306,11.050701623647445
,,
5.540283266374905,0.9679793449124394,11.453656390824957
2.044321507680338,0.6852227226956582,11.154777121209822
2.611802070128459,0.19990634714445285,10.957134897242796
5.362735864535749,0.39543395800299114,10.87440414136942
2.0645125888897073,0.6044015500959273,11.023863086659391
3.514061270605311,0.6350182839441832,11.2042928750682
2.916934893842951,1.2337991909816386,11.242062959940018
1.751155724439586,0.30865683521735326,11.106143801142876
4.502547370805493,0.8152000336581313,11.061396452293753
2.8139260544296434,0.0774231122389986,11.192752877203668
4.9507283624203815,1.4432753848766238,11.197856696429868
5.079628574861038,1.2600744897562997,11.176363559044301
1.9510267356594961,0.6130475768858034,10.933040803072439
4.021177152234063,0.9410411086739672,11.193258309893519
5.11222045822691,0.9417359283667955,11.058156591532985
4.6413347219188426,0.9682585294513991,11.162981099364693
2.064859923233345,0.07754651630422599,11.429576181953983
2.675671045660475,1.2432692366658011,11.029280279878275
2.8966848589335057,0.5889347630991912,11.13877915210926
2.4701694788367528,0.540940848962967,10.99216150394379
4.857124418139575,1.144358314677586,11.263993374083663
5.296646704818566,1.1489621011703077,11.196197498788312
2.704541368547063,0.19700500653684871,11.032339534249262
3.4640915737425844,1.2078053692537998,11.027079965496362
3.2167500537052764,1.1763955022112906,10.870975635419747
3.9682176210587996,1.199277295633472,11.175965030173828
6.627848648047825,0.7052675104762228,11.254681182505774
2.4279698514225334,1.1195416532509537,11.056474855441651
3.5048718269053976,1.201199566251066,10.844201587744688
4.031272524883959,0.615765939906067,11.054254934726638
2.5250659058568647,0.08501551302216324,11.161295410053343
6.069312313472086,0.7583662755234959,10.995272292542445
1.6286038261867584,0.7931196553646577,10.75000221339956
1.731468246104716,0.9232314839536876,11.042454030849475
2.805340565003458,0.7158016567797,10.954721549730289
1.7998218216584614,0.3106602574083492,11.23850696351149
1.3795223522474027,0.7584342227237921,11.100350436829125
4.0299032345053325,0.9580013969402683,11.27114845250089
1.7600643729300052,0.5403867519864256,10.943926170865865
1.825857267706853,0.708661592043939,11.079361681575177
5.41496097211104,1.1431313953999944,11.189755465344922
2.731536673119793,0.764872453583435,11.004851991090007
2.1249772189943426,0.9829541651321058,11.006059290105174
1.9256279520691704,0.6784507735563187,10.86201051413603
3.718562294463174,1.0138997289701674,11.02314052611386
4.555609606534966,0.11890509223292395,10.930548357392386
3.300429968510843,0.1845313932167747,11.108939025208807
7.531945311345233,1.6463805188968583,11.10768007175293
4.088199166139092,0.9103065845841468,10.98801726372597
5.893548866966805,1.001408351371846,10.971053149406453
2.268182181314476,0.84744752446208,11.07438972321542
1.9409395388610704,0.33493142185249836,11.068435465489806
5.227756121468095,1.4307763407216738,10.913518191646409
1.6644952401048532,0.8469963589736005,11.123952259211832
1.4064371654764698,0.6682374346485418,11.077160441496535
9.276094234800688,0.3498940684391873,11.090335546406708
4.774283537892321,1.1971138688006762,11.162024231624628
3.623014652919779,0.8463408498365496,11.100836566272685
5.192344277599443,1.2396577021209751,11.145182861522445
3.8437108081086753,1.0120719459213083,10.937692032015539
3.971994892971271,1.1302182048137666,11.00656294965057
3.126799338105711,1.015033693615494,11.009473760395064
7.55405565473292,1.0112518460368884,11.026114843423803
2.056252359957105,0.9452199017152212,10.769607024289591
3.6581268529778557,1.1587296754717975,10.878209173313119
3.967978291195555,1.4875368077110984,11.12241576636829
6.7083985413722464,0.29969515522730306,10.941516522653009
3.7356141702002374,0.07754348498301358,11.096770373614056
3.5749682498956425,0.8312361528582441,11.127295256295943
1.8347340578100035,0.1031047825752835,10.917842240220628
6.212915269350478,1.1821984943891153,10.990711160150116
5.710903715242029,0.3738234819769579,10.973386752006217
6.907543464054856,0.07991121579132358,11.11740567430153
3.7271979261069603,1.089453937544314,11.037321606371686
3.6191009424465435,1.1224095482462815,10.943910768979977
3.5408270527622396,0.8566261448410082,11.134405254715015
5.6659011010498626,0.5590963264899983,10.967718636377782
3.569768963681405,0.5756695267382053,11.011172150324416
5.360568885013775,0.32735946820646405,11.217698319444395
5.028784325319891,0.3284244407831569,10.91786737907094
3.022600524612794,1.2512869529625519,11.102972877570501
3.8029674129235214,0.46154989470324387,10.948926549713809
1.6368404847259228,0.4963366364562647,10.824619860065583
3.4759660899042655,1.1890788276069955,10.77350724944947
9.469072643393705,1.18347482829828,11.20593157027002
3.0570356162944403,0.9681133070556812,10.770535196050368
4.607921000248253,1.2585288517595343,11.074742551373765
3.902409581092556,0.8934913850091787,10.858527776822918
4.170292566033998,1.2716462912046431,11.041126491239075
7.936768152172011,1.9067491276870876,11.132115616928429
3.4482457639199255,0.17307064256005877,11.196533853494527
3.0400473155452508,1.1024984578269865,10.942950485351398
4.385866135060136,0.21799153931966894,11.044844153025743
1.652734467981432,0.5269398221691561,11.019615967746777
5.594721897590565,0.6273246373630925,11.017300259675878
2.4329897167171546,0.17242739614594602,10.921514997099916
4.048695900225231,0.5354883712156415,11.117242411660092
3.424564980558663,0.1596292936102857,11.207470126755123
2.7131889230433157,0.08549640636565979,10.838631871505262
7.582205471284654,0.9423894936556382,10.997920542683769
2.74498251755849,1.3001423060477961,11.127972834787364
2.2659623036667997,0.7296986142174845,10.842084854366332
2.525568781060709,0.8656485091134495,10.901508458248369
3.4801064933828236,1.0878608053691992,10.96135101528005
2.48523219783646,0.7109804485550711,10.87979300485432
2.461106086424827,0.09563547954217419,10.6019386961569
5.851120037591809,1.0033509172470152,11.269437378782587
3.332059220686837,0.4654175648571393,10.85866102287194
1.8895168721310165,0.8012601407051789,10.937943459181145
3.930036843584882,1.1636695887406927,10.913918686955169
3.323571463452052,1.4540113606108553,11.064974097217805
2.419724255322644,0.7358984725335239,11.079545905851994
2.128221313868804,0.6532825532786425,10.98302228983873
4.800140845028771,0.9571274998541028,10.95807716331223
3.372066598782137,0.9821236092969068,10.841037884282192
2.6917413256372007,1.0093699526125741,10.722929054648917
3.7715050147765905,0.6072642675329387,10.718958832005809
3.9598717697414387,0.2127692501025781,10.886406831285502
2.7836985444616063,1.3807702039204022,10.944036717677662
3.3569310414479023,1.1701233952968664,10.942700339718947
3.801564843076844,0.9586919454962873,10.947695713206215
4.782306079498983,1.2247127216118292,11.006893473651763
3.8790418330340377,0.9046992292596798,10.90734592014066
7.139347620233304,0.2936365083202036,10.674591467438436
1.9810308880866652,0.6090985483923926,10.728519192992396
3.9181077855737656,1.0921521009911495,11.06147148152036
4.80517119845822,1.0639478035016123,10.866356017470174
4.133263846414511,0.4859996523835331,10.929138662319692
2.5067715037903553,1.0451274775812387,10.80379765621555
1.6858083038344047,0.9520142375939884,10.844049397967188
4.508864274585584,0.6671407936393534,11.00150631368129
2.599712648523843,0.6949846520517128,10.956274282960065
4.120520623777206,1.571009614231606,11.08996487669422
5.8199934596689635,1.2654561289371937,11.01513489839595
3.1723952318991113,0.262206122695556,10.92023034633171
4.488176653586927,0.85003156934005,11.026565144373883
3.8975590704925187,0.7025996738557069,11.07498786271018
1.6832092984733833,0.10231205925304133,10.76179412339874
2.9953236599037525,0.3066943424886185,10.823530071961939
4.3446558501867125,0.04754515812787854,11.047549333407577
7.1486511485042135,0.25519457814529184,10.909189830857933
2.749257446736902,0.9337040312203143,10.88212216372225
7.2395131960963415,1.136352969274673,10.757513310273422
8.506043735741144,0.568888557568112,10.710995356489603
4.8109186111317985,1.121374444431238,11.048962228046742
5.805703388816983,1.289681471508831,11.179308119473436
3.551625957637868,1.240446541041279,10.658887023986985
4.239083372383356,1.1968071103148972,10.98147220084502
2.1448660794774512,1.13919996491884,10.937695073510486
2.581898589347604,0.8154491863563242,10.981210883785186
4.952999897565981,0.6446591176921862,11.039393027448982
6.410307610080518,1.6664968657628798,11.004106197374618
8.53613661609629,0.6759624727929437,10.986201207128566
3.7968138861301814,1.4365769650697024,11.074768475310417
2.5303962771336916,0.894566497411795,10.797594113910218
5.577793883733122,1.4957641804173911,10.95175785985415
2.4735395816040335,0.7415528324847855,10.918908030675427
3.5774328359666896,0.7042153028769544,11.03188711384591
4.0656794339633455,0.1547862696738778,11.076514425698699
4.400569820554377,0.6820186370741966,10.802474109379302
6.689185775229612,1.1586360194809215,10.633951048237984
5.49628487741178,0.47627772145898045,10.964589834507764
4.620076201652839,0.676287406226492,10.798688608974997
4.716589967698822,0.8740328428852948,11.089495699916156
6.106599882231251,1.8501481483975464,11.111050497713867
6.0852196441677515,1.591424200226677,10.876009696322171
6.110369724516912,0.08933302056227337,10.721355178221845
1.813819354533101,0.5787631804737444,10.85709401048835
6.880013327844644,0.6250766477845566,10.948087690009492
3.870345082984288,1.2141693865177812,10.897638415613901
5.260666775922283,0.2348978712102851,11.164509231762201
4.503165743305219,0.05925912133678004,11.113844165346757
8.137939390305025,0.761198730923875,11.011575473308442
4.288353144444224,0.5474620423340798,10.978237439243927
4.628870783935478,0.8988005879776126,11.0438805567779
4.458315621825518,1.480589543302141,11.104289123646282
8.104364464866205,0.614387671383652,10.881289679009493
3.6552883721484886,0.4493592969943706,10.88240717203206
5.1084860294617975,0.395427305903309,10.9033057703834
5.171796687461956,0.4089719543695746,10.843655987207564
5.1513251222935965,1.3910976263309016,10.968529520080455
3.812954211199245,0.7613869816368908,10.819811932760832
4.958623911664445,1.1467249395911054,10.938554472752937
5.176159503364179,1.147003382056536,10.894013726386493
4.4570417143544665,0.4413674379892459,11.136732359659243
2.410252209991636,0.7254588736614915,10.729494688206882
2.159047596867486,0.48590988514883826,10.876235244401546
4.108413621511987,1.0181022097862102,11.133468869398964
1.566368601192206,0.9153954969789523,10.8142374989545
2.8213519865195944,1.0376964867313019,10.822455186444907
6.830108942132599,0.9612988117891453,10.80739887755069
2.9447821501427103,1.1640893052097934,11.054564970293432
4.994649227888076,1.1342199672836475,10.831590453699821
2.509040469578795,0.8057271245706988,10.828071957975396
3.6439412031972696,0.32191141435216725,10.718853824217442
4.288531854186902,0.41161678769265786,10.72670124269605
3.3216050810664055,1.306153960127355,10.992415825872456
2.7586243179051966,0.5066571187111497,10.907567607495913
2.861193553487957,1.1856380619377511,10.905106719568037
3.993036702830489,1.1837873307897355,11.065219716301531
1.8316793649823242,0.1812699713936298,10.721505680691475
2.947119976372632,1.1722190424791732,10.961081933823575
4.304088034318855,0.8247468113329803,11.031168455981188
4.769114765268989,0.5260138257497724,10.96862551149914
5.749124912572128,1.1921377336525925,11.138879442319874
5.266384480154906,0.8964845349076085,10.882939300747756
3.845839544522755,0.8583486384926812,11.137051891977746
4.700310656370658,0.7231952725475834,10.9971852359657
4.007450297475811,0.6685674414748745,10.895402638782707
8.076806130961378,0.11038588814306352,10.89158182914998
5.975109248767473,0.06789687444238389,10.864148002549499
5.092629260194758,0.8147959270015932,10.938585921029569
4.152968386561892,0.7136591491115076,10.775394841720942
6.120579319199398,0.5105935692760619,10.845646498496704
3.3763513432991963,1.0898304169459163,10.882002365303082
7.1582481325487475,0.8333813013878759,10.77423970902454
4.298722593943,0.6357301328275018,10.740178203716416
4.111806126468474,0.7578395926338692,10.916572073001467
5.690344632679973,1.0096727999728132,11.089680361690164
3.685571381364963,0.8899206835802578,10.727930320835096
2.3070945835150907,0.6891350063312769,11.082871780310136
3.473714949945149,1.0322945326144417,10.946615153818545
2.2650038724937507,0.07505981248858665,10.978360638148994
3.867102867868651,0.993858550110178,11.039810073168857
2.690471097471919,0.7187240790300856,10.931491974933515
4.513272326079402,1.444401272994926,10.926145188382764
4.63218960641294,1.3599270689249485,11.038526813845644
6.6812909709515615,0.6952854112902993,10.687953371211039
5.631827744602314,0.9601522337194399,10.922952845266009
6.506962905289966,1.0982962292816323,10.990782453685314
3.8138916036297053,1.2508654804208237,10.80163992859505
1.8114180969620828,0.8843455938332193,10.919718608866496
2.53814386897108,1.0551790720335912,10.95308854635361
2.8687869279217475,0.978303606351844,10.82951976880496
4.956140586003369,1.3576422678397133,10.844439197770088
6.648437447956204,0.918049829138585,11.040553636348042
4.739164135881045,1.0068398406142158,10.802105164927585
5.96938957571207,0.5616368132480839,10.935017442547684
5.089570863173064,0.5832803344190769,10.588518659513023
3.023190658371556,0.47917445305674056,10.700691574581137
7.04979533543313,1.230407000106347,11.062639738553008
4.004234159947363,0.6836731972322091,10.74290798604323
7.023681916769364,0.4744373099644293,10.781514392680316
4.129019961363128,0.8118632461559916,10.83172885871536
3.33201338526905,1.0279421547526808,11.005751293733788
2.8433812127700193,0.9019539911113901,11.031514307519705
3.82042561524776,1.1060328283733178,10.967578424298178
5.992290944815208,0.7151472954205593,10.952542399197872
3.0856018956261493,1.026173952061203,10.909102307954779
8.718583442915772,0.6012188095139791,10.737942194964022
4.023471457094431,0.1263245958048845,10.981532864255627
5.328996617091594,1.3875236812727927,10.943132670256881
4.715900985857307,0.9425696764206769,10.843705159809183
6.718533624419228,0.39866636972372377,10.754236705162956
3.0496551685651845,1.0434057992125918,10.908958247153699
3.3178735955088623,0.7409742339469673,10.962494536088233
5.605552395150818,0.11305904196254656,10.60854289631953
7.453732468979897,1.7030841204934448,10.647295992264333
3.8283433002282647,1.2360152872229457,10.921051633039566
10.174427728244323,1.6433640219814079,10.948504214508317
7.877019279897485,1.1333526463353776,10.864037442363506
3.0778898542142232,0.9599577571719821,10.862163841604056
6.762697712940816,0.28052219650444576,10.62663078003729
4.676001379575295,0.6901995937357055,10.884861564268986
4.377760044551111,0.45827934686617944,10.795126172052326
5.378880755168528,1.1704960057454217,10.8616399930734
3.480791857018118,0.5288280925456393,10.955737322800797
4.059041315411785,0.9409082143904196,10.86439380644027
5.320929074715207,1.3658767062240527,10.680601896635276
5.273855353989125,1.2613369588416548,10.901938535685842
5.758276732860594,0.6684284074660517,10.86193718255932
5.953982350185667,0.32406841103685075,10.873000852152174
7.819045499712337,0.13130545322495624,10.78430099072473
6.9053913103741165,1.361621091159843,10.84540323256559
5.187870227040839,1.153031078499888,11.01739626590498
5.055465404641775,0.8631960288400248,10.799294803676583
3.983320249689151,0.9261824382431073,10.808388698718852
5.830704662322951,0.7413420438776738,11.093496799335709
3.578312973401493,0.728912679532359,10.848842682356716
6.142786295597896,0.7234674163784788,10.727249762775166
6.182175954036373,1.013018146947183,10.839535540508923
3.942131907900947,1.4031442862447685,11.07290316731807
4.027812850340854,1.1822113689683174,11.077886468799399
4.646072947440362,1.2674844310076736,10.746341045615274
4.551677322396177,0.9450087225126256,11.11173921518245
6.29802384393172,0.9682748421734663,10.534862646239954
3.183766383633112,0.27733333347391775,10.89385190645857
6.016569793121938,0.843082183844156,10.993191853749467
6.109543361614236,1.1580148464853228,10.987994344390277
4.039277370409184,1.3974351403420031,10.874432194743477
9.467489559853993,1.3629041652655873,10.758005426841631
4.070708187624046,0.6208094678531805,10.839476961709726
4.281487138393801,0.930520274920519,10.706856066209333
2.98719114456691,0.26278739487714603,10.752610321290286
9.067808733656612,0.46350158683829507,10.964728582529167
7.552033163681761,1.9557325287893188,10.799568786632715
3.8619595023108775,1.0749744819939884,10.724665341779408
4.5081677023675,1.6161089195527745,11.018707276106875
5.471831083793173,1.4651118725903542,10.82659513639206
5.114601476402121,1.066975805026628,10.799926314436478
6.186251079503894,1.1381173772170015,10.781221684065624
2.567536815547911,1.0309266856477781,10.949493064956599
3.4065941177210104,0.6491102114364596,10.932132964364577
5.141727737588458,1.4363356839927983,10.785828827668384
4.820808669315479,0.9119140519475893,10.77180294979559
4.257758357566755,0.6971057291758467,10.836824254700636
5.103531095109139,1.5385047150958795,10.81827036126106
4.791377460028486,0.9378129849688417,10.793297185058659
5.857847032965222,1.2199164264239244,10.959718544822978
3.8328502476581803,1.4790523603316805,10.628964826832922
7.0063573270386135,0.8239435122183456,10.925786580358343
7.524718554261407,0.2081533655965108,10.591833461797744
,,
3.4624963437547813,0.8911493061964538,10.788550009643492
3.378323039695398,1.2427089231994688,10.77324258306101
4.61304088542819,1.3521743769573848,10.79263867206059
8.45532476796266,1.402410685799312,10.734588742202156
6.796287175953493,1.1752308241832463,10.977592494281708
8.10468926541698,0.17857537810315108,10.827721522895477
4.159462430104822,0.9376248170490804,10.667006687747048
8.034137520846059,0.6087852684603996,10.650204698461275
4.10447410693161,1.1068127646176251,10.850424086438984
6.2008803938529695,0.24059785220452823,10.970497554807936
6.389514261438284,1.2017154884574797,11.035401146164519
5.480940490735299,0.167750513951121,10.789266942577145
4.5056385068380065,0.7969192802280506,10.971485250216531
4.410684273426545,1.2942372741741786,10.841867007236287
6.352782446745412,0.6959304857134669,10.901950523692387
6.449790369921741,1.76514284684624,10.722501350500236
3.949379643428718,1.4400186985881984,10.885707522170806
7.784839960167723,0.8238978365976247,10.937598105951665
3.985131156369048,1.3544704248304285,10.95779545281836
4.57119110094627,1.1562614990938949,10.696001375833895
5.3613645547280875,0.44919363796731854,10.691425208186171
4.707451694303382,0.9726147328570499,10.885687074055204
3.9719625518555124,1.1740989031027964,10.88277746621231
5.8429258923489416,0.14846003339041128,10.705761398268187
7.958449204214026,0.8755190173217854,10.83764704466391
6.340086419729134,1.3423756730310594,10.715911203008636
8.273404044717328,0.8563974942231701,10.624877941929341
4.009346439342305,1.4268161887223634,10.850487739590633
4.51385016211643,0.8621074488480572,10.746104451371206
5.2061289599373355,1.2898150396205255,10.85899793226318
6.086149755147424,0.6491285901507851,10.87658826271669
4.521492150394377,0.3972663235158857,10.7808904029073
4.73131071275619,0.8209658358764284,10.823491433861378
4.933822939429064,1.081641847289623,10.816878687851636
6.5679520183095015,1.8602746874104896,10.732565392799737
4.3433250286860146,1.2819795634168853,10.780770274003054
6.178289005051448,1.3688929051357965,10.686117841081757
7.288923455159168,1.660998640881705,10.85816816834166
7.1750293573035115,1.0419261108500089,10.896244161091772
4.78876879351648,1.0998281831945476,10.788456623296716
3.970048100392514,0.9046894398094524,10.841282798940302
5.796237502461734,1.545862785968231,10.806808428109829
6.65205994352472,1.4365101404735758,10.809453436942286
7.035343343268599,1.2902058455287186,10.713523940360574
5.798963727392721,1.7146336118987369,10.878740119100248
4.6358301079339865,1.658734980835384,10.803917849042161
3.153236928892712,1.024384129184995,10.541746995791566
5.379577683539902,1.3749431561939054,10.821906392884166
6.607893702111599,1.1046842650034783,10.603653143428213
4.355358990559367,1.5146640403400635,10.792534224748081
5.206905061891981,0.7999078480829337,10.66134523570966
4.684977603047127,1.4936176292161087,10.954807237613277
6.3159325132869215,1.418693929549869,10.954105800627325
3.1560999295010617,0.8521604966397589,10.736632958000538
5.893157475774154,0.032349994696232974,10.74790597534624
5.531792635243027,1.141274148689904,10.679426509972723
3.88463944924473,1.0686883119193367,10.863035312509094
2.4572736310243455,0.582831657956887,11.346688563051758
4.0332141636114915,1.3841792252772904,11.444981439066833
2.537225468917188,0.9211869916153778,11.441485248028856
1.8371832603109859,0.6574124023289383,11.257414621635368
4.647989404577589,1.3464352406274476,11.27701338465946
1.8460853513121482,0.8526286142132844,11.449882027690837
2.091173204238554,0.5888771936985585,11.324062813586092
3.350211456720293,1.1785684412087993,11.121141412722743
3.4687808416094246,0.49053478615359253,11.128316805131542
1.4836440308345933,0.16150399224632475,11.496382281974778
2.8250568939081107,0.4061494783373967,11.15327412093974
3.2054664530360633,0.40365300685520267,11.292093971068859
2.308608120297641,0.9009088622418673,11.06132774686906
1.4662972622628454,0.4566069505004617,11.392211697294698
2.8703704582009877,0.7544154425652623,11.330424975005977
4.745467575357581,0.9137974637556772,11.254563504446038
2.958745700275049,0.7965551275444094,11.13454057982305
3.634604845493906,1.263758111197338,11.224069605703674
1.8772873549472961,0.9296257218646606,11.014828084779504
2.2001924018581853,0.4722818325508185,10.960207577823237
5.198929011121409,1.6260983957103283,11.435544615395369
3.051286172445434,0.7799903600390444,10.952208955018076
2.9137672399960564,0.6379828780236965,11.19693530562967
2.9858516599787404,0.8237145952287113,11.208090656941966
4.4467727093565035,0.5597376635381068,11.021010462584872
2.5209069410252303,0.8557308906911906,11.239766692601146
1.615962441763156,0.5555970554971214,10.984167265677442
4.579378715265822,0.5786976505888807,11.035902088109223
3.4641548211883992,1.2078511769222333,11.027267496305237
3.7940192288370866,0.925478962190211,11.21581466227268
2.6198443048575695,0.6172479637352273,11.219793661603765
1.5018858165666844,0.8664690257113374,11.297868685993246
,,
1.9963539583398058,1.0922424023695012,11.050725431818396
3.5080475592888467,0.08184370072915458,10.974182953517955
2.044321507036997,0.6852227203124979,11.155041528024784
2.6118020698926494,0.19990634708267604,10.958082139598678
3.5140613100861686,0.6350183398210938,11.204708885250318
2.0645125883714104,0.6044015494896885,11.024472609279865
2.9169161460520066,1.2337874028556435,11.242062959940018
2.813926054432183,0.07742311224213495,11.192760830599314
4.502549729270456,0.8152027280884153,11.061458360342327
1.751155724530254,0.3086568351984137,11.106172048236258
4.94522426945177,1.440484863931445,11.197857419376373
2.363285451567644,0.2315628459702367,11.057377300798576
5.077030815383871,1.25886000320786,11.17636775870168
1.951026733793441,0.613047580351318,10.933046645434507
4.021293867400084,0.9411543770133536,11.193794852661254
5.112252118871234,0.9417836906469066,11.05844230835553
2.0648599231440756,0.07754651617480657,11.42966657805019
4.641186320057945,0.9681738226446175,11.163007157729497
2.6758045973643623,1.2433650094731201,11.03031294178805
4.495931275719583,0.08934664668502686,11.071228644193818
5.294841144897895,1.147880556720163,11.196588572361271
4.190598775622948,1.3307229403006224,11.049773253750246
4.856101823985416,1.1439091117991247,11.263993374083663
2.704541368541373,0.19700500658799333,11.032395736896015
2.1765619938072813,0.5921426946566628,11.118722146326375
3.2167391877273386,1.1763883312316687,10.871034620979543
6.6273820959425365,0.704497012754054,11.25472801983934
2.0113565855270146,0.6606796391806748,11.178212638452786
2.525058306457505,0.08501585793701316,11.161295847761744
4.031272836937515,0.6157662342654974,11.054258644953151
6.069214581623151,0.7580921948189155,10.995272292542445
5.411356320647355,1.1416436083393033,11.190031080415817
1.6286038272102215,0.7931196555273256,10.750715985746865
1.7314682501518845,0.9232314889881632,11.043137708622258
3.5048366324861804,1.2011765299006891,10.844279282894856
1.825857267046088,0.7086615920094685,11.07936282567401
2.4279811004497467,1.119551364227858,11.057283141388039
1.7998218217099586,0.3106602574085518,11.238608310595229
2.948666919691981,0.8086057433454114,10.958532560746644
1.3795223514462276,0.7584342200582136,11.100354797447022
1.7600643730204193,0.5403867552320151,10.943926475581424
4.029888710059903,0.9579873579649985,11.271159298027234
3.018060434316257,0.7828653737945248,11.101384668474209
2.7315366730398227,0.7648724521510795,11.004851991090007
1.9256279520423611,0.6784507737433664,10.862020425203031
2.1249772343035254,0.9829541790013321,11.006059290105174
4.555609606309174,0.11890508835210817,10.930551899847503
5.221617307780099,1.4286925931520629,10.913892371649565
5.891873078549055,1.0006901395562129,10.97127043747959
3.3004299688753904,0.18453139279762723,11.109262172842017
2.268182324752619,0.8474477202397284,11.075518681375055
4.088196926509774,0.9103047526119047,10.988064460444082
1.9409395388670596,0.3349314223272293,11.068729179232564
1.6644952397139177,0.8469963593541314,11.12423771130405
1.4064371658505657,0.668237435211741,11.07716747963195
9.27592538109028,0.34962787903005893,11.09049858417995
4.308980986332778,1.158714677222684,11.180596234835779
3.84368832947092,1.0120573900350993,10.937702106927583
3.9720170265197763,1.1302316848724199,11.006714171817256
2.056252359752149,0.9452199024163704,10.769613020222765
3.1268028534264345,1.0150371737572832,11.009538559331443
3.6580819273960663,1.1586903257915848,10.878212386897308
3.965969948904251,1.4867454489255827,11.122423003479922
3.7356141678136043,0.07754347617679311,11.096820408135422
6.708402679807756,0.29969262398009255,10.941796283658558
5.7109036793189025,0.37382357703344266,10.97348241379899
6.205631936472447,1.1774813221447145,10.99079873580879
4.241054882359353,0.919347868762402,11.172206541051281
1.8347340578532019,0.10310478250300907,10.917849040570953
3.997853460076644,0.5143640062098745,11.162850579085772
6.90754355485709,0.07991110917513528,11.117458106460491
4.263196553392378,0.5643571927896709,10.865038038555264
2.1162624888365196,0.7988437984754594,10.961824826936834
3.6190321743097393,1.1223726449252913,10.943910768979977
3.7273357365726336,1.089535050270165,11.037799920959094
3.8642605906488163,0.711821732189382,10.986412945283547
3.5697689350766058,0.5756695643478422,11.011887524373869
5.028784321695245,0.3284244459590316,10.917873272010445
3.8029674106193196,0.4615498493949889,10.948926549713809
5.360568822243664,0.3273595300076363,11.21802132037392
1.8447444439045761,0.12648165690474295,10.908176295007905
4.757566616832299,0.10360891086507093,10.895367454980402
3.47636470145648,1.1893490158605429,10.774325707806085
4.606651173637119,1.257860678641917,11.074749074769855
1.6368404847581512,0.4963366370899239,10.824633875543192
5.665890117982889,0.5590914796627203,10.96775693119179
3.9024068370989995,0.8934890783397329,10.858527776822918
4.169880010157132,1.271423663639523,11.041272682128435
2.7836492360248584,1.3807394704323745,10.944040640104184
4.385865911523494,0.21799110133770586,11.044844153025743
7.764883612977325,1.8833689676492475,11.132115616928429
2.4329897167452126,0.17242739597655027,10.921623848054248
3.4925779783846655,1.304056355196597,11.09093422162781
1.6527344671698387,0.5269398219848467,11.019615967746777
4.048695967364557,0.5354882171645824,11.11732834395391
3.4245649803687863,0.1596292939658809,11.20761322241501
2.7131889229897186,0.08549640644111577,10.838632541433348
5.766549459880029,0.8361703706213076,11.197780132239515
7.559351283507744,0.9358069031682519,10.998313110539959
2.745064705593379,1.300204451515075,11.128659870976891
3.4800986422086133,1.0878549784308789,10.961370702350134
3.3320592199358448,0.4654175784581853,10.858668402218125
2.485232198889007,0.7109804478487899,10.87982601137586
2.461106086413884,0.09563547946070225,10.6019386961569
2.5255687790119987,0.8656485088484756,10.90150915478998
3.435069407506976,0.7726628798272219,11.082826820411018
1.889516868198535,0.801260136846293,10.938089547591153
3.323235310571858,1.4538512032069135,11.064974097217805
3.930065965921362,1.1636842382261128,10.914237148809189
3.372064370271062,0.9821220200371733,10.841037884282192
2.4197242538402106,0.7358984703049208,11.079545905851994
3.8790390136651074,0.904696515490322,10.907346225308618
2.1282213141860367,0.6532825538379581,10.98302228983873
3.7715050467010944,0.6072643078664661,10.719303921621064
4.133263845315096,0.4859995239333589,10.92914006412023
3.3569113266370674,1.170107256868198,10.942706667025236
4.781650569833557,1.2244480170786778,11.007322617416033
4.799952410302779,0.9570131177388407,10.958119821031135
3.959871771121155,0.21276924723947271,10.88648729930835
3.8016098061843935,0.9587564278673786,10.948217890694588
2.6917412872235116,1.0093699078914626,10.722934485878598
7.139347613509119,0.29363622194898614,10.674591467438436
1.981030888786387,0.6090985497589181,10.728519192992396
4.532381047303636,1.1008910622115746,11.004527841214488
3.918030336505172,1.0921037851310185,11.06147148152036
2.506771466288408,1.045127432756396,10.80379765621555
4.5088643565213475,0.6671431235416442,11.0016888777009
2.599712648296972,0.6949846543681674,10.956405048701495
3.1723952319999156,0.26220612252161707,10.92023034633171
7.21184729352972,1.1293766318875191,10.757513310273422
3.551959502181179,1.2406513762326818,10.659661800888049
4.488190641609357,0.8500502812108572,11.026761665476265
3.897569578613636,0.7026022390616814,11.07498786271018
4.116105873245058,0.6649801267177663,11.113409170137118
4.344655850287823,0.0475451577522329,11.047788093205689
1.6832092984766671,0.10231205925338842,10.76179412339874
2.995323660145278,0.3066943429264086,10.823530071961939
5.80833928648168,1.2544319735717524,11.015173770316725
7.148651588909201,0.255194184909592,10.909407600789354
2.74925744313274,0.9337040277766092,10.88212216372225
4.809870347249248,1.1207915940481996,11.0489754713446
8.502870159313295,0.5665284957391649,10.711034340024325
4.23871133612052,1.1965362129363102,10.981474746616687
5.797274113373815,1.2872519102724953,11.179702298895204
4.457041471133171,0.44136782991511414,11.136732359659243
2.581898589791839,0.815449186906007,10.981215511549605
2.1448663792570244,1.1392002776417254,10.937770701028583
6.372103908469711,1.6585897604166409,11.004471595334685
3.796073267746194,1.4361494369270609,11.074774376346964
6.4235457143776635,1.4320101629479862,11.114844521336448
2.5303962839871,0.8945665027583644,10.797595872523447
5.564063061857405,1.492171014986655,10.951771111223604
2.473539581330909,0.7415528322993806,10.918909003227562
3.577432843964596,0.7042153162694581,11.031910125806293
4.065679433966577,0.15478626957413033,11.076630813927656
1.8326635589811013,0.8351668292102044,10.844969170775476
2.159047596638702,0.4859098847134475,10.876235244401546
2.5840875329195385,0.6999602356734844,10.841762743177192
6.66978024311994,1.1534170353512616,10.633957125800546
5.496291927036372,0.4762692857849904,10.964803838877126
4.6200848352596715,0.6763016970761763,10.799058279613908
7.388923770549653,1.0302593550114045,10.929584401178214
6.070341463227388,1.8431401136564436,11.111428552933123
3.8889107448217,0.7276960321850527,10.82112837493082
2.2931254725067127,0.5344326008476791,10.753269206851794
3.9187811079788433,0.05825234650094078,10.849059024381512
1.8138193549092192,0.5787631806967555,10.857094307240462
4.288353144464981,0.5474620496354029,10.978263779096888
5.260666760629846,0.23489788083075558,11.164511456661952
4.503166116902919,0.05925963431422981,11.113844165346757
6.879841721491044,0.6248240202170702,10.948087690009492
4.628829155020329,0.8987710685383897,11.0438805567779
4.4549700950621975,1.4791667559458763,11.104289123646282
5.171796944090607,0.408971771208188,10.843655987207564
8.129801137164863,0.7535180146768563,11.011747559892429
3.8129541885485407,0.7613869500152599,10.819811932760832
5.108486143206933,0.39542719312316127,10.903360984842182
8.101825507085694,0.6123272282385972,10.881300888775414
4.957406782803636,1.146131741138755,10.938616360046966
7.725588996516068,1.156188478879232,10.921633600285741
3.6552883735406687,0.44935929597353835,10.882431017095668
5.173445568655364,1.1458682528472184,10.894014123765368
6.8239373945006045,0.9588063854805181,10.807945709578364
2.410252210464688,0.7254588743847322,10.729494688206882
6.165523723764945,0.5723046299012424,11.052325987767349
1.5663686012415505,0.9153954971437088,10.814287157867206
2.5090405404123666,0.8057271951576174,10.828511086721779
3.6439412029980587,0.3219114136702984,10.718853824217442
4.108376144260054,1.0180797210429913,11.133496113029095
4.112911543479735,0.8560760814818865,11.13491002863584
3.321508943711849,1.3061029433189413,10.99242986551646
4.288531854476086,0.41161678758114706,10.72670124269605
2.7586243180291996,0.5066571188852637,10.907567607495913
1.8316793649816192,0.1812699713996583,10.721505680691475
2.8611893467742506,1.1856346570342386,10.90511548020582
2.947113104870652,1.1722136051517245,10.961083062340109
4.304085556744806,0.824744610329978,11.031179082599891
4.840648937576168,1.0886585982814083,10.92105807994398
4.007450216035023,0.6685671409554297,10.895404238269924
8.931541387364733,0.5374607168661363,10.719958766595958
5.266034046149129,0.8962709286660409,10.882939627959614
2.944772942777829,1.1640834690170994,11.054565461735859
4.293187013507213,1.0829381464915089,10.892508135877817
3.845838634485418,0.8583478611166196,11.137051891977746
4.700312841123924,0.7231972583919606,10.997298261500232
5.975109243004536,0.0678968625258478,10.864148002549499
4.534059113285579,0.5413370173735723,10.792561452787664
5.09257104009328,0.814765473906029,10.938585921029569
4.1529763895372085,0.71366271977573,10.775395360644449
8.076806392198579,0.11038573028999771,10.891622219249568
7.153695589097675,0.8313010089920644,10.774713362984292
4.2987225828975735,0.6357301238251123,10.740178203716416
6.120587145757579,0.5105883868297364,10.845646498496704
3.376342202044238,1.089823640540143,10.882010545162089
2.690471096853605,0.7187240775143345,10.931492604676306
3.5783129546881867,0.7289126875458697,10.848842682356716
2.3070945833715557,0.6891350059230407,11.082871780310136
5.641705788036087,0.6909513678519468,10.95266397866811
3.685570676952291,0.8899197331683861,10.727930320835096
4.111827845526043,0.7578693058143923,10.916956765228012
3.4737236081146787,1.0323010748030041,10.946771524153517
2.2650038725264143,0.07505981246376399,10.978360638148994
3.8670861907921084,0.9938457820461385,11.039810073168857
2.0284814023995916,0.5687357860580966,10.714180275515002
3.552249782655544,0.8526214570306788,11.063944402128005
6.49521632262417,1.0941436423370012,10.990941112030123
4.630281825418534,1.3591963607032311,11.03877078776604
1.81141809771848,0.884345594539789,10.919725552953766
6.680781544914983,0.6949941270594706,10.688121209826189
5.878304611695854,0.9584263158473946,11.192342090907454
5.631679531967331,0.9600345737164657,10.923581499726824
3.813666630753687,1.2507375281994733,10.801640216901875
2.868786883815504,0.9783035649124832,10.829521244749591
2.538143727500559,1.0551789643342468,10.95308854635361
4.953432333868064,1.3546864494542818,10.844439197770088
4.738932747513349,1.0066167308188416,10.802147103486599
6.645654189478359,0.9170369364050185,11.041237810540784
5.969381980773754,0.5616463753588263,10.935111258086026
7.726488221448196,0.4002173711218523,10.574655886186974
5.089586709953488,0.5832845402413779,10.58855198538703
5.320127767139307,1.3848602563850227,10.943154021562702
7.023651802106613,0.4744230548256328,10.781514392680316
7.016567898802065,1.2222697971561953,11.062686352877462
4.400570212367549,0.6820181854393949,10.80248452786224
3.0231906583465733,0.4791744526298166,10.700691574581137
4.00423414373115,0.6836731836452412,10.74290798604323
4.023471458010591,0.12632459185575426,10.981532864255627
4.676001373350439,0.6901987922816136,10.884861564268986
4.129019314431935,0.8118603581368276,10.83172885871536
3.3320105916612928,1.0279398241382443,11.005751293733788
5.9924205458226725,0.7152297240406056,10.953082166408919
3.0856009627389858,1.026173234070726,10.909102307954779
8.713026838898392,0.5941880062828322,10.737987799411444
4.715932876941226,0.9425935050495773,10.843901630263572
6.7185432875003706,0.3986799010294123,10.754505371502667
5.605552402223628,0.11305903618443103,10.60854289631953
6.632420384718923,0.9575305033863207,10.943919243743162
3.3178736148980064,0.7409742645197047,10.962519395117935
3.049654130974443,1.043404864096071,10.908958247153699
5.310681680565003,1.3627283718507957,10.680702870603115
7.832504250043847,1.1161935594193146,10.864118356625251
6.762697711180877,0.28052220143646833,10.626707613466582
4.059022791551038,0.9408965377124003,10.86439380644027
7.359455562691176,1.6877365877798007,10.647400423452211
2.843381201463187,0.9019539795059733,11.031514676758457
4.377760048951303,0.458279342430928,10.795126172052326
3.480791847893219,0.5288280661981335,10.955737322800797
3.828067034769196,1.235867282073572,10.921051633039566
3.077889757628948,0.9599574406551341,10.862166198779612
5.376195102963265,1.169298627113244,10.8616399930734
5.270844463911755,1.2584880926114022,10.902375786862542
5.75826246765316,0.668399884646116,10.861938590753189
5.953981907767022,0.3240687103695333,10.873000852152174
6.876862858271473,1.3546165881976229,10.84611335667769
5.1863513119401174,1.152421092315777,11.017667124504326
7.819045499831878,0.1313054475834409,10.784580265153993
5.055367158936157,0.8631181407878459,10.799296597191054
3.9833117540533607,0.9261761643902299,10.808388698718852
5.830586412263248,0.7412466435343529,11.093496799335709
4.644146188246961,1.2666988128684094,10.746414510905156
6.142536909061427,0.7233349085228051,10.727250829288513
4.027752491413417,1.1821809956805054,11.07809685851608
6.179697544784166,1.0108126659774548,10.83990554783132
4.781360124696964,0.5771947755457116,10.974557997048485
4.551606606199578,0.9449414961138706,11.11173921518245
6.296074272014924,0.9663878737011342,10.535124868452211
3.1837663836539054,0.27733333393366166,10.893897612025317
4.198407777914685,1.3387685367464157,11.056591995665649
6.315458396888041,0.946557240139028,10.917546140042685
4.070708269806278,0.6208093318137453,10.839476961709726
6.0155782602564605,0.8425855636900095,10.993214937720866
4.0380935804412745,1.3969362207990856,10.874432194743477
6.102721659311526,1.1552138783381347,10.988468934528962
4.281469201630117,0.9305045769181782,10.706856066209333
4.457683061633319,0.058127228783305056,10.800254060984056
2.9871911444847608,0.2627873949916038,10.752610321290286
9.065103373361135,0.461687940854301,10.964757428826271
7.430744402155904,1.9390865034143254,10.799574315243373
5.113678874252981,1.0664138270076575,10.799926637604782
5.4585156058760615,1.4617682823904936,10.82668326749431
6.178594416288599,1.1356491185050792,10.781457172029516
3.406594118088864,0.6491102101559293,10.932132964364577
2.5675366991550743,1.0309266002593036,10.949493064956599
5.133818488616051,1.4339911931210827,10.785828827668384
4.820791389396082,0.9119024570271337,10.771938983934106
4.257758486355008,0.697105424719279,10.836824254700636
8.117446886997957,1.461984535280587,10.991209472378095
5.095407190177053,1.5360203992875705,10.81827036126106
4.791408663813338,0.9378320971334991,10.793604695887746
5.849914535885866,1.2165514279901082,10.959733734430417
3.8311208354234805,1.4784324888841,10.628964826832922
7.003907519076488,0.8207660446248574,10.925840459689057
4.384366150787276,1.4762735148056294,11.009706567510646
7.524718612697653,0.20815338267182065,10.591833461797744
3.4624960741114426,0.8911490839109034,10.788550009643492
6.21824724765563,0.9850322906680913,10.969516627447982
3.782841424974843,0.996788822679263,10.852649448136065
3.3783500306411396,1.242724599270227,10.773566823680286
4.610126795561709,1.3511028102545086,10.792640709285056
4.159447579861451,0.9376102180651152,10.667044274303485
6.555520120499906,1.3482210575855635,10.909104681590899
4.660611027052661,0.7879338289398747,10.777829526424709
6.776951012182042,1.1683915776829747,10.977616247483473
5.19928202871762,1.1420538178085995,11.038045773882109
8.328098237474592,1.3824358060628215,10.734757834187336
4.104350938756857,1.1067388356722556,10.850516648181333
4.170482612883714,0.9167127624947695,10.789852822598409
5.480940450477911,0.16775064761739922,10.789266942577145
4.505637470349318,0.7969138702154897,10.971485250216531
6.220322490819015,0.8698337275151842,11.02737742819064
6.373418324707755,1.1963529506515562,11.035401146164519
6.2008800633806365,0.24059372493142386,10.970497554807936
4.409932296367392,1.293938825686984,10.8421875187382
6.406174764502702,1.757295902003792,10.722501350500236
3.948177660289297,1.4395084889110994,10.885707522170806
3.9841443973639907,1.354076121347717,10.957797251344914
4.570502121030859,1.1558933630226143,10.696002447845807
5.361383347947802,0.44919314469471155,10.691425208186171
3.9717535925971323,1.17397652313784,10.88277746621231
4.707275232541005,0.9725207841480771,10.885749310183584
5.842925970608569,0.1484599110936871,10.705761398268187
,,
6.3190200677683634,1.336009233704726,10.715911203008636
8.245235603240646,0.8470869351510043,10.624943955988023
4.513814588512562,0.8620874346492657,10.746120966517863
6.08607325931904,0.6490662382700467,10.87658826271669
5.510891865359942,0.9070067207741809,10.825057939783006
4.731296408487316,0.8209529320433747,10.823491433861378
4.521492350602375,0.3972661154884383,10.780890707812746
8.034795292457554,0.6047855537809543,10.650207380381564
4.9330018883590885,1.0812318464453397,10.81697611026987
4.342242342019362,1.281500045320392,10.780770274003054
6.156038887429914,1.3634264008614878,10.686194865017084
4.788262917732364,1.0994357135784105,10.788456623296716
7.15503805230091,1.0293438719509216,10.896436554399738
5.774993698348739,1.5400810491049837,10.8068088218675
3.9700405477909433,0.9046847422993323,10.841282798940302
7.003338132769904,1.281578082854471,10.713747253401168
6.614764567891227,1.4284875474885077,10.809453436942286
4.628236263550572,1.6565884233631627,10.803961641417434
5.371838314435046,1.3720626459759018,10.822047256168972
6.597969503676048,1.0975518606932744,10.603660523087456
4.352004795351994,1.513505078820285,10.792543122117229
6.291273168967109,1.4130596147489622,10.954235873353161
5.2068253785328515,0.7998561978452876,10.66134523570966
6.881119979641732,0.21857103243986511,10.783852841397247
5.595933704630905,1.076657506749337,10.601825310062202
3.156099918862789,0.8521604821775143,10.736632958000538
5.07743931211402,1.49383498001836,10.528219878678225
5.893157475268831,0.03234999328271776,10.74790597534624
5.528705543312956,1.1402070995168991,10.679771783699925
3.8845866891573078,1.0686582730233032,10.863035312509094
6.022443942001657,0.7107203439612293,10.691127292445668
4.0321162745634425,1.3837774940977234,11.445101662191133
2.537226143988251,0.9211877622029975,11.44160646605444
1.8371832602858518,0.6574124016839517,11.257432493235799
1.8460853491530977,0.8526286139759597,11.449884679513156
2.0911732041229265,0.5888771936171577,11.324184257989716
3.4687808826764224,0.49053473294156474,11.128861790139668
1.4836440308524335,0.16150399229496287,11.497102734702372
2.8250568939504093,0.4061494781911088,11.154396135955542
4.284007602503508,0.2215779887661804,11.181695530447891
4.228537930919833,0.49617336320793665,11.422968014345596
2.308608224871072,0.9009089785908171,11.061446636299324
1.4662972624325976,0.4566069506641813,11.392640496511248
2.870370511578697,0.7544155525433058,11.33061313139571
4.745378302754271,0.9137061636845101,11.254632176399735
3.6337711769564502,1.2632766154665118,11.224097372478463
1.8772873571100652,0.9296257242312436,11.01487699652764
4.083339630287815,1.6330238552187268,11.400214301504892
2.2001924016601704,0.47228183199150814,10.960300582730566
1.3561470891955782,0.5501914973511356,11.33581849529737
5.170458311331856,1.6190838410242598,11.435549397089812
3.051286205632076,0.7799904502885148,10.952280831581302
2.913767240460276,0.6379828789956908,11.196941340446298
2.9858529745051205,0.8237157552632812,11.20842418494811
4.446772672696098,0.5597377497428233,11.021113242832596
2.5209069669825976,0.8557309156361786,11.239790435745093
4.579378770770035,0.5786976204582523,11.035939573629369
3.4641679995415413,1.207860782228515,11.0274497303234
2.896684858434104,0.5889347616170594,11.13896223217165
3.7941458453559322,0.9255634735383801,11.216275028435478
2.6198443047576703,0.6172479637282018,11.219807399856881
1.5018858191641264,0.8664690297037987,11.297892228543537
,,
1.9963539733930131,1.0922424182465598,11.050738119938561
3.5080475591055498,0.081843700566032,10.974193795865848
2.0443215069157867,0.685222720752829,11.155159112518216
2.6118020699359477,0.19990634710030922,10.958731901650866
3.5140613372835343,0.635018372846019,11.204992307820772
2.064512588769553,0.6044015504668522,11.024750081737658
2.9168995366416897,1.2337769461667838,11.242062959940018
2.8139260544400826,0.0774231122534413,11.19278394225258
4.502549238294921,0.8152019583715104,11.061499238717143
1.7511557245267435,0.3086568354259146,11.106190728387633
4.940188368498166,1.4378888245262793,11.197857419376373
2.36328545171413,0.23156284582161815,11.058517015062396
5.074663433421928,1.2577392710464699,11.17637245518486
1.9510267342274454,0.6130475762399454,10.933056163104341
4.021375915064639,0.9412342728813357,11.194258231412773
2.0648599232326568,0.07754651630325882,11.429752008861296
2.6758867021579578,1.2434239816610608,11.030956898415443
4.641085003837912,0.9681223987832884,11.16304882142115
5.294147234808672,1.1474602938483112,11.196880292424618
4.855179946302211,1.1435008865626943,11.263993448381726
4.190499735464,1.3306678452659217,11.050034076710446
3.018060955271676,0.7828661737754969,11.102000587946772
2.704541368542483,0.19700500671933632,11.03242277114769
2.176561993373171,0.5921426943229552,11.118728919743514
2.805340569861,0.7158016677353516,10.955732331710935
3.216748292840793,1.1763943538412949,10.87109069432344
5.111146934874435,0.9092413389085208,11.086175372350276
4.088194478072118,0.9103027414520432,10.98809318853809
2.4279901312245813,1.1195591760507677,11.057790128559308
6.626999498044113,0.7038334177807091,11.254762995560501
1.6286038269888397,0.7931196556003727,10.75110815161421
2.5250719458287905,0.08501544825742818,11.161296141291773
2.011356585754517,0.6606796391172179,11.178215325229788
2.695393409420098,0.12518004231036609,10.788182754018699
6.069086322336378,0.7578521382144714,10.995272292542445
4.03127312683676,0.6157665075652773,11.054260037785145
5.40803032973043,1.140260576704877,11.190152166755526
3.504870336541993,1.2011986578452127,10.844395202217022
1.7314682532257484,0.9232314949287216,11.04348911007345
5.2546502955691015,1.5688104775662448,11.089186027488852
1.7998218218035744,0.3106602576034308,11.23872939159677
1.8258572672528273,0.7086615927367526,11.079363227844773
2.9486678897793874,0.8086065810898209,10.959160960378522
1.7600643733221963,0.5403867545743527,10.943927220599875
1.3795223523925637,0.7584342221773621,11.100361542500751
4.029874173754479,0.9579732518315864,11.271164348408663
2.295970763436587,0.21674527095501592,11.232456033063505
2.731536670213851,0.764872450911665,11.004851991090007
1.925627952253524,0.6784507738557048,10.862021943220618
2.12497723295467,0.9829541723155176,11.006059290105174
4.555609561827119,0.1189042463461876,10.930553436179352
3.7185521973757085,1.0138922110512953,11.023204795965256
1.4064371656916106,0.6682374348467379,11.07716775233028
3.3004299693784755,0.184531392072294,11.109578006917433
5.8904967174674026,1.0000929708465711,10.971506368774373
7.327874829928175,1.61363942339703,11.108234224412024
5.215850113600644,1.4267134960461674,10.914057222140952
1.664495241962692,0.8469963614387045,11.124388953128715
2.2681824059251445,0.8474478305039418,11.076128613723267
9.275797344553517,0.3494724687493615,11.090622858283613
4.309717182139253,1.159030624123748,11.181095547422883
3.8436726208757523,1.0120471578097838,10.937709842013827
3.972044933785359,1.1302235095074835,11.006809431951304
2.0562523601427354,0.9452199027133715,10.769613612877627
3.6580455619744217,1.1586583294313015,10.878218211489765
3.126802155943597,1.0150364794924889,11.009573072085582
3.73561416558946,0.0775434679585501,11.096855033267197
6.7084005390648445,0.29969394243707914,10.942073368472634
3.964121785617115,1.486014594924588,11.122424559015407
3.5749680809480013,0.8312359904647363,11.127295459200546
5.710903646283172,0.3738236673492873,10.973594775257457
6.199215864799216,1.1732669898356567,10.990884015026387
2.1162624887287578,0.7988437984435183,10.961826463525204
3.3229270962437565,1.453703943854758,11.064974097217805
4.241147528849495,0.9194604809089983,11.172404745138245
3.9978534608428293,0.5143639517046038,11.163365587427617
6.907543487051064,0.07991118875819297,11.117499353789633
1.8347340578446063,0.1031047825102202,10.917849040570953
3.618971518780984,1.122340033527995,10.943910768979977
3.56976888409341,0.5756696232462294,11.012516220698092
6.2087768508859735,1.69868775444592,11.01404914130238
5.028784320715408,0.32842444588797665,10.917875382890939
3.802967408331629,0.4615498045974935,10.948926549713809
3.7517246415013683,0.7210703418921549,11.098359314759904
1.8447444439022074,0.12648165691801425,10.908248019169903
5.360568794064327,0.3273595584318592,11.218236217591466
3.0570377720606956,0.9681151366377034,10.770620010448438
3.476746502712792,1.1896083620312567,10.774989602466492
4.605496209269206,1.2572475443469089,11.074749074769855
1.636840484537947,0.4963366357138078,10.824645980375806
3.4482457349101536,0.17307063983695858,11.1967126632334
4.618339452291011,0.6275453728335331,11.073830813923767
4.53968057478249,0.9823662801229777,11.03298367481566
3.9024045411266792,0.8934871421723203,10.858527776822918
3.0225395651008817,1.2512520596469054,11.103027065034833
4.169496238605059,1.271215240175507,11.041368763940213
4.38586570871562,0.21799070304063345,11.044844153025743
5.665902171285076,0.5590976113173259,10.967793507026418
7.6177841894579155,1.8625659903028133,11.132115616928429
1.652734467650722,0.5269398214907172,11.019615967746777
2.4329897167400034,0.17242739623819672,10.921704238282013
3.0400449384962682,1.1024969249843641,10.943011913738136
4.048696008596093,0.5354881272434933,11.117347951719394
3.424564980375065,0.15962929390323718,11.207642550148556
2.7131889230185022,0.08549640639432733,10.83863495906807
5.594716726915183,0.6273233975416955,11.017439143204214
5.76638796053964,0.8360802278734232,11.198000250272925
7.538395564964526,0.9296150331072511,10.99843331836536
2.265962303518965,0.7296986156549045,10.8420860850002
3.480095208889183,1.0878524164359595,10.961402531850252
2.4852321991980597,0.7109804493912647,10.879840954366099
2.783633627616599,1.3807297273218015,10.944069073404425
3.435067825508112,0.7726698761749617,11.083109668192488
2.5255687823113466,0.8656485100547539,10.90150915478998
1.8895168664400288,0.8012601371608222,10.938151737905006
3.0379137236697904,0.9604870692976598,11.015279594017512
3.80167230323504,0.9588465957085521,10.94874690891526
3.3720624862032778,0.9821206755451773,10.841037884282192
3.8790366559932328,0.9046942316134889,10.907346225308618
2.41972425521109,0.7358984705113005,11.079545905851994
3.7715050687703116,0.6072643346982725,10.719502971410979
2.1282213134840946,0.6532825527938296,10.98302228983873
4.781182424770703,1.2242696079226134,11.007679465238818
3.3568918717644234,1.1700912618131853,10.942710910108884
3.959871772379172,0.2127692447106627,10.886505822079629
4.799995897739236,0.9570396228170974,10.958243955498322
2.69174125962163,1.009369872720006,10.722934752262857
4.133263841723488,0.48599940276557535,10.929141004174813
7.139347477866333,0.29363026366385525,10.674591467438436
3.9179619837385817,1.0920609710551945,11.06147148152036
1.981030888338302,0.6090985484859067,10.728519192992396
5.8477320167853195,1.0003208451811303,11.269483324493406
4.532608934637283,1.1009987559727341,11.004978526526438
2.5997126498307317,0.6949846574766134,10.956514119568217
1.685808304583816,0.9520142390116612,10.844179432793794
4.5088644202988855,0.6671452549041728,11.00179836609087
2.506771434300755,1.0451273917033377,10.80379765621555
4.344655850502288,0.04754515731984675,11.047830146844616
4.4882739839093615,0.8501605752514925,11.026996368344475
3.552168326686228,1.2407799981199503,10.660125241478832
4.116106119427728,0.6649803611832885,11.11343142925322
3.8975760084855278,0.7026058713484401,11.07498786271018
1.6832092984733131,0.1023120592563158,10.76179412339874
5.79831881819572,1.244399267972136,11.015226649827367
5.137719566888171,0.8556666647482338,10.917241174928337
7.148648630535731,0.2551968263414425,10.90965654580087
2.749257439454749,0.9337040231528724,10.88212216372225
2.530396277475652,0.894566496141194,10.797597051857633
7.187603813645977,1.1231120866982842,10.757513310273422
4.808895226083012,1.1202461622915454,11.048986168179084
4.238350220826689,1.1962806851505758,10.981474746616687
4.4570412574041125,0.441368172724377,11.136732359659243
2.581898590131362,0.8154491867846136,10.981216179251913
2.1448665047166124,1.1392004133726732,10.937798444539524
3.795391175976826,1.435753485115447,11.074776301289825
4.065679433983793,0.1547862695214474,11.076725591417743
6.335795122481263,1.6509371534701165,11.004726253964828
5.551341871866168,1.4888035217188609,10.951780486110376
2.473539581116555,0.7415528322600148,10.91890913885886
1.8326635604074726,0.8351668314959038,10.844974272017868
3.5774328643627755,0.7042153507225001,11.031929069204923
5.496286593124791,0.4762768777106083,10.964972892452531
4.00745014161371,0.66856686243415,10.895404238269924
4.62009293681675,0.6763173859741928,10.799499002300449
2.2931254727180925,0.53443260078576,10.753277610735708
6.0377192105906285,1.8367399361875834,11.111613826647783
3.9187811077254677,0.058252345690097386,10.8490791497741
3.8889107754765875,0.7276960206668234,10.821142045459899
4.288353124938423,0.5474620923906797,10.978312437792617
1.8138193545451151,0.5787631813153828,10.857094307240462
5.260669616573848,0.2348960014443198,11.1645129486887
4.628793923292047,0.898745853411023,11.0438805567779
4.503165709262504,0.05925907461032961,11.113844165346757
4.451886681896677,1.4778456178016224,11.104289123646282
6.879711984131691,0.6246142766275451,10.948089803308314
5.1717931390531255,0.4089746840151327,10.843656292959441
5.1084862467792025,0.3954270877656334,10.90341524075475
8.099790830209441,0.6105864257061802,10.881309439207795
5.139778255778767,1.387592298515562,10.968742493796592
3.812954169832007,0.7613869193547339,10.819811932760832
4.956168422015931,1.145517951687683,10.938653661079547
3.655288374447709,0.44935929640691163,10.88244700702662
5.1710023101624305,1.1448391842842953,10.894014390250183
1.5663686009824833,0.9153954970222249,10.814320082084869
2.4102522097112713,0.7254588739685802,10.729494688206882
6.165518815797717,0.5722981146653076,11.052326431274148
2.5090406396085796,0.8057272936347774,10.828834378139092
2.9447648967983784,1.1640783628361866,11.05456546173586
3.6439412035283314,0.32191141286610264,10.718853824217442
4.112916858528776,0.8560812996915437,11.134954540535734
4.991881364433048,1.1330077905355218,10.831695073659187
4.28853185452965,0.4116167881420617,10.72670124269605
3.32143639685971,1.3060643313088434,10.992456711213322
4.108345583955621,1.0180613056711194,11.133533059762067
2.75862431708008,0.5066571194181209,10.907567607495913
1.831679364972856,0.18126997134259798,10.721505680691475
2.8213526732591157,1.0376970419516787,10.822497809625796
2.8611850767936304,1.1856311952316856,10.905123596669478
2.947109597709684,1.1722108249453105,10.961090079769365
4.304074536021144,0.8247390957165112,11.031182998221322
4.769115385617806,0.5260126133614154,10.96862551149914
5.265729873334222,0.8960843500277219,10.882940173284318
1.9308142361346343,1.064660681998313,10.699697358541906
3.845837887014869,0.8583472201222987,11.137051891977746
4.70031289016383,0.7231973091640131,10.997330420294626
4.534059142825347,0.5413368806551049,10.792561452787664
4.152976396839929,0.71366270743808,10.77539588525447
5.0925182372085995,0.8147339955870839,10.938585921029569
3.376341565272815,1.089823168591182,10.882036158477376
5.21248397857416,0.727508845670707,10.875567611075912
4.298722568701707,0.6357301133450446,10.740178203716416
6.1205852185002385,0.5105893251550686,10.845646498496704
3.5783129383806997,0.7289126940348617,10.848842682356716
8.076806535838761,0.11038564349499803,10.891628003236137
3.867071825150432,0.9938347402881004,11.039810073168857
3.6855700922007983,0.8899189366307645,10.727930320835096
2.3070945832563106,0.6891350063012796,11.082871780310136
2.6904710975170567,0.718724076508611,10.931493026985658
2.2650038724624246,0.07505981251244348,10.978360638148994
5.686765685819368,1.0073968207142463,11.089709717885547
3.4737229084375287,1.0323005466148842,10.94682760645848
4.111844480121228,0.7578921038439433,10.917273287022732
6.484739293504398,1.0903770044451002,10.991009181294709
7.726604792605062,0.400413148070542,10.575152058814293
4.628508411177082,1.358512930078304,11.038944429281628
1.8114180968646731,0.8843455929523071,10.919726244274036
3.552256852453526,0.8526340925225145,11.06425541797609
6.680558220817065,0.6948617368984759,10.688278586578596
5.631688981879214,0.9600176726623636,10.923997851051157
3.8134634324971963,1.2506213829161696,10.801640216901875
2.868786822329922,0.978303506942253,10.829521957026644
4.950999526189581,1.3519142024565283,10.844439197770088
4.286355439958783,1.479725405864708,11.068342855796661
4.738727721646854,1.006417653762414,10.80217830685091
5.969365616216758,0.5616680140222461,10.935195082257858
5.089585844004996,0.5832877678446019,10.588578779985927
4.40057057650699,0.6820177680516623,10.802484779961604
4.676001397245565,0.6901981713296563,10.884861849493149
6.243964558597969,1.227794458303582,10.93990704785689
4.004234128687055,0.6836731733554464,10.74290798604323
3.0231906583207766,0.47917445199569986,10.700691574581137
4.129018799201873,0.8118579907745355,10.83172885871536
7.023630018570874,0.47441269787080675,10.781514392680316
3.3320081961097197,1.0279378181797554,11.005751293733788
5.99242362132186,0.7152279022256948,10.953333650227538
3.0856001704650446,1.0261726238074502,10.909102307954779
4.4953298917530535,1.6122921326431734,11.018770396229383
3.394828018358471,1.2727379591662726,11.148577459475357
3.7975076657558495,0.9619652042770328,10.742924065684983
5.312182469037975,1.3824526972630309,10.943162560327547
4.023471458783455,0.12632458815645362,10.981532864255627
8.709166428318255,0.5883266574441995,10.737994161835344
7.59100701466611,0.865277264690211,10.866042771130541
4.715940903747676,0.9425997594365705,10.844064662559505
6.626248363161463,0.9553200281509284,10.943986650399808
6.718542470180434,0.39867862713122176,10.754564926540727
3.317873611759134,0.7409742652982708,10.962528721804143
3.0496532487643884,1.0434040661550126,10.908958247153699
3.4807918401318414,0.5288280406757081,10.955737322800797
6.762697687335721,0.28052225507403766,10.626730603935115
7.795231429457552,1.100512322124778,10.864129504413185
4.059006976619193,0.9408865385575613,10.86439380644027
3.8278179315856673,1.2357333549707874,10.921051633039566
5.300928048192918,1.3597066489269587,10.680742734733512
2.843381206685646,0.901953985805069,11.031516524126332
4.377760053419919,0.45827933739893,10.795126172052326
5.267409725967523,1.2551486033171042,10.90258595292317
5.373772350746704,1.168204711654903,10.861640736573614
7.2766004566571345,1.6738371910296046,10.647404163457821
3.0778897202565227,0.9599571741588083,10.862166198779612
5.953981677254709,0.3240688623883297,10.873000852152174
5.758248760829809,0.668378428839332,10.861939535095162
4.642254634670773,1.2659238411473854,10.74649026704448
3.9833045555479356,0.9261708302195591,10.808388698718852
6.8483305039195,1.3474487731229594,10.846476116558511
7.819045500012022,0.13130543098903474,10.784704995256261
5.055281930202482,0.8630500474935306,10.799297545127363
5.83053776039432,0.7411498451955549,11.093496799335709
7.5737301966960295,0.19352561051243455,10.79602616623664
3.794478532709024,1.5487185498996192,10.849405669517617
4.02749014372736,1.1820486113819153,11.078201531812015
6.177777105831338,1.0090151385813841,10.84024535429634
6.142347659651445,0.723232701290587,10.727251544498259
3.1837663837317662,0.2773333334734641,10.893925405872466
6.294499416302444,0.9648100916540682,10.535382515661079
4.5515454038969665,0.9448829338006703,11.11173921518245
4.197495800493225,1.3384015271053926,11.05662008620126
4.070708350352604,0.6208092011765087,10.839476961709726
4.037006997456067,1.3964762569410327,10.874432194743477
6.014685229662378,0.8421338613562224,10.993223821191695
4.602906389708087,0.8902658916813547,10.902142270854341
2.98719114455614,0.26278739453320227,10.752610321290286
4.281453830506886,0.9304910327328524,10.706856066209333
5.112855036081879,1.0659067649346892,10.799926637604782
5.44770690902513,1.459057025544508,10.826780094361327
7.323640727791996,1.9239636116394827,10.799574972983994
9.063096432604107,0.46023198158720413,10.964760639167851
3.406594117440585,0.6491102079653494,10.932132964364577
6.170938298335443,1.133149475367812,10.78163113967166
4.8207597827999775,0.9118811931363777,10.77205323103978
5.126572446805249,1.431825533755568,10.785828827668384
8.019814578314865,1.444869709669597,10.991428927502428
4.25775860554608,0.6971051612791488,10.836824254700636
5.881397951415328,0.9810810967348297,10.853179779722248
5.087912092049393,1.5337038145972823,10.81827036126106
4.791544811608509,0.937915917183503,10.793848325768938
3.829529129185555,1.4778604902496324,10.628964826832922
5.842770014570207,1.213466015188086,10.959735569702996
7.001891424087078,0.8179687331447386,10.925871965266767
4.382435237484434,1.4756123946061968,11.009991482224173
4.457683060073967,0.05812722557479576,10.80038142445742
3.4624959354007334,0.8911489697489824,10.788551401364959
7.524718477083439,0.20815334275474648,10.591833461797744
5.903401880052867,1.008973190782167,10.79243871222751
3.378329326634996,1.2427125455729606,10.773680059927246
4.159440423222461,0.937603126063307,10.66706664904107
8.10468949169565,0.17857511689866346,10.827721522895477
4.660608960359128,0.7879282643711849,10.777857696160213
6.759893901775851,1.162160410188954,10.977620416507888
5.196755497589862,1.1410366771142773,11.038045773882109
4.104234827347371,1.106668875586148,10.85056400820311
8.216992863300288,1.3642653306159902,10.734817672474742
5.48094041483459,0.16775076612967582,10.789266942577145
4.505636649495172,0.7969093655876095,10.971485250216531
6.352617441606826,0.6955474953508598,10.902138036219313
6.3591419474396345,1.1915030529055608,11.035401146164519
4.569874263322545,1.1555561786322661,10.696003166742914
6.366462010595167,1.7500296366373842,10.722501350500236
4.408863834760335,1.2935129676703185,10.84234521860064
3.947071409846589,1.4390368642964226,10.885707522170806
3.9832359593430047,1.3537118960961207,10.957798457445065
5.36136766524287,0.44919988290455204,10.691425208186171
5.734357653519558,1.2236038844590547,11.026063749534446
3.971566374703579,1.173866394706258,10.88277746621231
6.2668354534749895,1.407380488776362,10.954328952671638
5.842926586579661,0.14845895306854395,10.705761398268187
4.707085366555724,0.9724188978175419,10.885766411996684
,,
7.921581893249157,0.8591842608421681,10.838945131522344
8.222220943235866,0.8391056414539695,10.625030969464188
6.300098140767413,1.330161039604109,10.715911203008636
4.5137855203643005,0.8620709968106662,10.746131414373238
5.195718295110776,0.9041736951305432,10.781909574387106
6.086011449179376,0.6490155881808987,10.87658826271669
5.198114129815912,1.2866293734137826,10.85899793226318
6.870570292085002,1.47418095382736,10.838485756161393
4.7312844662701306,0.8209420802254552,10.823491433861378
6.495146910210005,1.0709082961698853,10.90884430258042
4.521492539103165,0.39726591957753477,10.780891405097044
4.341256109001063,1.2810608736926516,10.780770274003054
8.035547493804096,0.6014440562805932,10.650207380381564
6.135964206647963,1.3584244483308525,10.686198107796308
7.1383776953603375,1.018269897086845,10.896536662069172
7.162558937795886,1.638987770647781,10.85816816834166
4.7878109702225355,1.0990807994767315,10.788456623296716
3.970034184758956,0.904680774776642,10.841282798940302
5.755719039011963,1.534754637193261,10.806809591739835
6.581476673149301,1.4211943411100145,10.809453436942286
6.974226433622074,1.2734787660461777,10.71379027108076
4.621425003904484,1.6546853088288518,10.80398966827128
6.589488072090199,1.0911415021875468,10.60366783441533
4.3488956450629335,1.5124249133906214,10.792544098698082
5.206785173045363,0.7998231640181064,10.66134523570966
6.881122158324804,0.2185667611856403,10.784160568063204
8.270539843705526,0.7952254101263515,10.61749758059799
5.594215492939312,1.0758699062542485,10.602161456319516
4.678566379598606,1.4916180935645786,10.955633407767277
5.068639789373408,1.4911926172414938,10.528394184106306
5.8931574748019155,0.03234999201834527,10.74790597534624
5.526664380444663,1.1394966507690139,10.680073404420853
6.022299297112003,0.7106332973028967,10.691127612286259
4.031304459529847,1.3834794699336022,11.4453053669631
2.537226528407208,0.9211882046366795,11.441745470106087
1.8371832605377971,0.6574124020879275,11.257470848103255
2.3086082716645335,0.9009090290483923,11.061607371673443
1.8460853509184683,0.8526286154888274,11.449891041506408
2.091173204366183,0.5888771939576923,11.324342891892368
3.4687809303397166,0.49053466951486857,11.129781304129658
1.4662972622831218,0.45660695059160467,11.39312386920979
2.870370552147107,0.7544156421002851,11.330912716412907
4.74530665427522,0.9136324452848696,11.25467800092879
2.9587457057287283,0.7965552055262974,11.134616284395321
3.6332525224735805,1.2629766013377743,11.224149275461139
1.8772873670139794,0.9296257361486219,11.015037889575273
2.2001924019640002,0.472281832415176,10.960489289392697
1.3561470887351825,0.5501914965951724,11.336019749734392
5.145277565424796,1.6128055001056159,11.435555134678143
4.02138226858434,0.9412403055504907,11.194615361461745
3.051286228077235,0.779990514822479,10.95242805548231
2.9168857051721884,1.23376821981099,11.242062959940018
2.9858534832420176,0.8237162053867022,11.208766049653141
2.9137672385191835,0.6379828764148152,11.196947960618498
4.446772672765904,0.5597377964386435,11.021243099613134
2.5209069835624316,0.8557309308462118,11.239837322742849
4.579378822494526,0.5786976501991778,11.035980391257459
3.464193215659659,1.2078792358021315,11.027662256753594
4.299462576261623,0.6535736461596394,11.192945339824822
2.619844304745149,0.6172479639070694,11.219817655460192
3.7943060467172716,0.9256706343788416,11.21708624353798
1.5018858161160034,0.8664690266845131,11.297917127161348
3.508047558958009,0.08184370042084124,10.974197253173902
1.9963540258889758,1.0922424779142992,11.05076941384361
2.6118020700419136,0.19990634702926774,10.95980146478306
2.0443215067254257,0.685222719830419,11.155271430515791
2.0645125888425104,0.604401550213781,11.02498103653251
2.813926054434192,0.07742311224368231,11.192813546285183
1.7511557246550755,0.30865683534876326,11.106221376360018
4.935712494336217,1.4355364010322744,11.197857419376373
4.502588231801973,0.8152498449691123,11.061772038199903
5.07258433287359,1.2567382902060062,11.176377674841856
3.514061341213322,0.6350183695631157,11.205267218044751
5.112126854067424,0.9416547707581522,11.058926280458188
2.064859923142721,0.07754651617282843,11.42980398178919
1.9510267326266386,0.6130475771135976,10.93306773054584
2.6759297962895214,1.2434550062874106,11.031572290873871
2.470169478045827,0.5409408482303424,10.992226957785112
2.8966848585409655,0.5889347615475709,11.13897258425341
4.854386611848676,1.1431455366353014,11.263993560471107
2.704541368627333,0.1970050063624028,11.032450134832876
5.294110254085197,1.1474377504678968,11.197604609697976
2.8053405691919324,0.715801669468192,10.956017644967444
3.0180613571485013,0.7828667933178463,11.103013584227716
2.1765619943700263,0.5921426951846633,11.118759675157445
3.2167362809216855,1.1763863849969,10.871162383920048
5.110924644532615,0.9091367527091998,11.086175555014316
6.62670492120063,0.7033445301953614,11.254814537928572
4.08820061988987,0.9103078106784767,10.988160689882385
2.427994976838407,1.11956337943777,11.058359936739944
2.525059310808626,0.08501570589590332,11.161296141291773
3.504843022896085,1.201180603503825,10.844563198925457
2.0113565866824263,0.6606796408912929,11.178222737566694
6.069049063050808,0.7576584280381893,10.995272292542445
1.7314682550555354,0.923231496780965,11.043817217835853
4.031273391133493,0.6157667571376996,11.054263902439935
1.8258572669884434,0.7086615913694538,11.079363227844773
1.7998218217266377,0.3106602575508026,11.238855268558257
1.628603826743425,0.7931196557119995,10.751450974885197
1.7600643743712505,0.5403867555726575,10.943928344565887
2.7315366707368125,0.764872451365229,11.004851991090007
1.3795223528935168,0.7584342220047192,11.100373257305286
4.029863042464868,0.9579623592495572,11.271166948097097
2.295970762948534,0.21674527231228768,11.233118557670881
1.925627952441786,0.6784507738433617,10.862029724814448
4.555609535139423,0.1189037423897386,10.930561725249774
3.7185522773680213,1.0138922678658386,11.023253961841997
1.406437165292782,0.668237434174,11.077168163734953
3.3004299695395862,0.18453139181587122,11.11007197205013
2.2681824652282025,0.847447905664926,11.076784422865703
5.889242605521062,0.9995393769214312,10.971844103900025
4.77421492124842,1.1970847403194562,11.163533667452835
1.664495241145086,0.8469963620526051,11.124780281632626
5.210097457862886,1.4247112070720978,10.914216751335339
9.275772039095697,0.34941334785259437,11.09087064923527
7.240367138528177,1.5988802806396671,11.108442731165358
4.3104605319581815,1.1593505062109757,11.181811258830141
4.48006935665192,0.901264409701226,11.144087523940057
3.843702839286896,1.0120666414112758,10.937833847758135
2.05625235865958,0.9452199016357651,10.769614382293721
4.110514637293332,0.9301445468244018,11.099630384063065
3.971978029416663,1.1301747439755283,11.006814684916854
5.188253733885566,1.2382051326684456,11.146850640292875
3.658012224880792,1.1586286851125533,10.878227062584736
3.7356141636213023,0.07754346069203148,11.096882036906807
3.1268058168405193,1.0150401322012998,11.00963406282883
6.708395717378396,0.29969690516876646,10.942807837664628
3.9624728295145895,1.4853594325901212,11.122426303818735
5.7109036063425505,0.3738237709529511,10.973805347654816
3.054214670502869,0.9905300348507069,11.181848328369307
6.1933716116005675,1.1692285989450626,10.990975014997876
2.116262486239775,0.7988437957465097,10.96184670876808
6.907543309312001,0.0799113974171677,11.117562384755946
1.8347340578432478,0.1031047825166026,10.917849040570953
3.727844174489776,1.0898353522458943,11.038702423377181
3.6189212490508726,1.1223129267599574,10.943910768979977
6.185881281193111,1.6933385713624332,11.014729200409286
3.569768843579706,0.5756696752766041,11.01367712471504
3.7517257624590306,0.7210714872098251,11.0989343154521
3.8642606232964183,0.7118217762990974,10.986423947445797
5.665904330233933,0.5590993950930846,10.967894702295407
5.028784335391586,0.3284244333135321,10.917906217883097
3.8029674056634106,0.4615497621923371,10.94892676933588
1.8447444439023126,0.12648165690975952,10.908260890374752
3.0570393052770886,0.9681164399449594,10.770718164795142
4.604490149150179,1.2567069511128888,11.074749660048933
5.360560867576221,0.3273674650556732,11.218496145632841
1.6368404844359656,0.4963366361445683,10.824663713017632
3.4769694671638045,1.1897603477250398,10.775821708583711
8.662240545140333,0.4039529116107399,11.052510622082247
4.169206091991003,1.271056249730263,11.041522871671665
3.9024027848939555,0.8934856529567576,10.858527776822918
2.4852321972648648,0.7109804467962211,10.879853586826473
2.783595819565471,1.380706082099759,10.944111921594441
4.618339376383892,0.6275455876309373,11.073833894406564
2.2659623062814296,0.7296986171716935,10.8420860850002
3.022515573006941,1.2512382811388687,11.10302750239634
4.385864984871904,0.2179892837010744,11.044844153025743
7.4919147480840955,1.844099270912393,11.132115765915794
3.332059217889402,0.4654176082426571,10.858744332677652
1.652734468330584,0.5269398222543245,11.019615967746777
2.4329897167492462,0.17242739618149008,10.921807138578352
4.048696032257134,0.5354880801394045,11.117400071388287
3.42456498017672,0.15962929406886112,11.207702313126601
2.7131889229975803,0.08549640641118804,10.838639398678142
3.0400476994821712,1.1024987115848441,10.943050145856077
5.5947141890562495,0.6273204074839408,11.0174558602165
5.7662261850545224,0.8359898847244027,11.198309735739784
1.9810308884261019,0.6090985486571543,10.728519192992396
2.461106086413272,0.09563547947590743,10.6019386961569
2.7452992472674485,1.3003823652223512,11.130006438041987
1.889516867726886,0.8012601358886936,10.938367895639056
2.5255687826245965,0.8656485116273896,10.901511038021948
3.801718702345826,0.9589142433978638,10.949611713980568
3.0379137027851586,0.9604870446773411,11.015282465196771
3.372061024158251,0.9821196272480007,10.841037884282192
2.6324759332771936,0.6859779643547451,11.008377355521016
3.7715050951974898,0.6072643698874968,10.719853475600996
2.419724253222235,0.7358984718123543,11.079545905851994
2.1282213141448825,0.6532825536796825,10.98304047012298
3.3568757103078384,1.1700778845526874,10.942710910108884
5.846422454581646,0.9990928472347125,11.269495264358158
2.20210970751959,0.2917493544507963,10.481557301237187
3.9598717731265545,0.21276924295929212,10.886522975323265
4.133263839799528,0.48599929685941917,10.929141004174813
4.532992781993808,1.101195378417747,11.0056330325795
4.800080585261269,0.9570915689888174,10.958564767439714
3.9179052918022284,1.0920252470471372,11.06147148152036
2.691741233263072,1.0093698414822099,10.722934752262857
2.5997126514929874,0.6949846581849705,10.95660373228469
7.139347475799981,0.2936301672777734,10.674591467438436
4.508864440231557,0.6671467682537772,11.001953711588472
1.6858083050399217,0.9520142395127116,10.844247844339684
4.802918768062605,1.0627779274399458,10.866356017470174
3.1723952324032507,0.2622061223117277,10.92023034633171
5.045614499738661,1.2461611386162783,10.940655642499529
2.506771416400688,1.0451273662186327,10.80379765621555
3.5529294453931684,1.2412507781582023,10.661263659469649
4.116106165327069,0.6649804164641696,11.113480332790042
4.488350907126814,0.8502674575749898,11.02755827838383
2.995323659930675,0.3066943428976845,10.823530524344921
3.897562730923389,0.702598514295871,11.07498786271018
1.6832092984753824,0.1023120592570184,10.761806104437936
5.1376643394843216,0.8556325436859212,10.917272768083487
5.790042348978311,1.235588338762615,11.015320260284206
2.7492574431595926,0.9337040275746376,10.882122961739567
7.148651480563871,0.25519428326563753,10.910176862955193
12.253567371797384,1.4453867407905148,10.708101139212728
4.808059175941095,1.1197701322683495,11.048991246438165
5.348871873506285,0.5760648429794012,11.094502318441076
8.498545224084658,0.5629283710439831,10.711067865701718
4.238040414201011,1.1960592747691763,10.981474746616687
3.7948048231093465,1.4354104878759024,11.074785674908224
4.457041077104456,0.44136846315231,11.136732359659243
2.5818985900940716,0.8154491878018677,10.981218488399897
2.1448665790339,1.1392004918153373,10.937822531729726
4.0656794340095574,0.1547862694465694,11.076829548343646
5.780494358709899,1.2823073469214328,11.180119564240206
5.771845138917694,1.254487719403084,10.957356609641707
6.302365868864815,1.6437516499432072,11.005009254828728
2.530396281686137,0.8945664988477642,10.79759705185763
5.539966090556445,1.4857491064174961,10.951783434779863
2.4735395808482568,0.7415528317069159,10.91890913885886
3.5774304302648705,0.7042138862429496,11.031969526795546
4.400570812833937,0.6820176499558352,10.802492196530824
4.007450074057806,0.6685666118259613,10.895404399811213
7.175118024920544,0.39723857106388355,10.848763029111156
5.4962935338108645,0.47626768282458015,10.965118676407107
2.1590475964598617,0.48590988497935417,10.876361850551296
4.620095819591353,0.6763231533011635,10.800010181944334
6.006273859033767,1.8304659189304093,11.111836706954417
4.7164594311638846,0.8739351413467059,11.089501254597051
3.9187811074929884,0.05825234498640932,10.849108265311848
4.2883531190559,0.5474621051382261,10.978399942391587
3.888910849958278,0.72769610089835,10.821156089234425
3.871236408071171,1.214594983492676,10.898801903381422
1.813819354539415,0.5787631802009069,10.857094307240462
5.260666052881427,0.2348981742309859,11.164514964295428
6.879622261200716,0.6244491282125214,10.948092991506762
4.628765824627894,0.8987255678525433,11.0438805567779
5.108486322870264,0.39542701631162624,10.903495675357682
4.44920267177381,1.476673549817586,11.104289123646282
4.503165681408928,0.05925903635144729,11.113844165346757
5.171793192421523,0.4089746448832527,10.843656754230103
8.098313537585,0.6091859964717677,10.881316293178818
3.6552883751251732,0.4493592950429931,10.88244700702662
8.119925554849393,0.7420723623794105,11.012186763565245
3.8129541593234317,0.7613869036083659,10.819811932760832
4.955057726070114,1.1449661931037902,10.938654306430841
5.168895882397844,1.1439438131103656,10.894014390250181
5.109686212200957,1.1639339003797275,11.196058876990216
2.5090406787334962,0.8057273322461876,10.829284210750126
2.4102522095843635,0.7254588734276616,10.729494688206882
1.566368601155558,0.915395496754029,10.81436654876358
3.643941203595432,0.32191141346601226,10.718853824217442
4.99074058379427,1.13250195870659,10.831797323601872
4.112935421329724,0.8560995794487193,11.135157714879961
6.1655154752008,0.5722936138605402,11.05232710036765
4.2885294646686605,0.41161693324482196,10.72670124269605
2.75862431878153,0.5066571203338313,10.907567607495913
1.8316793649755505,0.18126997136081618,10.721505680691475
4.841062310217121,1.0888573401022448,10.922109309512905
2.8213527278697255,1.0376970850275227,10.82250400478165
2.944758318300205,1.1640741792749447,11.05456546173586
2.8611807352543757,1.1856276660516143,10.905128610134744
4.618493983468626,1.4784132456457648,10.84949262001998
5.265528337860027,0.8959596040089656,10.882967901936189
3.8458373323172794,0.8583467416419377,11.137051891977746
3.3213617137900573,1.306024418044224,10.992495281797671
5.9751092488295106,0.06789687457861414,10.864148002549499
4.700313348190664,0.723197733764267,10.997359524114575
3.3763359690728842,1.0898189886886762,10.882076603569022
4.534059171472405,0.5413367531088911,10.792561452787664
4.152976407822993,0.7136627026573844,10.775396151706246
5.212474027486508,0.727501162529285,10.875567611075912
4.2987225511347145,0.635730100109504,10.740178203716416
5.092482888397621,0.8147179600215028,10.938585921029569
3.578312924578191,0.7289127039092098,10.848842682356716
3.8670685604721213,0.9938306939681062,11.039810073168857
6.120585280046575,0.5105889989243015,10.845646498496704
2.307094583698667,0.6891350073486646,11.082871780310136
3.685569651051658,0.8899183248421648,10.727930320835096
2.6904710974061103,0.7187240762439183,10.931493026985658
8.07680655264721,0.1103856333106105,10.891634668904487
2.265003872495007,0.07505981248645933,10.978360638148994
4.791602273577081,0.9379515548218922,10.794221212573042
3.4737280228486513,1.0323044399157724,10.94689703857579
5.264482545722396,1.252210177100535,10.902796487254482
5.68532220192994,1.0064503644194998,11.089726289403174
4.9488977972060475,1.3493124446906517,10.844439197770088
2.0284814016872765,0.5687357847780263,10.714180275515002
1.8114180974974936,0.8843455942434733,10.919741754488369
6.475535477937605,1.0869990897403718,10.991076238167997
4.626699951501764,1.3578100238673663,11.03914565101244
6.680245368296179,0.6946782557403024,10.688510819129684
3.813288783098743,1.2505208395804683,10.801640216901875
2.8687867815768846,0.9783034672654122,10.829521957026644
5.179061021027737,1.127900274021678,10.917044129610309
5.631402799855787,0.9598107127916824,10.924512215501235
4.284872800580031,1.4789799665170589,11.068428841817223
5.305524085848454,1.3804126793316314,10.943222479740163
5.969360921788317,0.5616744287251847,10.93531713118194
6.642084558611871,0.9157095721959311,11.042638849787991
5.089585218138857,0.5832897008468048,10.588613159013125
3.3947279846764595,1.2726883458469356,11.148587720553133
6.232301240248145,1.2240817345524118,10.940126886548905
4.676001440470838,0.6901976828706188,10.88486227979483
3.0231906583247836,0.4791744524969859,10.700691574581137
6.962255025597419,1.208526980451448,11.062726136482704
7.023616777653363,0.4744063536993079,10.781514392680316
4.004234115773284,0.6836731628020026,10.74290798604323
4.129018427582917,0.8118562288601305,10.83172885871536
3.332006306375606,1.0279362291550116,11.005751293733788
4.4900111752814365,1.6106958058886367,11.01881297009933
3.085599554444382,1.02617214761414,10.909102307954779
5.9925025335610655,0.7152829655034824,10.95366549295813
3.7975034088802553,0.9619611346116695,10.742926759439593
4.023471459557912,0.1263245850790118,10.981532864255627
6.621143066570813,0.953452893840507,10.944014715191296
4.715899524347013,0.9425655791622805,10.844235288152449
3.317873614676493,0.7409742780691757,10.9625314418478
9.443834045299749,1.557463255255652,10.950117905057052
8.706843406627998,0.5840299349402857,10.738066699316999
6.76269771079402,0.2805222008485715,10.626759536782298
6.718529277449471,0.39865901067595994,10.754593464679246
7.765050701589232,1.0866532599780652,10.864135132678545
3.4807918328128293,0.5288280179760337,10.955737322800797
4.377760056830786,0.45827933459589054,10.795126172052326
4.058994513574737,0.9408786206615564,10.86439380644027
5.371664864199696,1.1672363762807192,10.861641858249158
3.8276042816277522,1.2356179062077977,10.921051633039566
7.209295357171707,1.6621916081393107,10.647519496145842
3.077889673179851,0.9599569718862946,10.862166198779612
5.95398162665258,0.32406889675765627,10.873000852152174
4.640379224206098,1.265150500256306,10.746536714031532
3.9832992771707167,0.9261668964986364,10.808390158674158
5.1841153238640025,1.1515065225735037,11.018298323322599
5.7582391664120856,0.6683628794333939,10.86194017075749
6.826251060791232,1.3417536828881875,10.847004118332455
7.601181624416166,0.5426099053473993,10.866230864464761
7.819045501503693,0.13130536169822773,10.784810304207745
5.055214389761493,0.8629954760120029,10.799297545127363
5.830476148674268,0.7410787395035016,11.093496799335709
7.573729535393204,0.19352579200883635,10.796556773248051
3.793302993687989,1.5482646676908565,10.849405669517617
4.02721349382252,1.181908410653534,11.078231164832003
6.142164348485921,0.7231336297852241,10.727251544498259
3.183766383944378,0.2773333333913574,10.893950644433364
3.9387080469155813,1.4017624364534635,11.07290316731807
6.175129519362177,1.0065041708380982,10.84056903393268
6.29325112131424,0.9635049485851477,10.535791673012168
3.0496525565207304,1.04340343875535,10.908958247153699
4.196648555889191,1.3380581210891822,11.056651143139796
4.551496121060245,0.9448353315926715,11.11173921518245
6.013965000250306,0.8417648858129769,10.993225975485542
4.070708426988669,0.6208090724979008,10.839476961709726
4.036047155281558,1.3960674582867894,10.874432194743477
5.112155985347685,1.0654702016211948,10.799926637604782
2.9871911447196706,0.2627873944327753,10.752610321290286
4.281441638471931,0.9304801906406266,10.706856066209333
4.457683058663923,0.0581272227084751,10.800481073926717
6.165844849384417,1.1314594467252423,10.7819597384726
7.229535346873394,1.9102967322913498,10.799574972983994
2.5675365334422504,1.0309264790986432,10.949493064956599
3.4065941168124114,0.6491102041487007,10.932132964364577
5.437426081775185,1.4564936508109563,10.826954693502831
4.820647316259801,0.9118051595577412,10.77213554293195
4.257758708550374,0.6971049541606101,10.836824254700636
9.061753109419193,0.4591516364753065,10.964763131229146
5.12020601285253,1.4299262345281256,10.785828827668384
5.0808869491362625,1.531500015416935,10.81827036126106
7.939959368736581,1.430288552122059,10.991746376481213
3.82811586207889,1.4773508521388663,10.628964826832922
5.836558967528796,1.2107247365437142,10.959735569702996
6.211733642779537,0.9825403474132381,10.969769009597872
7.000331536479376,0.8156574618706228,10.925922933463049
3.4624957723488397,0.8911488374871088,10.788553500970286
4.380639631155371,1.4749941798029291,11.010353598344684
7.524718345776617,0.208153304016222,10.591839122752535
3.378368918603425,1.2427356762717707,10.77385636851209
8.1046880614974,0.1785767680759727,10.827721522895477
4.104214463172934,1.1066565363906957,10.850685335493244
6.515958535953731,1.3338923013087887,10.909140662592058
6.090408204444057,1.1500146090910688,10.98888956526909
4.159427717850372,0.9375904857523639,10.667090531919637
4.60513511193631,1.349271560291771,10.792642631194669
4.660607440415506,0.7879239521688058,10.77786327919879
5.194576107653493,1.1401514730908955,11.038045773882109
6.7453532241940035,1.1566479762328135,10.977627910211684
5.480940384698978,0.16775086595503508,10.789266942577145
4.505636120723251,0.796905942927228,10.971485250216531
8.12362268894783,1.348342651887488,10.734827325025318
6.352517012295023,0.695343916163626,10.902227420657573
6.2174851827544515,0.8684034720418043,11.02768127143511
3.9460902779958427,1.438616047051405,10.885707522170806
4.569340051633586,1.1552661431887083,10.696003166742914
6.331161568982783,1.7434759152593322,10.72250180184123
6.346818384236519,1.1872208718198443,11.035401146164519
3.982438788011641,1.3533907791536075,10.957798457445065
5.361383137634155,0.44919352202058577,10.691425208186171
4.407934269565034,1.2931401195083934,10.842486370249667
5.729073299527798,1.2219988886319058,11.026523861631865
3.9714074014279785,1.1737722899178678,10.88277746621231
5.842926558457203,0.14845899654218633,10.705761398268187
4.706929693137074,0.9723347797228891,10.885766411996684
,,
4.005705527311036,1.42544661042304,10.850492655665388
8.20285278967936,0.8321163340692037,10.625101668865144
4.5137598115308,0.8620563962141834,10.746141766481168
6.283597395791722,1.3249441674858395,10.715911203008636
6.438422612579745,0.9371200672841624,10.810758152523881
6.085964140912263,0.6489743754923027,10.87658826271669
4.6642014228796675,1.3017773404301651,10.704934702340354
4.731275371522045,0.820933724201539,10.823491433861378
5.194778773517044,1.2852747429644114,10.85899793226318
4.521492714427303,0.39726573769596923,10.780897098969247
7.764417453805233,1.8232925602537118,10.624864082509605
5.511276317193158,0.9072572433213603,10.825969761457683
4.7874277809502965,1.09877475865375,10.788456623296716
3.9700292809347393,0.9046777088156541,10.841282798940302
6.118424762168884,1.3539826236566883,10.686203105313044
7.124852785791002,1.0087574103269894,10.896660322907303
8.03629745316745,0.5988301867125787,10.650207380381564
7.109484053214355,1.6293178321014523,10.85816816834166
5.738532380724634,1.5299219456571111,10.806810753201374
6.949352673090356,1.2663034780777176,10.713826787575066
6.552118594120045,1.4146052371367197,10.809453436942286
5.711228924160413,1.6960322028427646,10.878895834743082
4.615004745794906,1.6528575083137502,10.804021360989623
4.838235495177915,1.1157359416233068,10.767421771452153
6.244985231781112,1.402220278584464,10.954347955692695
6.582491817324858,1.0854913971526627,10.603691877371093
4.346109684253852,1.511450019020125,10.792544098698082
5.20679683663345,0.799813709722792,10.66134523570966
6.8811242412288465,0.21856267805272414,10.78447886733852
5.593758630089449,1.0756582440772173,10.60272414527607
8.257947256141104,0.782398620045565,10.617825479081164
4.673986442941706,1.4901778175127736,10.95590121060413
5.063497323525663,1.489635110299318,10.528714471598285
5.893157474451496,0.032349991050629925,10.74790597534624
5.672089809169962,1.4230662565085157,10.759462063776345
5.524027864963327,1.1385704075624394,10.68047878294606
3.884502302952935,1.068609920004256,10.863035312509094
4.030639757301514,1.3832349131421409,11.445462491895928
2.5372269005187924,0.9211886315938074,11.441823282113738
1.8371832600936344,0.6574124024023343,11.257523110841806
2.298356608376884,0.5650422620239726,11.444401647469636
2.3086083017035626,0.9009090654907463,11.061687194314361
2.091173204283528,0.5888771945073763,11.324394131513436
3.4687809763379556,0.49053460965824824,11.130524799599518
4.228539120736762,0.49617554458464314,11.425099770802497
2.870370608068629,0.7544157653162737,11.331167590284585
4.745357163512155,0.9136841965569561,11.254766407301599
2.9587457147635594,0.7965552336038904,11.134660157800315
3.63270899892713,1.2626618520108805,11.224190272260916
1.8772873720310512,0.929625742912101,11.015168193405353
2.200192401731112,0.47228183187869743,10.960671899166881
1.3561470885127165,0.5501914960002035,11.33622636026548
5.122658725562126,1.607108568317503,11.435557982340864
3.051286252856419,0.7799905760122682,10.95252088953779
2.9168734712356525,1.2337604927557941,11.242062959940018
2.9858536503416384,0.8237163527941214,11.208866043562443
4.446772702588446,0.5597378169084368,11.021334370124702
2.913767238779418,0.6379828753666424,11.196950875483783
2.5209069890072646,0.8557309357217194,11.239856684456626
4.579378873941911,0.5786975374121229,11.03600134083747
3.4643109663438527,1.207965610382852,11.027920838261526
4.299463997433749,0.6535749814189219,11.193146934722547
2.619844304101357,0.6172479629824623,11.21981791851904
3.7945153294000904,0.9258108103160327,11.217843618070228
1.5018858171724132,0.8664690287069671,11.297931707456062
3.508047558861947,0.081843700322025,10.974198736083954
2.611802069973174,0.19990634717610595,10.960604225713636
1.9963540601446599,1.0922425116941565,11.050799837208126
4.021388392435797,0.9412461426383874,11.194685568228543
2.044321507160533,0.6852227211687002,11.155357907650679
2.0645125885992015,0.604401550051424,11.02515990793567
2.8139260544343756,0.07742311224411769,11.192818206616034
1.7511557245388112,0.30865683533926563,11.10624283493963
4.502607271442575,0.8152732806667247,11.062034438963558
4.931608047220002,1.4333463112059972,11.197857419376373
5.070689230667989,1.2558151704598932,11.176380369190035
5.1121180046819275,0.9416468330270259,11.059091097309972
3.514061358365743,0.6350183910002073,11.205477017184457
2.0648599232320946,0.07754651630111752,11.429822107114386
2.6759647277941583,1.243480193773717,11.031858196094847
2.8966848578732085,0.588934761555477,11.13898048801559
4.189478940110515,1.3300937457047348,11.050522527277241
4.85367391512235,1.1428238820651277,11.263994366548623
2.704541368620572,0.19700500649970204,11.032453686972685
2.8053405672249814,0.7158016695805748,10.956353664472328
3.0180617416197992,0.7828673925767008,11.103709723820344
3.2167237651069023,1.1763780605135457,10.871173024516736
2.1765619935159517,0.5921426945911895,11.118778464783077
5.110733279967154,0.9090385393881387,11.08617658632411
6.626442958037328,0.702895697994758,11.254839411079576
4.0882128119826415,0.9103179084539269,10.988241248816678
2.428004139240559,1.1195713402434393,11.058794968410314
2.5250598947134417,0.08501567957442654,11.161296141291773
2.011356586713332,0.660679639961211,11.178226462955505
6.068970640485293,0.7575192427460042,10.995272292542445
1.7314682565914958,0.9232314986670966,11.043941279936575
4.031273632082723,0.6157669840304896,11.054266623370015
5.162871093491737,0.8289743099446951,11.163106362906346
1.7600643742551279,0.5403867551684385,10.943928344565887
1.7998218217626236,0.31066025756121485,11.23889890989495
2.7315366721329126,0.7648724526338185,11.004851991090007
1.8258572674809497,0.7086615932759456,11.079363227844773
1.3795223521038895,0.7584342218668798,11.100378222209724
1.628603827043422,0.7931196557993443,10.75158240465887
2.295970763171432,0.21674527177352718,11.233542237844988
4.029853478949164,0.957952974465341,11.271169230391765
3.3720597899804403,0.9821187421930222,10.841037884282192
3.0747144460718694,0.9209157440493155,11.289077144409665
1.9256279525092743,0.6784507738268865,10.862039115197367
4.555609420367852,0.11890157591092172,10.930574256208583
3.718551274831677,1.0138915068016763,11.02329278299814
1.4064371658052175,0.6682374349342872,11.077168163734953
2.12497724330754,0.982954185072644,11.006059290105174
2.268182555488009,0.8474480314579618,11.077374923061894
4.774304911223921,1.1971294121352463,11.164077954495642
5.888230273793104,0.9990874586366585,10.97205979924948
5.205330951142901,1.423034899009437,10.914314028314749
5.138624864237274,0.1383915977333915,10.80906391420024
1.6644952418216692,0.8469963620742509,11.12494165032009
4.310984668975192,1.159576444337747,11.182249962195606
7.1635424023636824,1.5856212510975172,11.108510140904343
4.890309954210819,1.1139428040659158,11.064671633056784
2.056252362715773,0.9452199048229123,10.76961464865413
3.9719186079737248,1.1301312052718668,11.006814954246337
3.657982432220594,1.1586020424874017,10.8782273982311
5.1846594678337,1.2369236033621585,11.146853517039702
3.7356141616871565,0.07754345360550297,11.096932761941927
6.708403976404252,0.2996918436104306,10.943414154940392
3.126807665092273,1.0150419802206123,11.009698587933986
5.710901601945948,0.37382871782195615,10.973909385369502
3.574968051876421,0.8312359615462058,11.12729904193222
2.116262487078244,0.7988437979423043,10.961869193772904
6.1881495001772056,1.1654678924990307,10.990994569731011
6.907541714074256,0.07991327010814306,11.117594233187468
3.5409022625449387,0.8567204990854199,11.138121358648446
1.834734057838053,0.10310478251611971,10.91785092372216
3.728085807882768,1.0899784558872365,11.03916184635566
3.618877538848528,1.1222893110057792,10.943911243906207
3.569768799030182,0.5756697245005832,11.014481964288262
3.8642606286291348,0.7118217791251786,10.98642763044572
5.02878435341726,0.3284244192496977,10.9179360613995
3.802967403718507,0.46154972307433834,10.948927670915966
6.167312135587973,1.6889338090990436,11.015217811269721
3.057039640845806,0.9681167251692103,10.770755397470467
1.8447444438994738,0.12648165692285115,10.908262159596125
1.63684048474477,0.49633663713893694,10.824675682454906
5.360560824541672,0.32736750734388803,11.218800611372496
8.662401912587526,0.4041724061490549,11.052838198800842
4.539912209138515,0.9824962316797138,11.033707140197828
2.7835592147499204,1.3806831572338958,10.944114389980147
4.168872019515825,1.2708720587573075,11.041610055289764
2.4852321977656424,0.7109804478499838,10.879854802074284
3.9024013184435384,0.8934844046060242,10.858527776822918
4.385864985937698,0.21798928645101162,11.044844153025743
2.2659623037689043,0.7296986126501913,10.8420860850002
3.0225083074999564,1.251234102612321,11.103045216704384
7.382203013349335,1.8274892056188827,11.132116236847656
1.6527344679465803,0.5269398222395855,11.019616050766398
3.3320592166589065,0.46541762040526446,10.858777890007216
2.4329897167462184,0.17242739614309346,10.921872952154066
3.42456498003572,0.15962929438618756,11.207772575036529
3.4800917247216394,1.0878497934523073,10.961501696385968
2.713188923028883,0.08549640639065763,10.838644816170003
5.766234212174519,0.8359943595275013,11.198518139415087
3.0400488164572237,1.1024994343120762,10.943080677017285
5.594714266210141,0.6273205100257173,11.017466157388137
1.9810308882211256,0.6090985483907093,10.728519192992396
2.7453640114042988,1.3004316851777324,11.13040481710655
2.461106086404367,0.09563547965573276,10.6019386961569
1.8895168698298332,0.8012601386265006,10.938537126309228
3.8017543101751454,0.9589664970463396,10.950094669447349
3.037913675182056,0.9604870203231106,11.015285893171
2.632475932736409,0.6859779642006407,11.008377355521016
3.7715051275132354,0.6072644111992387,10.72021897940195
4.751321139634281,1.1965956348741906,10.954739986451052
2.419724252202069,0.7358984705189947,11.079545905851994
2.128221313068512,0.6532825523950666,10.983056541333392
3.356861431550018,1.1700660146041602,10.942710910108884
3.959871773908237,0.21276924123888571,10.886531823627756
2.2021097075375833,0.29174935436111116,10.481590925153458
4.133263837128698,0.4859991969667167,10.929141160877332
4.5334337024456435,1.1014057554613392,11.006136193700916
4.800311225527821,0.9572336050909399,10.958852273051733
3.917855284417596,1.0919936151487624,11.06147148152036
2.59971265080918,0.6949846587192274,10.956640785505009
7.139347571446333,0.29363436484047917,10.674591467438436
2.691741233415398,1.0093698374796518,10.722936013667265
5.845252231358232,0.9979647797213094,11.269500840565895
4.508864450845859,0.6671480202793445,11.002046341430251
1.685808306215871,0.9520142414743248,10.844283651875614
5.0434024949333,1.245110854200423,10.940655642499529
3.553165120016223,1.241396927570482,10.66204953315284
4.344655850840146,0.04754515649526613,11.047928578356762
2.506771398941211,1.0451273420193357,10.80379765621555
2.9953236601989586,0.3066943425690575,10.823533905948729
3.897517736689061,0.7025813490927684,11.07498786271018
1.6832092984759008,0.10231205925265306,10.761817591783588
5.289828270481221,1.256484069857286,10.873668231030933
5.137606633164208,0.8555966412364246,10.917304307134152
2.7492574444624815,0.9337040282744927,10.88212349674674
5.782487616331184,1.227168047104025,11.015367876451718
7.148651478722585,0.2551942853388043,10.91057694489163
11.640450075324408,1.3834988890461108,10.708102122148013
2.530396288566517,0.8945665050060321,10.79759705185763
4.807316151283032,1.1193486456485384,11.0489954461103
4.237761166266417,1.1958583745719984,10.981474746616687
8.49699056856146,0.5615594594024355,10.711067865701718
3.7942552033187975,1.4350873011531409,11.074793422594556
4.457040918522425,0.4413687182677329,11.136732359659243
2.5818986337122065,0.8154492511765936,10.981357613246486
4.065679434019643,0.15478626955689698,11.076878464970784
2.144866865175134,1.1392007928705368,10.93785206325307
5.772803868173365,1.280006581792604,11.180213752284974
5.529515747347626,1.48291348228558,10.951785091114045
2.473539580746324,0.7415528316010074,10.918909138858858
3.577430433342517,0.704213890769376,11.03198557362115
1.832663560343837,0.8351668318033042,10.845030026335637
4.400571100358587,0.6820173509763441,10.802497727123805
7.17511771571439,0.39723872357788714,10.848763029111156
5.496291865209525,0.4762700686941028,10.96520191872519
2.1590475970276084,0.4859098849977118,10.876361850551296
4.620092713724972,0.676330468007689,10.800139155732154
7.3581687570776575,1.0213099165230701,10.93258778766137
4.446671011621711,1.475569250620347,11.104289123646282
4.503165350643697,0.059258582153530144,11.113844165346757
5.976785944581826,1.8244998153667968,11.11192183414077
4.716429391441183,0.8739123550907886,11.08950512947095
3.9187811072635537,0.05825234430296783,10.849140160233794
3.888911029824439,0.7276963837717473,10.821187397329401
1.8138193546718362,0.5787631802943607,10.857094307240462
5.260666719452746,0.2348979063906847,11.164517510497774
5.108486388510434,0.39542695019130014,10.9035507132008
6.879544516777989,0.6243160114979577,10.948092991506762
4.628747871831841,0.898711579252287,11.0438805567779
5.006184931071315,0.7940827565734647,11.026377311434237
7.73980101677119,1.0739930665486856,10.864138905947996
6.110369727344367,0.08933302473056866,10.723329143746213
5.171797418028967,0.4089715606373564,10.843665115790149
3.65528837625313,0.4493592948449402,10.88244700702662
8.0970675677841,0.6079841304143055,10.881316293178818
5.129763108242073,1.3844966359179092,10.968879662392132
8.116570586219563,0.7371272590303839,11.01234859833465
3.8129541501538964,0.7613868901549271,10.819811932760832
4.175029988932799,0.917345999714479,10.90202979847948
4.95405575347314,1.144464771261923,10.938654306430841
5.166997714817382,1.1431318127639272,10.894014390250181
2.944752667922622,1.1640705826932236,11.05456567311955
2.5090407054530472,0.8057273592267176,10.829467519678316
3.643941203474811,0.32191141325573347,10.718853824217442
2.4102522102212185,0.7254588749835144,10.729494688206882
1.566368601813972,0.9153954979879361,10.814413999445488
6.762697694363654,0.28052223779838037,10.626784002918352
4.9899841901653375,1.1321646071342164,10.831886960219988
5.97510924442892,0.06789686545061369,10.864148002549499
4.112943369881426,0.8561074510801981,11.135311030305923
2.7586243176348164,0.5066571202362938,10.907567607495913
4.288529464259786,0.41161693359073226,10.72670124269605
1.831679364985214,0.18126997143962875,10.721509084509373
6.165512910669416,0.5722901960328102,11.05232710036765
2.9471005865727204,1.1722036500989421,10.961101739518604
4.304078849149355,0.8247385878038016,11.031182998221322
4.108291496233317,1.018028448611343,11.133608864594
2.821352618518171,1.037696995163351,10.822509217632179
2.861177390822518,1.18562494272843,10.905130539662592
1.9308142333219556,1.0646606781791377,10.699697358541906
5.265317278955442,0.8958281927777958,10.882987927870925
4.534059198216238,0.5413366284010518,10.792561452787664
3.3213105761151462,1.3059970095839646,10.992522815069899
3.8458391359086086,0.8583486244548745,11.137051891977746
3.376331268464121,1.0898154690634738,10.882089143653682
4.700313042046898,0.7231974526971983,10.997373485396736
4.15297642666024,0.7136627042473113,10.775396405014199
3.5783129130314526,0.7289127119885866,10.848842682356716
2.690471097565234,0.71872407595499,10.931493026985658
3.685569285945939,0.8899178130125752,10.727930320835096
5.092450452787042,0.8147002734579418,10.938585921029569
3.8670587925669864,0.9938230872851292,11.039810073168857
4.298722529971672,0.6357300860606868,10.740178203716416
6.12058520228764,0.5105888443936679,10.845646498496704
2.3070945831811955,0.6891350071089921,11.082871780310136
2.265003872494904,0.0750598124847921,10.978360638148994
5.641680674237625,0.6909200990523586,10.95281017694563
3.4737297381400296,1.0323057503948372,10.946948102059693
5.262003309162929,1.2496567109545753,10.902948943217247
5.684037415670307,1.0055974976259718,11.08972987579532
8.076806461708069,0.11038568828133351,10.89165000564472
4.947000933709163,1.3469389178282698,10.844439197770088
4.111885070798611,0.7579479702783949,10.918320581545975
1.8114180974840617,0.8843455938354414,10.91975181506218
6.467445062283717,1.083984447033109,10.991108945401447
4.624884537457366,1.357100209473668,11.03922429110304
2.538143438980001,1.0551787430990056,10.95308854635361
3.8131310610498748,1.2504296091383234,10.801640216901875
6.680088952561764,0.6945940847291714,10.688642761547158
4.598082250265685,0.6815604526465925,10.860384690055724
2.8687867480270213,0.9783034342150705,10.829521957026644
5.630910530094238,0.9594444315021755,10.924684900649767
5.2990755421896445,1.378421029137315,10.943262201426279
5.9693878907503,0.5616586702976849,10.935380228863092
6.639454812758933,0.9147137500615483,11.042987556334156
5.089585072498546,0.5832909220777329,10.588616701847036
4.676001493806811,0.6901972791354456,10.88486227979483
6.2219779640235,1.2207466634559583,10.94014649306594
6.9403641603661175,1.2028129049832936,11.062749388177348
4.004238099734735,0.6836759154659305,10.74290798604323
7.023560883611934,0.47438296594911916,10.781514392680316
3.3320046929805365,1.0279348678685905,11.005751293733788
5.992500932291999,0.715281865106372,10.95387491829588
3.085599033326981,1.0261717443617635,10.909102307954779
4.129018131581866,0.8118547734637271,10.83172885871536
4.485142715175942,1.6092275212655285,11.018859152355077
3.0231906585402,0.4791744528554857,10.700691574581137
3.7974997927648464,0.9619576600575449,10.742926759439593
4.023471460170573,0.12632458229496807,10.981532864255627
6.616674522388446,0.9517984394017918,10.944042502447491
4.715876838957588,0.9425466571361938,10.844320604838835
3.3178736193061753,0.7409742807337996,10.962532992606096
9.266303968309522,1.5339613306243225,10.950379588841582
8.70512136380656,0.5801963948966289,10.73811910958828
4.377760060730231,0.45827933120713593,10.795126172052326
6.718543217178683,0.3986796071589176,10.754611363492652
3.4807918254925014,0.5288279969208168,10.955737322800797
4.05898388786931,0.9408718514886691,10.86439380644027
5.369757005016726,1.1663493496914608,10.861641858249158
3.8274116543611676,1.2355134683738245,10.921051633039566
2.84338120203927,0.9019539837885644,11.031521409904952
4.638678387180927,1.2644459262126346,10.746540406443737
7.146894238575171,1.651140272183555,10.647629362162098
5.953981708089195,0.3240688438172761,10.873000852152174
3.077889633720308,0.9599567998087456,10.862166198779612
3.983294532106454,0.9261633451859647,10.808391137456884
5.182604285569927,1.1508888003166362,11.018408121887054
6.8081325725477475,1.336991929080539,10.847482964777702
7.57373325330991,0.19352613398083468,10.796785852743104
5.7582304536090545,0.6683512914527495,10.86194079733842
7.819045502750447,0.13130530312649916,10.784838081487665
5.055156635924142,0.8629484627100361,10.799297545127363
6.225435944816336,1.3975406561949744,10.954355099712878
3.7922133100684037,1.5478423427658958,10.849405669517617
4.026970426245791,1.1817848772361104,11.078234106137371
3.1837663834436274,0.2773333337803649,10.893976468893499
6.14206502942273,0.7230781421616068,10.727261153553133
6.17328739299447,1.0047056704114543,10.840703254087769
6.292074904588852,0.9622365437460324,10.536041413158253
4.781358072362099,0.5772029113885454,10.975393582449577
3.049651968241027,1.0434029030457825,10.908958247153699
4.551453506004799,0.9447939148160482,11.11173921518245
6.758855720762783,0.6039394681951116,10.661054779469143
6.013349508759766,0.8414468540240494,10.993231233467453
4.035165555901513,1.3956904319681565,10.874432194743477
5.111531417575678,1.0650763432494805,10.799926637604782
2.987191144447449,0.26278739477350854,10.752610321290286
6.844518780430577,0.8688709301157895,10.920416632560329
2.5675364740681297,1.0309264353412373,10.949493064956599
3.4624956407760905,0.8911487280134714,10.788553500970286
7.145493139281653,1.8977964521173836,10.799574972983994
6.159884514773539,1.129459271354152,10.782175895078877
3.406594115608051,0.649110202975457,10.932132964364577
4.8205556497397115,0.9117429599438117,10.772145166117129
5.4281319098033745,1.454128248524591,10.827042942783956
4.2814311958591915,0.9304708465591233,10.706856066209333
4.257758797198844,0.6971047674415916,10.836824254700636
5.1142809974096695,1.4281244804409075,10.785828827668384
9.060801241128857,0.4582919180961592,10.964763131229146
5.074632251089823,1.5295203527811834,10.81827036126106
3.8268138679849804,1.476880207672513,10.628964826832922
5.830963568836223,1.2082148347405592,10.959735569702996
6.9991558467584385,0.8137889181412821,10.925989549755176
4.378888170616386,1.4743888311766153,11.010569791620696
4.4576830571741,0.058127219610545,10.800573534480726
7.5247138779829665,0.20815287776911404,10.591842917937212
3.37839556593797,1.242751280647871,10.774002069238689
3.782817477817645,0.9967621377839797,10.85265012888018
8.10468960060192,0.17857499122830722,10.827721522895477
4.159416869077107,0.9375796381002748,10.667090531919637
4.104141860318151,1.1066123909869605,10.850771183741674
4.660606134720292,0.7879201003059549,10.777865373426936
6.084947142264122,1.1476442798720985,10.988980382804538
6.732489563553311,1.1515985573427778,10.977632328066905
5.192611244498121,1.1393485040244133,11.038045773882109
4.602985311255447,1.3484743054403352,10.792642631194669
4.5056357297269924,0.7969030983464181,10.971485250216531
5.48094035858431,0.16775095413894295,10.789266942577145
6.3524417616926225,0.6951577823692356,10.902239661943282
6.200880678222867,0.24060140559022927,10.970497554807936
8.043699200343367,1.3342430139350243,10.734832537248332
3.9451866889724494,1.4382269010849307,10.885707522170806
4.568862688992234,1.1550053508526346,10.696004317047356
6.298058507329096,1.7371747807797566,10.722502104429687
3.9817096195464683,1.353096126932532,10.957798457445065
6.335818961830261,1.183332532079061,11.035401146164519
4.406824971126188,1.2926932983597375,10.842533267934948
5.361382915149239,0.449193897683721,10.691425208186171
5.724712841700256,1.2206629787621632,11.026808656332618
3.9712649987960438,1.1736876423919849,10.88277746621231
5.84292599869282,0.1484598673827832,10.705761398268187
,,
4.513740858829291,0.8620455455522151,10.746146900732734
8.186609978227018,0.8260573078526651,10.625103190092108
6.268740434522513,1.3201596414158887,10.715911203008636
4.706794560393773,0.9722614290014185,10.885766966211358
6.085927792501295,0.6489440152125384,10.87658826271669
4.662838603134287,1.3010603932444504,10.704934702340354
4.731267796257925,0.8209267132876298,10.823491433861378
4.521492878716736,0.3972655656147711,10.780901018756062
5.191736451982151,1.2840263318484482,10.85899819827048
5.620813890147302,1.571794879414824,10.867365036987932
4.339609729023805,1.2803203836506627,10.780770274003054
6.336132537069235,1.82036080230724,10.733660022162336
4.9310721295156785,1.0802546990207134,10.817077447056944
6.426613804700352,1.397351886928461,10.777669777293418
7.660921932476549,1.8080458756758597,10.624891850301884
4.787085317501453,1.0984981278145207,10.788456623296716
6.102501496983442,1.3498998949127208,10.6862067339704
3.970025173362382,0.9046751260347607,10.841282798940302
8.037018337258,0.596645880809212,10.650207380381564
5.5111210529856445,0.9071548860627481,10.826214254284578
7.061623833479411,1.6203846803358941,10.85816816834166
5.722842801152054,1.5254498323529604,10.806810753201374
6.9273615144288385,1.2597762740768692,10.713865219220935
6.525842405807015,1.4086324542299136,10.809453436942286
6.0517525972230555,1.4414846994996353,10.901407392380598
4.608993139528667,1.651136299258874,10.804026802129282
4.838423341832062,1.1158147258432547,10.767723330594162
5.521943493433064,1.1378333162419543,10.680683839385816
4.34353151553176,1.5105432602590956,10.792544098698082
5.206731428774855,0.7997727550286835,10.66134523570966
6.881126061848194,0.21855910932499922,10.78458091279499
4.6700328475104085,1.488928442732262,10.95601546348233
8.248618585472851,0.7712455937538709,10.618097682297227
4.618266024307841,1.509638324125775,10.813935392588597
5.8931574740432175,0.032349990310994246,10.74790597534624
6.175601115980457,1.0242254697906212,10.78768212894266
3.8844689047073655,1.0685906549012847,10.863035312509094
6.022098282851456,0.7105104524016516,10.691127612286259
